Season_Code,Week_In_Year,Week_Start,Gate_ID,Terminal,Pier,Weekly_Movements,Avg_Daily_Occupancy_Hrs,Headroom_Hrs,Primary_Traffic
W24,1,2025-01-06,101,T1,Pier 1,64,4.6,12.4,International Short-Haul
W24,1,2025-01-06,102,T1,Pier 1,67,4.8,12.2,International Short-Haul
W24,1,2025-01-06,103,T1,Pier 1,64,4.6,12.4,International Short-Haul
W24,1,2025-01-06,104,T1,Pier 1,63,4.5,12.5,International Short-Haul
W24,1,2025-01-06,105,T1,Pier 1,73,5.2,11.8,International Short-Haul
W24,1,2025-01-06,106,T1,Pier 1,69,4.9,12.1,International Short-Haul
W24,1,2025-01-06,107,T1,Pier 1,70,5,12,International Short-Haul
W24,1,2025-01-06,108,T1,Pier 1,67,4.8,12.2,International Short-Haul
W24,1,2025-01-06,109,T1,Pier 1,73,5.2,11.8,International Short-Haul
W24,1,2025-01-06,110,T1,Pier 1,69,4.9,12.1,International Short-Haul
W24,1,2025-01-06,111,T1,Pier 1,70,5,12,International Short-Haul
W24,1,2025-01-06,112,T1,Pier 1,66,4.7,12.3,International Short-Haul
W24,1,2025-01-06,113,T1,Pier 1,73,5.2,11.8,International Short-Haul
W24,1,2025-01-06,114,T1,Pier 1,71,5.1,11.9,International Short-Haul
W24,1,2025-01-06,115,T1,Pier 1,71,5.1,11.9,International Short-Haul
W24,1,2025-01-06,116,T1,Pier 1,64,4.6,12.4,International Short-Haul
W24,1,2025-01-06,117,T1,Pier 1,66,4.7,12.3,International Short-Haul
W24,1,2025-01-06,118,T1,Pier 1,66,4.7,12.3,International Short-Haul
W24,1,2025-01-06,119,T1,Pier 1,66,4.7,12.3,International Short-Haul
W24,1,2025-01-06,201,T1,Pier 2,55,4.3,12.7,International Short-Haul
W24,1,2025-01-06,202,T1,Pier 2,48,3.8,13.2,International Short-Haul
W24,1,2025-01-06,203,T1,Pier 2,48,3.8,13.2,International Short-Haul
W24,1,2025-01-06,204,T1,Pier 2,51,4,13,International Short-Haul
W24,1,2025-01-06,205,T1,Pier 2,50,3.9,13.1,International Short-Haul
W24,1,2025-01-06,206,T1,Pier 2,50,3.9,13.1,International Short-Haul
W24,1,2025-01-06,207,T1,Pier 2,55,4.3,12.7,International Short-Haul
W24,1,2025-01-06,208,T1,Pier 2,52,4.1,12.9,International Short-Haul
W24,1,2025-01-06,209,T1,Pier 2,48,3.8,13.2,International Short-Haul
W24,1,2025-01-06,210,T1,Pier 2,52,4.1,12.9,International Short-Haul
W24,1,2025-01-06,211,T1,Pier 2,51,4,13,International Short-Haul
W24,1,2025-01-06,212,T1,Pier 2,50,3.9,13.1,International Short-Haul
W24,1,2025-01-06,213,T1,Pier 2,53,4.2,12.8,International Short-Haul
W24,1,2025-01-06,214,T1,Pier 2,53,4.2,12.8,International Short-Haul
W24,1,2025-01-06,301,T1,Pier 3,44,3.8,13.2,International Short-Haul
W24,1,2025-01-06,302,T1,Pier 3,44,3.8,13.2,International Short-Haul
W24,1,2025-01-06,303,T1,Pier 3,40,3.4,13.6,International Short-Haul
W24,1,2025-01-06,304,T1,Pier 3,47,4,13,International Short-Haul
W24,1,2025-01-06,305,T1,Pier 3,46,3.9,13.1,International Short-Haul
W24,1,2025-01-06,306,T1,Pier 3,46,3.9,13.1,International Short-Haul
W24,1,2025-01-06,307,T1,Pier 3,40,3.4,13.6,International Short-Haul
W24,1,2025-01-06,308,T1,Pier 3,47,4,13,International Short-Haul
W24,1,2025-01-06,309,T1,Pier 3,46,3.9,13.1,International Short-Haul
W24,1,2025-01-06,310,T1,Pier 3,46,3.9,13.1,International Short-Haul
W24,1,2025-01-06,311,T1,Pier 3,41,3.5,13.5,International Short-Haul
W24,1,2025-01-06,312,T1,Pier 3,46,3.9,13.1,International Short-Haul
W24,1,2025-01-06,313,T1,Pier 3,47,4,13,International Short-Haul
W24,1,2025-01-06,314,T1,Pier 3,44,3.8,13.2,International Short-Haul
W24,1,2025-01-06,315,T2,Pier 3,44,3.8,13.2,Transatlantic CBP
W24,1,2025-01-06,316,T2,Pier 3,47,4,13,Transatlantic CBP
W24,1,2025-01-06,317,T2,Pier 3,43,3.7,13.3,Transatlantic CBP
W24,1,2025-01-06,318,T2,Pier 3,44,3.8,13.2,Transatlantic CBP
W24,1,2025-01-06,319,T2,Pier 3,43,3.7,13.3,Transatlantic CBP
W24,1,2025-01-06,320,T2,Pier 3,47,4,13,Transatlantic CBP
W24,1,2025-01-06,321,T2,Pier 3,41,3.5,13.5,Transatlantic CBP
W24,1,2025-01-06,322,T2,Pier 3,43,3.7,13.3,Transatlantic CBP
W24,1,2025-01-06,323,T2,Pier 3,44,3.8,13.2,Transatlantic CBP
W24,1,2025-01-06,401,T2,Pier 4,37,6.3,10.7,Transatlantic CBP
W24,1,2025-01-06,402,T2,Pier 4,36,6.1,10.9,Transatlantic CBP
W24,1,2025-01-06,403,T2,Pier 4,37,6.4,10.6,Transatlantic CBP
W24,1,2025-01-06,404,T2,Pier 4,37,6.4,10.6,Transatlantic CBP
W24,1,2025-01-06,405,T2,Pier 4,33,5.6,11.4,Transatlantic CBP
W24,1,2025-01-06,406,T2,Pier 4,34,5.9,11.1,Transatlantic CBP
W24,1,2025-01-06,407,T2,Pier 4,32,5.5,11.5,Transatlantic CBP
W24,1,2025-01-06,408,T2,Pier 4,34,5.8,11.2,Transatlantic CBP
W24,1,2025-01-06,409,T2,Pier 4,35,6,11,Transatlantic CBP
W24,1,2025-01-06,410,T2,Pier 4,37,6.4,10.6,Transatlantic CBP
W24,1,2025-01-06,411,T2,Pier 4,37,6.3,10.7,Transatlantic CBP
W24,1,2025-01-06,412,T2,Pier 4,33,5.6,11.4,Transatlantic CBP
W24,1,2025-01-06,413,T2,Pier 4,33,5.6,11.4,Transatlantic CBP
W24,1,2025-01-06,414,T2,Pier 4,36,6.1,10.9,Transatlantic CBP
W24,1,2025-01-06,415,T2,Pier 4,35,6,11,Transatlantic CBP
W24,1,2025-01-06,416,T2,Pier 4,34,5.8,11.2,Transatlantic CBP
W24,1,2025-01-06,417,T2,Pier 4,37,6.4,10.6,Transatlantic CBP
W24,1,2025-01-06,418,T2,Pier 4,37,6.4,10.6,Transatlantic CBP
W24,1,2025-01-06,419,T2,Pier 4,34,5.9,11.1,Transatlantic CBP
W24,1,2025-01-06,420,T2,Pier 4,37,6.4,10.6,Transatlantic CBP
W24,1,2025-01-06,421,T2,Pier 4,34,5.9,11.1,Transatlantic CBP
W24,1,2025-01-06,422,T2,Pier 4,36,6.2,10.8,Transatlantic CBP
W24,1,2025-01-06,423,T2,Pier 4,35,6,11,Transatlantic CBP
W24,1,2025-01-06,424,T2,Pier 4,33,5.6,11.4,Transatlantic CBP
W24,1,2025-01-06,425,T2,Pier 4,37,6.4,10.6,Transatlantic CBP
W24,1,2025-01-06,426,T2,Pier 4,34,5.9,11.1,Transatlantic CBP
W24,1,2025-01-06,501,T2,Pier E,25,6.4,10.6,International Long-Haul
W24,1,2025-01-06,502,T2,Pier E,24,6.1,10.9,International Long-Haul
W24,1,2025-01-06,503,T2,Pier E,22,5.7,11.3,International Long-Haul
W24,1,2025-01-06,504,T2,Pier E,23,5.8,11.2,International Long-Haul
W24,1,2025-01-06,505,T2,Pier E,24,6.2,10.8,International Long-Haul
W24,1,2025-01-06,506,T2,Pier E,25,6.4,10.6,International Long-Haul
W24,1,2025-01-06,507,T2,Pier E,23,6,11,International Long-Haul
W24,1,2025-01-06,508,T2,Pier E,25,6.4,10.6,International Long-Haul
W24,1,2025-01-06,509,T2,Pier E,25,6.4,10.6,International Long-Haul
W24,1,2025-01-06,510,T2,Pier E,25,6.4,10.6,International Long-Haul
W24,1,2025-01-06,511,T2,Pier E,24,6.2,10.8,International Long-Haul
W24,1,2025-01-06,512,T2,Pier E,26,6.6,10.4,International Long-Haul
W24,1,2025-01-06,513,T2,Pier E,24,6.2,10.8,International Long-Haul
W24,1,2025-01-06,514,T2,Pier E,24,6.1,10.9,International Long-Haul
W24,1,2025-01-06,515,T2,Pier E,23,5.9,11.1,International Long-Haul
W24,1,2025-01-06,601,T1,Remote North,20,1.6,15.4,International Short-Haul
W24,1,2025-01-06,602,T1,Remote North,20,1.6,15.4,International Short-Haul
W24,1,2025-01-06,603,T1,Remote North,22,1.7,15.3,International Short-Haul
W24,1,2025-01-06,604,T1,Remote North,20,1.6,15.4,International Short-Haul
W24,1,2025-01-06,605,T1,Remote North,20,1.6,15.4,International Short-Haul
W24,1,2025-01-06,606,T1,Remote North,23,1.8,15.2,International Short-Haul
W24,1,2025-01-06,607,T1,Remote North,20,1.6,15.4,International Short-Haul
W24,1,2025-01-06,608,T1,Remote North,20,1.6,15.4,International Short-Haul
W24,1,2025-01-06,609,T1,Remote North,20,1.6,15.4,International Short-Haul
W24,1,2025-01-06,610,T1,Remote North,23,1.8,15.2,International Short-Haul
W24,1,2025-01-06,611,T1,Remote North,20,1.6,15.4,International Short-Haul
W24,1,2025-01-06,612,T1,Remote North,22,1.7,15.3,International Short-Haul
W24,1,2025-01-06,613,T1,Remote North,22,1.7,15.3,International Short-Haul
W24,1,2025-01-06,614,T1,Remote North,22,1.7,15.3,International Short-Haul
W24,1,2025-01-06,615,T1,Remote North,22,1.7,15.3,International Short-Haul
W24,1,2025-01-06,616,T1,Remote North,23,1.8,15.2,International Short-Haul
W24,1,2025-01-06,617,T1,Remote North,20,1.6,15.4,International Short-Haul
W24,1,2025-01-06,618,T1,Remote North,20,1.6,15.4,International Short-Haul
W24,1,2025-01-06,619,T1,Remote North,20,1.6,15.4,International Short-Haul
W24,1,2025-01-06,620,T1,Remote North,20,1.6,15.4,International Short-Haul
W24,1,2025-01-06,621,T1,Remote North,20,1.6,15.4,International Short-Haul
W24,1,2025-01-06,701,T1,Remote South,4,1.1,15.9,Cargo
W24,1,2025-01-06,702,T1,Remote South,4,1.1,15.9,Cargo
W24,1,2025-01-06,703,T1,Remote South,4,1.1,15.9,Cargo
W24,1,2025-01-06,704,T1,Remote South,4,1.1,15.9,Cargo
W24,1,2025-01-06,705,T1,Remote South,4,1.1,15.9,Cargo
W24,1,2025-01-06,706,T1,Remote South,4,1.1,15.9,Cargo
W24,1,2025-01-06,707,T1,Remote South,4,1,16,Cargo
W24,1,2025-01-06,708,T1,Remote South,4,1.1,15.9,Cargo
W24,1,2025-01-06,709,T1,Remote South,4,1,16,Cargo
W24,1,2025-01-06,710,T1,Remote South,4,1,16,Cargo
W24,1,2025-01-06,711,T1,Remote South,4,1.1,15.9,Cargo
W24,1,2025-01-06,712,T1,Remote South,4,1.2,15.8,Cargo
W24,2,2025-01-13,101,T1,Pier 1,71,5.1,11.9,International Short-Haul
W24,2,2025-01-13,102,T1,Pier 1,64,4.6,12.4,International Short-Haul
W24,2,2025-01-13,103,T1,Pier 1,73,5.2,11.8,International Short-Haul
W24,2,2025-01-13,104,T1,Pier 1,71,5.1,11.9,International Short-Haul
W24,2,2025-01-13,105,T1,Pier 1,70,5,12,International Short-Haul
W24,2,2025-01-13,106,T1,Pier 1,73,5.2,11.8,International Short-Haul
W24,2,2025-01-13,107,T1,Pier 1,67,4.8,12.2,International Short-Haul
W24,2,2025-01-13,108,T1,Pier 1,66,4.7,12.3,International Short-Haul
W24,2,2025-01-13,109,T1,Pier 1,69,4.9,12.1,International Short-Haul
W24,2,2025-01-13,110,T1,Pier 1,70,5,12,International Short-Haul
W24,2,2025-01-13,111,T1,Pier 1,69,4.9,12.1,International Short-Haul
W24,2,2025-01-13,112,T1,Pier 1,70,5,12,International Short-Haul
W24,2,2025-01-13,113,T1,Pier 1,74,5.3,11.7,International Short-Haul
W24,2,2025-01-13,114,T1,Pier 1,73,5.2,11.8,International Short-Haul
W24,2,2025-01-13,115,T1,Pier 1,73,5.2,11.8,International Short-Haul
W24,2,2025-01-13,116,T1,Pier 1,73,5.2,11.8,International Short-Haul
W24,2,2025-01-13,117,T1,Pier 1,74,5.3,11.7,International Short-Haul
W24,2,2025-01-13,118,T1,Pier 1,64,4.6,12.4,International Short-Haul
W24,2,2025-01-13,119,T1,Pier 1,66,4.7,12.3,International Short-Haul
W24,2,2025-01-13,201,T1,Pier 2,53,4.2,12.8,International Short-Haul
W24,2,2025-01-13,202,T1,Pier 2,56,4.4,12.6,International Short-Haul
W24,2,2025-01-13,203,T1,Pier 2,53,4.2,12.8,International Short-Haul
W24,2,2025-01-13,204,T1,Pier 2,55,4.3,12.7,International Short-Haul
W24,2,2025-01-13,205,T1,Pier 2,50,3.9,13.1,International Short-Haul
W24,2,2025-01-13,206,T1,Pier 2,51,4,13,International Short-Haul
W24,2,2025-01-13,207,T1,Pier 2,55,4.3,12.7,International Short-Haul
W24,2,2025-01-13,208,T1,Pier 2,50,3.9,13.1,International Short-Haul
W24,2,2025-01-13,209,T1,Pier 2,52,4.1,12.9,International Short-Haul
W24,2,2025-01-13,210,T1,Pier 2,51,4,13,International Short-Haul
W24,2,2025-01-13,211,T1,Pier 2,52,4.1,12.9,International Short-Haul
W24,2,2025-01-13,212,T1,Pier 2,55,4.3,12.7,International Short-Haul
W24,2,2025-01-13,213,T1,Pier 2,52,4.1,12.9,International Short-Haul
W24,2,2025-01-13,214,T1,Pier 2,53,4.2,12.8,International Short-Haul
W24,2,2025-01-13,301,T1,Pier 3,41,3.5,13.5,International Short-Haul
W24,2,2025-01-13,302,T1,Pier 3,47,4,13,International Short-Haul
W24,2,2025-01-13,303,T1,Pier 3,43,3.7,13.3,International Short-Haul
W24,2,2025-01-13,304,T1,Pier 3,46,3.9,13.1,International Short-Haul
W24,2,2025-01-13,305,T1,Pier 3,46,3.9,13.1,International Short-Haul
W24,2,2025-01-13,306,T1,Pier 3,42,3.6,13.4,International Short-Haul
W24,2,2025-01-13,307,T1,Pier 3,47,4,13,International Short-Haul
W24,2,2025-01-13,308,T1,Pier 3,44,3.8,13.2,International Short-Haul
W24,2,2025-01-13,309,T1,Pier 3,43,3.7,13.3,International Short-Haul
W24,2,2025-01-13,310,T1,Pier 3,42,3.6,13.4,International Short-Haul
W24,2,2025-01-13,311,T1,Pier 3,47,4,13,International Short-Haul
W24,2,2025-01-13,312,T1,Pier 3,46,3.9,13.1,International Short-Haul
W24,2,2025-01-13,313,T1,Pier 3,42,3.6,13.4,International Short-Haul
W24,2,2025-01-13,314,T1,Pier 3,43,3.7,13.3,International Short-Haul
W24,2,2025-01-13,315,T2,Pier 3,47,4,13,Transatlantic CBP
W24,2,2025-01-13,316,T2,Pier 3,46,3.9,13.1,Transatlantic CBP
W24,2,2025-01-13,317,T2,Pier 3,46,3.9,13.1,Transatlantic CBP
W24,2,2025-01-13,318,T2,Pier 3,43,3.7,13.3,Transatlantic CBP
W24,2,2025-01-13,319,T2,Pier 3,46,3.9,13.1,Transatlantic CBP
W24,2,2025-01-13,320,T2,Pier 3,43,3.7,13.3,Transatlantic CBP
W24,2,2025-01-13,321,T2,Pier 3,42,3.6,13.4,Transatlantic CBP
W24,2,2025-01-13,322,T2,Pier 3,44,3.8,13.2,Transatlantic CBP
W24,2,2025-01-13,323,T2,Pier 3,48,4.1,12.9,Transatlantic CBP
W24,2,2025-01-13,401,T2,Pier 4,34,5.9,11.1,Transatlantic CBP
W24,2,2025-01-13,402,T2,Pier 4,35,6,11,Transatlantic CBP
W24,2,2025-01-13,403,T2,Pier 4,37,6.3,10.7,Transatlantic CBP
W24,2,2025-01-13,404,T2,Pier 4,36,6.1,10.9,Transatlantic CBP
W24,2,2025-01-13,405,T2,Pier 4,37,6.4,10.6,Transatlantic CBP
W24,2,2025-01-13,406,T2,Pier 4,37,6.3,10.7,Transatlantic CBP
W24,2,2025-01-13,407,T2,Pier 4,33,5.7,11.3,Transatlantic CBP
W24,2,2025-01-13,408,T2,Pier 4,38,6.6,10.4,Transatlantic CBP
W24,2,2025-01-13,409,T2,Pier 4,37,6.3,10.7,Transatlantic CBP
W24,2,2025-01-13,410,T2,Pier 4,37,6.4,10.6,Transatlantic CBP
W24,2,2025-01-13,411,T2,Pier 4,36,6.2,10.8,Transatlantic CBP
W24,2,2025-01-13,412,T2,Pier 4,37,6.4,10.6,Transatlantic CBP
W24,2,2025-01-13,413,T2,Pier 4,33,5.7,11.3,Transatlantic CBP
W24,2,2025-01-13,414,T2,Pier 4,34,5.9,11.1,Transatlantic CBP
W24,2,2025-01-13,415,T2,Pier 4,38,6.5,10.5,Transatlantic CBP
W24,2,2025-01-13,416,T2,Pier 4,34,5.8,11.2,Transatlantic CBP
W24,2,2025-01-13,417,T2,Pier 4,33,5.7,11.3,Transatlantic CBP
W24,2,2025-01-13,418,T2,Pier 4,37,6.4,10.6,Transatlantic CBP
W24,2,2025-01-13,419,T2,Pier 4,37,6.4,10.6,Transatlantic CBP
W24,2,2025-01-13,420,T2,Pier 4,34,5.8,11.2,Transatlantic CBP
W24,2,2025-01-13,421,T2,Pier 4,37,6.4,10.6,Transatlantic CBP
W24,2,2025-01-13,422,T2,Pier 4,37,6.3,10.7,Transatlantic CBP
W24,2,2025-01-13,423,T2,Pier 4,36,6.1,10.9,Transatlantic CBP
W24,2,2025-01-13,424,T2,Pier 4,37,6.4,10.6,Transatlantic CBP
W24,2,2025-01-13,425,T2,Pier 4,35,6,11,Transatlantic CBP
W24,2,2025-01-13,426,T2,Pier 4,34,5.8,11.2,Transatlantic CBP
W24,2,2025-01-13,501,T2,Pier E,24,6.1,10.9,International Long-Haul
W24,2,2025-01-13,502,T2,Pier E,24,6.3,10.7,International Long-Haul
W24,2,2025-01-13,503,T2,Pier E,24,6.3,10.7,International Long-Haul
W24,2,2025-01-13,504,T2,Pier E,26,6.6,10.4,International Long-Haul
W24,2,2025-01-13,505,T2,Pier E,26,6.6,10.4,International Long-Haul
W24,2,2025-01-13,506,T2,Pier E,25,6.4,10.6,International Long-Haul
W24,2,2025-01-13,507,T2,Pier E,26,6.6,10.4,International Long-Haul
W24,2,2025-01-13,508,T2,Pier E,23,6,11,International Long-Haul
W24,2,2025-01-13,509,T2,Pier E,23,5.8,11.2,International Long-Haul
W24,2,2025-01-13,510,T2,Pier E,26,6.7,10.3,International Long-Haul
W24,2,2025-01-13,511,T2,Pier E,23,5.9,11.1,International Long-Haul
W24,2,2025-01-13,512,T2,Pier E,23,6,11,International Long-Haul
W24,2,2025-01-13,513,T2,Pier E,25,6.5,10.5,International Long-Haul
W24,2,2025-01-13,514,T2,Pier E,24,6.2,10.8,International Long-Haul
W24,2,2025-01-13,515,T2,Pier E,26,6.7,10.3,International Long-Haul
W24,2,2025-01-13,601,T1,Remote North,22,1.7,15.3,International Short-Haul
W24,2,2025-01-13,602,T1,Remote North,20,1.6,15.4,International Short-Haul
W24,2,2025-01-13,603,T1,Remote North,22,1.7,15.3,International Short-Haul
W24,2,2025-01-13,604,T1,Remote North,22,1.7,15.3,International Short-Haul
W24,2,2025-01-13,605,T1,Remote North,22,1.7,15.3,International Short-Haul
W24,2,2025-01-13,606,T1,Remote North,22,1.7,15.3,International Short-Haul
W24,2,2025-01-13,607,T1,Remote North,23,1.8,15.2,International Short-Haul
W24,2,2025-01-13,608,T1,Remote North,23,1.8,15.2,International Short-Haul
W24,2,2025-01-13,609,T1,Remote North,22,1.7,15.3,International Short-Haul
W24,2,2025-01-13,610,T1,Remote North,22,1.7,15.3,International Short-Haul
W24,2,2025-01-13,611,T1,Remote North,22,1.7,15.3,International Short-Haul
W24,2,2025-01-13,612,T1,Remote North,23,1.8,15.2,International Short-Haul
W24,2,2025-01-13,613,T1,Remote North,24,1.9,15.1,International Short-Haul
W24,2,2025-01-13,614,T1,Remote North,20,1.6,15.4,International Short-Haul
W24,2,2025-01-13,615,T1,Remote North,23,1.8,15.2,International Short-Haul
W24,2,2025-01-13,616,T1,Remote North,22,1.7,15.3,International Short-Haul
W24,2,2025-01-13,617,T1,Remote North,20,1.6,15.4,International Short-Haul
W24,2,2025-01-13,618,T1,Remote North,20,1.6,15.4,International Short-Haul
W24,2,2025-01-13,619,T1,Remote North,22,1.7,15.3,International Short-Haul
W24,2,2025-01-13,620,T1,Remote North,22,1.7,15.3,International Short-Haul
W24,2,2025-01-13,621,T1,Remote North,20,1.6,15.4,International Short-Haul
W24,2,2025-01-13,701,T1,Remote South,4,1.1,15.9,Cargo
W24,2,2025-01-13,702,T1,Remote South,4,1.1,15.9,Cargo
W24,2,2025-01-13,703,T1,Remote South,4,1.1,15.9,Cargo
W24,2,2025-01-13,704,T1,Remote South,4,1.1,15.9,Cargo
W24,2,2025-01-13,705,T1,Remote South,4,1,16,Cargo
W24,2,2025-01-13,706,T1,Remote South,4,1.1,15.9,Cargo
W24,2,2025-01-13,707,T1,Remote South,4,1.1,15.9,Cargo
W24,2,2025-01-13,708,T1,Remote South,4,1.1,15.9,Cargo
W24,2,2025-01-13,709,T1,Remote South,4,1,16,Cargo
W24,2,2025-01-13,710,T1,Remote South,4,1.1,15.9,Cargo
W24,2,2025-01-13,711,T1,Remote South,4,1,16,Cargo
W24,2,2025-01-13,712,T1,Remote South,4,1.1,15.9,Cargo
W24,3,2025-01-20,101,T1,Pier 1,73,5.2,11.8,International Short-Haul
W24,3,2025-01-20,102,T1,Pier 1,66,4.7,12.3,International Short-Haul
W24,3,2025-01-20,103,T1,Pier 1,70,5,12,International Short-Haul
W24,3,2025-01-20,104,T1,Pier 1,64,4.6,12.4,International Short-Haul
W24,3,2025-01-20,105,T1,Pier 1,71,5.1,11.9,International Short-Haul
W24,3,2025-01-20,106,T1,Pier 1,67,4.8,12.2,International Short-Haul
W24,3,2025-01-20,107,T1,Pier 1,70,5,12,International Short-Haul
W24,3,2025-01-20,108,T1,Pier 1,70,5,12,International Short-Haul
W24,3,2025-01-20,109,T1,Pier 1,74,5.3,11.7,International Short-Haul
W24,3,2025-01-20,110,T1,Pier 1,70,5,12,International Short-Haul
W24,3,2025-01-20,111,T1,Pier 1,71,5.1,11.9,International Short-Haul
W24,3,2025-01-20,112,T1,Pier 1,69,4.9,12.1,International Short-Haul
W24,3,2025-01-20,113,T1,Pier 1,76,5.4,11.6,International Short-Haul
W24,3,2025-01-20,114,T1,Pier 1,73,5.2,11.8,International Short-Haul
W24,3,2025-01-20,115,T1,Pier 1,67,4.8,12.2,International Short-Haul
W24,3,2025-01-20,116,T1,Pier 1,74,5.3,11.7,International Short-Haul
W24,3,2025-01-20,117,T1,Pier 1,69,4.9,12.1,International Short-Haul
W24,3,2025-01-20,118,T1,Pier 1,74,5.3,11.7,International Short-Haul
W24,3,2025-01-20,119,T1,Pier 1,73,5.2,11.8,International Short-Haul
W24,3,2025-01-20,201,T1,Pier 2,51,4,13,International Short-Haul
W24,3,2025-01-20,202,T1,Pier 2,56,4.4,12.6,International Short-Haul
W24,3,2025-01-20,203,T1,Pier 2,52,4.1,12.9,International Short-Haul
W24,3,2025-01-20,204,T1,Pier 2,52,4.1,12.9,International Short-Haul
W24,3,2025-01-20,205,T1,Pier 2,52,4.1,12.9,International Short-Haul
W24,3,2025-01-20,206,T1,Pier 2,56,4.4,12.6,International Short-Haul
W24,3,2025-01-20,207,T1,Pier 2,52,4.1,12.9,International Short-Haul
W24,3,2025-01-20,208,T1,Pier 2,50,3.9,13.1,International Short-Haul
W24,3,2025-01-20,209,T1,Pier 2,56,4.4,12.6,International Short-Haul
W24,3,2025-01-20,210,T1,Pier 2,51,4,13,International Short-Haul
W24,3,2025-01-20,211,T1,Pier 2,51,4,13,International Short-Haul
W24,3,2025-01-20,212,T1,Pier 2,52,4.1,12.9,International Short-Haul
W24,3,2025-01-20,213,T1,Pier 2,53,4.2,12.8,International Short-Haul
W24,3,2025-01-20,214,T1,Pier 2,53,4.2,12.8,International Short-Haul
W24,3,2025-01-20,301,T1,Pier 3,42,3.6,13.4,International Short-Haul
W24,3,2025-01-20,302,T1,Pier 3,48,4.1,12.9,International Short-Haul
W24,3,2025-01-20,303,T1,Pier 3,47,4,13,International Short-Haul
W24,3,2025-01-20,304,T1,Pier 3,43,3.7,13.3,International Short-Haul
W24,3,2025-01-20,305,T1,Pier 3,43,3.7,13.3,International Short-Haul
W24,3,2025-01-20,306,T1,Pier 3,44,3.8,13.2,International Short-Haul
W24,3,2025-01-20,307,T1,Pier 3,46,3.9,13.1,International Short-Haul
W24,3,2025-01-20,308,T1,Pier 3,42,3.6,13.4,International Short-Haul
W24,3,2025-01-20,309,T1,Pier 3,42,3.6,13.4,International Short-Haul
W24,3,2025-01-20,310,T1,Pier 3,48,4.1,12.9,International Short-Haul
W24,3,2025-01-20,311,T1,Pier 3,43,3.7,13.3,International Short-Haul
W24,3,2025-01-20,312,T1,Pier 3,44,3.8,13.2,International Short-Haul
W24,3,2025-01-20,313,T1,Pier 3,48,4.1,12.9,International Short-Haul
W24,3,2025-01-20,314,T1,Pier 3,46,3.9,13.1,International Short-Haul
W24,3,2025-01-20,315,T2,Pier 3,43,3.7,13.3,Transatlantic CBP
W24,3,2025-01-20,316,T2,Pier 3,46,3.9,13.1,Transatlantic CBP
W24,3,2025-01-20,317,T2,Pier 3,41,3.5,13.5,Transatlantic CBP
W24,3,2025-01-20,318,T2,Pier 3,47,4,13,Transatlantic CBP
W24,3,2025-01-20,319,T2,Pier 3,44,3.8,13.2,Transatlantic CBP
W24,3,2025-01-20,320,T2,Pier 3,47,4,13,Transatlantic CBP
W24,3,2025-01-20,321,T2,Pier 3,48,4.1,12.9,Transatlantic CBP
W24,3,2025-01-20,322,T2,Pier 3,48,4.1,12.9,Transatlantic CBP
W24,3,2025-01-20,323,T2,Pier 3,48,4.1,12.9,Transatlantic CBP
W24,3,2025-01-20,401,T2,Pier 4,36,6.2,10.8,Transatlantic CBP
W24,3,2025-01-20,402,T2,Pier 4,35,6,11,Transatlantic CBP
W24,3,2025-01-20,403,T2,Pier 4,36,6.1,10.9,Transatlantic CBP
W24,3,2025-01-20,404,T2,Pier 4,37,6.4,10.6,Transatlantic CBP
W24,3,2025-01-20,405,T2,Pier 4,38,6.6,10.4,Transatlantic CBP
W24,3,2025-01-20,406,T2,Pier 4,34,5.9,11.1,Transatlantic CBP
W24,3,2025-01-20,407,T2,Pier 4,38,6.6,10.4,Transatlantic CBP
W24,3,2025-01-20,408,T2,Pier 4,38,6.5,10.5,Transatlantic CBP
W24,3,2025-01-20,409,T2,Pier 4,39,6.7,10.3,Transatlantic CBP
W24,3,2025-01-20,410,T2,Pier 4,38,6.6,10.4,Transatlantic CBP
W24,3,2025-01-20,411,T2,Pier 4,35,6,11,Transatlantic CBP
W24,3,2025-01-20,412,T2,Pier 4,34,5.8,11.2,Transatlantic CBP
W24,3,2025-01-20,413,T2,Pier 4,34,5.8,11.2,Transatlantic CBP
W24,3,2025-01-20,414,T2,Pier 4,35,6,11,Transatlantic CBP
W24,3,2025-01-20,415,T2,Pier 4,37,6.3,10.7,Transatlantic CBP
W24,3,2025-01-20,416,T2,Pier 4,38,6.5,10.5,Transatlantic CBP
W24,3,2025-01-20,417,T2,Pier 4,38,6.6,10.4,Transatlantic CBP
W24,3,2025-01-20,418,T2,Pier 4,37,6.3,10.7,Transatlantic CBP
W24,3,2025-01-20,419,T2,Pier 4,33,5.7,11.3,Transatlantic CBP
W24,3,2025-01-20,420,T2,Pier 4,34,5.9,11.1,Transatlantic CBP
W24,3,2025-01-20,421,T2,Pier 4,34,5.8,11.2,Transatlantic CBP
W24,3,2025-01-20,422,T2,Pier 4,35,6,11,Transatlantic CBP
W24,3,2025-01-20,423,T2,Pier 4,36,6.2,10.8,Transatlantic CBP
W24,3,2025-01-20,424,T2,Pier 4,33,5.7,11.3,Transatlantic CBP
W24,3,2025-01-20,425,T2,Pier 4,35,6,11,Transatlantic CBP
W24,3,2025-01-20,426,T2,Pier 4,34,5.9,11.1,Transatlantic CBP
W24,3,2025-01-20,501,T2,Pier E,25,6.5,10.5,International Long-Haul
W24,3,2025-01-20,502,T2,Pier E,24,6.3,10.7,International Long-Haul
W24,3,2025-01-20,503,T2,Pier E,25,6.4,10.6,International Long-Haul
W24,3,2025-01-20,504,T2,Pier E,24,6.3,10.7,International Long-Haul
W24,3,2025-01-20,505,T2,Pier E,26,6.8,10.2,International Long-Haul
W24,3,2025-01-20,506,T2,Pier E,24,6.1,10.9,International Long-Haul
W24,3,2025-01-20,507,T2,Pier E,25,6.4,10.6,International Long-Haul
W24,3,2025-01-20,508,T2,Pier E,26,6.6,10.4,International Long-Haul
W24,3,2025-01-20,509,T2,Pier E,25,6.4,10.6,International Long-Haul
W24,3,2025-01-20,510,T2,Pier E,26,6.8,10.2,International Long-Haul
W24,3,2025-01-20,511,T2,Pier E,24,6.3,10.7,International Long-Haul
W24,3,2025-01-20,512,T2,Pier E,24,6.3,10.7,International Long-Haul
W24,3,2025-01-20,513,T2,Pier E,23,6,11,International Long-Haul
W24,3,2025-01-20,514,T2,Pier E,25,6.5,10.5,International Long-Haul
W24,3,2025-01-20,515,T2,Pier E,24,6.2,10.8,International Long-Haul
W24,3,2025-01-20,601,T1,Remote North,22,1.7,15.3,International Short-Haul
W24,3,2025-01-20,602,T1,Remote North,23,1.8,15.2,International Short-Haul
W24,3,2025-01-20,603,T1,Remote North,23,1.8,15.2,International Short-Haul
W24,3,2025-01-20,604,T1,Remote North,20,1.6,15.4,International Short-Haul
W24,3,2025-01-20,605,T1,Remote North,23,1.8,15.2,International Short-Haul
W24,3,2025-01-20,606,T1,Remote North,23,1.8,15.2,International Short-Haul
W24,3,2025-01-20,607,T1,Remote North,22,1.7,15.3,International Short-Haul
W24,3,2025-01-20,608,T1,Remote North,22,1.7,15.3,International Short-Haul
W24,3,2025-01-20,609,T1,Remote North,23,1.8,15.2,International Short-Haul
W24,3,2025-01-20,610,T1,Remote North,23,1.8,15.2,International Short-Haul
W24,3,2025-01-20,611,T1,Remote North,22,1.7,15.3,International Short-Haul
W24,3,2025-01-20,612,T1,Remote North,22,1.7,15.3,International Short-Haul
W24,3,2025-01-20,613,T1,Remote North,23,1.8,15.2,International Short-Haul
W24,3,2025-01-20,614,T1,Remote North,24,1.9,15.1,International Short-Haul
W24,3,2025-01-20,615,T1,Remote North,23,1.8,15.2,International Short-Haul
W24,3,2025-01-20,616,T1,Remote North,20,1.6,15.4,International Short-Haul
W24,3,2025-01-20,617,T1,Remote North,22,1.7,15.3,International Short-Haul
W24,3,2025-01-20,618,T1,Remote North,24,1.9,15.1,International Short-Haul
W24,3,2025-01-20,619,T1,Remote North,20,1.6,15.4,International Short-Haul
W24,3,2025-01-20,620,T1,Remote North,24,1.9,15.1,International Short-Haul
W24,3,2025-01-20,621,T1,Remote North,24,1.9,15.1,International Short-Haul
W24,3,2025-01-20,701,T1,Remote South,4,1,16,Cargo
W24,3,2025-01-20,702,T1,Remote South,4,1.2,15.8,Cargo
W24,3,2025-01-20,703,T1,Remote South,4,1.1,15.9,Cargo
W24,3,2025-01-20,704,T1,Remote South,4,1.2,15.8,Cargo
W24,3,2025-01-20,705,T1,Remote South,4,1.1,15.9,Cargo
W24,3,2025-01-20,706,T1,Remote South,4,1.1,15.9,Cargo
W24,3,2025-01-20,707,T1,Remote South,4,1.1,15.9,Cargo
W24,3,2025-01-20,708,T1,Remote South,4,1.2,15.8,Cargo
W24,3,2025-01-20,709,T1,Remote South,4,1,16,Cargo
W24,3,2025-01-20,710,T1,Remote South,4,1.1,15.9,Cargo
W24,3,2025-01-20,711,T1,Remote South,4,1.1,15.9,Cargo
W24,3,2025-01-20,712,T1,Remote South,4,1.1,15.9,Cargo
W24,4,2025-01-27,101,T1,Pier 1,69,4.9,12.1,International Short-Haul
W24,4,2025-01-27,102,T1,Pier 1,70,5,12,International Short-Haul
W24,4,2025-01-27,103,T1,Pier 1,69,4.9,12.1,International Short-Haul
W24,4,2025-01-27,104,T1,Pier 1,67,4.8,12.2,International Short-Haul
W24,4,2025-01-27,105,T1,Pier 1,67,4.8,12.2,International Short-Haul
W24,4,2025-01-27,106,T1,Pier 1,66,4.7,12.3,International Short-Haul
W24,4,2025-01-27,107,T1,Pier 1,70,5,12,International Short-Haul
W24,4,2025-01-27,108,T1,Pier 1,76,5.4,11.6,International Short-Haul
W24,4,2025-01-27,109,T1,Pier 1,67,4.8,12.2,International Short-Haul
W24,4,2025-01-27,110,T1,Pier 1,76,5.4,11.6,International Short-Haul
W24,4,2025-01-27,111,T1,Pier 1,74,5.3,11.7,International Short-Haul
W24,4,2025-01-27,112,T1,Pier 1,73,5.2,11.8,International Short-Haul
W24,4,2025-01-27,113,T1,Pier 1,73,5.2,11.8,International Short-Haul
W24,4,2025-01-27,114,T1,Pier 1,74,5.3,11.7,International Short-Haul
W24,4,2025-01-27,115,T1,Pier 1,67,4.8,12.2,International Short-Haul
W24,4,2025-01-27,116,T1,Pier 1,71,5.1,11.9,International Short-Haul
W24,4,2025-01-27,117,T1,Pier 1,73,5.2,11.8,International Short-Haul
W24,4,2025-01-27,118,T1,Pier 1,71,5.1,11.9,International Short-Haul
W24,4,2025-01-27,119,T1,Pier 1,74,5.3,11.7,International Short-Haul
W24,4,2025-01-27,201,T1,Pier 2,51,4,13,International Short-Haul
W24,4,2025-01-27,202,T1,Pier 2,56,4.4,12.6,International Short-Haul
W24,4,2025-01-27,203,T1,Pier 2,55,4.3,12.7,International Short-Haul
W24,4,2025-01-27,204,T1,Pier 2,53,4.2,12.8,International Short-Haul
W24,4,2025-01-27,205,T1,Pier 2,53,4.2,12.8,International Short-Haul
W24,4,2025-01-27,206,T1,Pier 2,56,4.4,12.6,International Short-Haul
W24,4,2025-01-27,207,T1,Pier 2,59,4.6,12.4,International Short-Haul
W24,4,2025-01-27,208,T1,Pier 2,55,4.3,12.7,International Short-Haul
W24,4,2025-01-27,209,T1,Pier 2,57,4.5,12.5,International Short-Haul
W24,4,2025-01-27,210,T1,Pier 2,53,4.2,12.8,International Short-Haul
W24,4,2025-01-27,211,T1,Pier 2,51,4,13,International Short-Haul
W24,4,2025-01-27,212,T1,Pier 2,51,4,13,International Short-Haul
W24,4,2025-01-27,213,T1,Pier 2,51,4,13,International Short-Haul
W24,4,2025-01-27,214,T1,Pier 2,53,4.2,12.8,International Short-Haul
W24,4,2025-01-27,301,T1,Pier 3,44,3.8,13.2,International Short-Haul
W24,4,2025-01-27,302,T1,Pier 3,47,4,13,International Short-Haul
W24,4,2025-01-27,303,T1,Pier 3,47,4,13,International Short-Haul
W24,4,2025-01-27,304,T1,Pier 3,42,3.6,13.4,International Short-Haul
W24,4,2025-01-27,305,T1,Pier 3,43,3.7,13.3,International Short-Haul
W24,4,2025-01-27,306,T1,Pier 3,43,3.7,13.3,International Short-Haul
W24,4,2025-01-27,307,T1,Pier 3,46,3.9,13.1,International Short-Haul
W24,4,2025-01-27,308,T1,Pier 3,43,3.7,13.3,International Short-Haul
W24,4,2025-01-27,309,T1,Pier 3,43,3.7,13.3,International Short-Haul
W24,4,2025-01-27,310,T1,Pier 3,49,4.2,12.8,International Short-Haul
W24,4,2025-01-27,311,T1,Pier 3,48,4.1,12.9,International Short-Haul
W24,4,2025-01-27,312,T1,Pier 3,43,3.7,13.3,International Short-Haul
W24,4,2025-01-27,313,T1,Pier 3,44,3.8,13.2,International Short-Haul
W24,4,2025-01-27,314,T1,Pier 3,44,3.8,13.2,International Short-Haul
W24,4,2025-01-27,315,T2,Pier 3,48,4.1,12.9,Transatlantic CBP
W24,4,2025-01-27,316,T2,Pier 3,46,3.9,13.1,Transatlantic CBP
W24,4,2025-01-27,317,T2,Pier 3,43,3.7,13.3,Transatlantic CBP
W24,4,2025-01-27,318,T2,Pier 3,47,4,13,Transatlantic CBP
W24,4,2025-01-27,319,T2,Pier 3,44,3.8,13.2,Transatlantic CBP
W24,4,2025-01-27,320,T2,Pier 3,43,3.7,13.3,Transatlantic CBP
W24,4,2025-01-27,321,T2,Pier 3,44,3.8,13.2,Transatlantic CBP
W24,4,2025-01-27,322,T2,Pier 3,46,3.9,13.1,Transatlantic CBP
W24,4,2025-01-27,323,T2,Pier 3,44,3.8,13.2,Transatlantic CBP
W24,4,2025-01-27,401,T2,Pier 4,35,6,11,Transatlantic CBP
W24,4,2025-01-27,402,T2,Pier 4,36,6.2,10.8,Transatlantic CBP
W24,4,2025-01-27,403,T2,Pier 4,34,5.8,11.2,Transatlantic CBP
W24,4,2025-01-27,404,T2,Pier 4,38,6.6,10.4,Transatlantic CBP
W24,4,2025-01-27,405,T2,Pier 4,34,5.9,11.1,Transatlantic CBP
W24,4,2025-01-27,406,T2,Pier 4,34,5.8,11.2,Transatlantic CBP
W24,4,2025-01-27,407,T2,Pier 4,37,6.4,10.6,Transatlantic CBP
W24,4,2025-01-27,408,T2,Pier 4,38,6.6,10.4,Transatlantic CBP
W24,4,2025-01-27,409,T2,Pier 4,38,6.6,10.4,Transatlantic CBP
W24,4,2025-01-27,410,T2,Pier 4,37,6.3,10.7,Transatlantic CBP
W24,4,2025-01-27,411,T2,Pier 4,35,6,11,Transatlantic CBP
W24,4,2025-01-27,412,T2,Pier 4,38,6.5,10.5,Transatlantic CBP
W24,4,2025-01-27,413,T2,Pier 4,38,6.5,10.5,Transatlantic CBP
W24,4,2025-01-27,414,T2,Pier 4,35,6,11,Transatlantic CBP
W24,4,2025-01-27,415,T2,Pier 4,39,6.7,10.3,Transatlantic CBP
W24,4,2025-01-27,416,T2,Pier 4,34,5.9,11.1,Transatlantic CBP
W24,4,2025-01-27,417,T2,Pier 4,40,6.8,10.2,Transatlantic CBP
W24,4,2025-01-27,418,T2,Pier 4,38,6.6,10.4,Transatlantic CBP
W24,4,2025-01-27,419,T2,Pier 4,38,6.5,10.5,Transatlantic CBP
W24,4,2025-01-27,420,T2,Pier 4,39,6.7,10.3,Transatlantic CBP
W24,4,2025-01-27,421,T2,Pier 4,38,6.5,10.5,Transatlantic CBP
W24,4,2025-01-27,422,T2,Pier 4,35,6,11,Transatlantic CBP
W24,4,2025-01-27,423,T2,Pier 4,36,6.2,10.8,Transatlantic CBP
W24,4,2025-01-27,424,T2,Pier 4,34,5.8,11.2,Transatlantic CBP
W24,4,2025-01-27,425,T2,Pier 4,36,6.2,10.8,Transatlantic CBP
W24,4,2025-01-27,426,T2,Pier 4,38,6.5,10.5,Transatlantic CBP
W24,4,2025-01-27,501,T2,Pier E,25,6.4,10.6,International Long-Haul
W24,4,2025-01-27,502,T2,Pier E,24,6.3,10.7,International Long-Haul
W24,4,2025-01-27,503,T2,Pier E,26,6.6,10.4,International Long-Haul
W24,4,2025-01-27,504,T2,Pier E,27,6.9,10.1,International Long-Haul
W24,4,2025-01-27,505,T2,Pier E,23,6,11,International Long-Haul
W24,4,2025-01-27,506,T2,Pier E,25,6.4,10.6,International Long-Haul
W24,4,2025-01-27,507,T2,Pier E,24,6.1,10.9,International Long-Haul
W24,4,2025-01-27,508,T2,Pier E,26,6.7,10.3,International Long-Haul
W24,4,2025-01-27,509,T2,Pier E,24,6.1,10.9,International Long-Haul
W24,4,2025-01-27,510,T2,Pier E,26,6.7,10.3,International Long-Haul
W24,4,2025-01-27,511,T2,Pier E,24,6.3,10.7,International Long-Haul
W24,4,2025-01-27,512,T2,Pier E,24,6.2,10.8,International Long-Haul
W24,4,2025-01-27,513,T2,Pier E,27,6.9,10.1,International Long-Haul
W24,4,2025-01-27,514,T2,Pier E,23,6,11,International Long-Haul
W24,4,2025-01-27,515,T2,Pier E,25,6.4,10.6,International Long-Haul
W24,4,2025-01-27,601,T1,Remote North,20,1.6,15.4,International Short-Haul
W24,4,2025-01-27,602,T1,Remote North,23,1.8,15.2,International Short-Haul
W24,4,2025-01-27,603,T1,Remote North,23,1.8,15.2,International Short-Haul
W24,4,2025-01-27,604,T1,Remote North,22,1.7,15.3,International Short-Haul
W24,4,2025-01-27,605,T1,Remote North,22,1.7,15.3,International Short-Haul
W24,4,2025-01-27,606,T1,Remote North,22,1.7,15.3,International Short-Haul
W24,4,2025-01-27,607,T1,Remote North,23,1.8,15.2,International Short-Haul
W24,4,2025-01-27,608,T1,Remote North,24,1.9,15.1,International Short-Haul
W24,4,2025-01-27,609,T1,Remote North,23,1.8,15.2,International Short-Haul
W24,4,2025-01-27,610,T1,Remote North,23,1.8,15.2,International Short-Haul
W24,4,2025-01-27,611,T1,Remote North,22,1.7,15.3,International Short-Haul
W24,4,2025-01-27,612,T1,Remote North,22,1.7,15.3,International Short-Haul
W24,4,2025-01-27,613,T1,Remote North,22,1.7,15.3,International Short-Haul
W24,4,2025-01-27,614,T1,Remote North,22,1.7,15.3,International Short-Haul
W24,4,2025-01-27,615,T1,Remote North,22,1.7,15.3,International Short-Haul
W24,4,2025-01-27,616,T1,Remote North,23,1.8,15.2,International Short-Haul
W24,4,2025-01-27,617,T1,Remote North,23,1.8,15.2,International Short-Haul
W24,4,2025-01-27,618,T1,Remote North,24,1.9,15.1,International Short-Haul
W24,4,2025-01-27,619,T1,Remote North,22,1.7,15.3,International Short-Haul
W24,4,2025-01-27,620,T1,Remote North,23,1.8,15.2,International Short-Haul
W24,4,2025-01-27,621,T1,Remote North,24,1.9,15.1,International Short-Haul
W24,4,2025-01-27,701,T1,Remote South,4,1.1,15.9,Cargo
W24,4,2025-01-27,702,T1,Remote South,4,1.1,15.9,Cargo
W24,4,2025-01-27,703,T1,Remote South,4,1.1,15.9,Cargo
W24,4,2025-01-27,704,T1,Remote South,4,1.1,15.9,Cargo
W24,4,2025-01-27,705,T1,Remote South,4,1.1,15.9,Cargo
W24,4,2025-01-27,706,T1,Remote South,4,1.2,15.8,Cargo
W24,4,2025-01-27,707,T1,Remote South,4,1.1,15.9,Cargo
W24,4,2025-01-27,708,T1,Remote South,4,1.1,15.9,Cargo
W24,4,2025-01-27,709,T1,Remote South,4,1.2,15.8,Cargo
W24,4,2025-01-27,710,T1,Remote South,4,1.2,15.8,Cargo
W24,4,2025-01-27,711,T1,Remote South,4,1.1,15.9,Cargo
W24,4,2025-01-27,712,T1,Remote South,4,1.2,15.8,Cargo
W24,5,2025-02-03,101,T1,Pier 1,71,5.1,11.9,International Short-Haul
W24,5,2025-02-03,102,T1,Pier 1,69,4.9,12.1,International Short-Haul
W24,5,2025-02-03,103,T1,Pier 1,71,5.1,11.9,International Short-Haul
W24,5,2025-02-03,104,T1,Pier 1,74,5.3,11.7,International Short-Haul
W24,5,2025-02-03,105,T1,Pier 1,78,5.6,11.4,International Short-Haul
W24,5,2025-02-03,106,T1,Pier 1,69,4.9,12.1,International Short-Haul
W24,5,2025-02-03,107,T1,Pier 1,73,5.2,11.8,International Short-Haul
W24,5,2025-02-03,108,T1,Pier 1,71,5.1,11.9,International Short-Haul
W24,5,2025-02-03,109,T1,Pier 1,73,5.2,11.8,International Short-Haul
W24,5,2025-02-03,110,T1,Pier 1,67,4.8,12.2,International Short-Haul
W24,5,2025-02-03,111,T1,Pier 1,71,5.1,11.9,International Short-Haul
W24,5,2025-02-03,112,T1,Pier 1,77,5.5,11.5,International Short-Haul
W24,5,2025-02-03,113,T1,Pier 1,74,5.3,11.7,International Short-Haul
W24,5,2025-02-03,114,T1,Pier 1,73,5.2,11.8,International Short-Haul
W24,5,2025-02-03,115,T1,Pier 1,70,5,12,International Short-Haul
W24,5,2025-02-03,116,T1,Pier 1,71,5.1,11.9,International Short-Haul
W24,5,2025-02-03,117,T1,Pier 1,71,5.1,11.9,International Short-Haul
W24,5,2025-02-03,118,T1,Pier 1,77,5.5,11.5,International Short-Haul
W24,5,2025-02-03,119,T1,Pier 1,78,5.6,11.4,International Short-Haul
W24,5,2025-02-03,201,T1,Pier 2,56,4.4,12.6,International Short-Haul
W24,5,2025-02-03,202,T1,Pier 2,56,4.4,12.6,International Short-Haul
W24,5,2025-02-03,203,T1,Pier 2,60,4.7,12.3,International Short-Haul
W24,5,2025-02-03,204,T1,Pier 2,56,4.4,12.6,International Short-Haul
W24,5,2025-02-03,205,T1,Pier 2,57,4.5,12.5,International Short-Haul
W24,5,2025-02-03,206,T1,Pier 2,53,4.2,12.8,International Short-Haul
W24,5,2025-02-03,207,T1,Pier 2,59,4.6,12.4,International Short-Haul
W24,5,2025-02-03,208,T1,Pier 2,57,4.5,12.5,International Short-Haul
W24,5,2025-02-03,209,T1,Pier 2,60,4.7,12.3,International Short-Haul
W24,5,2025-02-03,210,T1,Pier 2,59,4.6,12.4,International Short-Haul
W24,5,2025-02-03,211,T1,Pier 2,53,4.2,12.8,International Short-Haul
W24,5,2025-02-03,212,T1,Pier 2,59,4.6,12.4,International Short-Haul
W24,5,2025-02-03,213,T1,Pier 2,60,4.7,12.3,International Short-Haul
W24,5,2025-02-03,214,T1,Pier 2,55,4.3,12.7,International Short-Haul
W24,5,2025-02-03,301,T1,Pier 3,44,3.8,13.2,International Short-Haul
W24,5,2025-02-03,302,T1,Pier 3,43,3.7,13.3,International Short-Haul
W24,5,2025-02-03,303,T1,Pier 3,47,4,13,International Short-Haul
W24,5,2025-02-03,304,T1,Pier 3,46,3.9,13.1,International Short-Haul
W24,5,2025-02-03,305,T1,Pier 3,47,4,13,International Short-Haul
W24,5,2025-02-03,306,T1,Pier 3,44,3.8,13.2,International Short-Haul
W24,5,2025-02-03,307,T1,Pier 3,49,4.2,12.8,International Short-Haul
W24,5,2025-02-03,308,T1,Pier 3,46,3.9,13.1,International Short-Haul
W24,5,2025-02-03,309,T1,Pier 3,44,3.8,13.2,International Short-Haul
W24,5,2025-02-03,310,T1,Pier 3,47,4,13,International Short-Haul
W24,5,2025-02-03,311,T1,Pier 3,47,4,13,International Short-Haul
W24,5,2025-02-03,312,T1,Pier 3,44,3.8,13.2,International Short-Haul
W24,5,2025-02-03,313,T1,Pier 3,46,3.9,13.1,International Short-Haul
W24,5,2025-02-03,314,T1,Pier 3,44,3.8,13.2,International Short-Haul
W24,5,2025-02-03,315,T2,Pier 3,48,4.1,12.9,Transatlantic CBP
W24,5,2025-02-03,316,T2,Pier 3,49,4.2,12.8,Transatlantic CBP
W24,5,2025-02-03,317,T2,Pier 3,47,4,13,Transatlantic CBP
W24,5,2025-02-03,318,T2,Pier 3,48,4.1,12.9,Transatlantic CBP
W24,5,2025-02-03,319,T2,Pier 3,49,4.2,12.8,Transatlantic CBP
W24,5,2025-02-03,320,T2,Pier 3,44,3.8,13.2,Transatlantic CBP
W24,5,2025-02-03,321,T2,Pier 3,50,4.3,12.7,Transatlantic CBP
W24,5,2025-02-03,322,T2,Pier 3,49,4.2,12.8,Transatlantic CBP
W24,5,2025-02-03,323,T2,Pier 3,44,3.8,13.2,Transatlantic CBP
W24,5,2025-02-03,401,T2,Pier 4,36,6.1,10.9,Transatlantic CBP
W24,5,2025-02-03,402,T2,Pier 4,36,6.1,10.9,Transatlantic CBP
W24,5,2025-02-03,403,T2,Pier 4,36,6.1,10.9,Transatlantic CBP
W24,5,2025-02-03,404,T2,Pier 4,39,6.7,10.3,Transatlantic CBP
W24,5,2025-02-03,405,T2,Pier 4,37,6.4,10.6,Transatlantic CBP
W24,5,2025-02-03,406,T2,Pier 4,40,6.8,10.2,Transatlantic CBP
W24,5,2025-02-03,407,T2,Pier 4,39,6.7,10.3,Transatlantic CBP
W24,5,2025-02-03,408,T2,Pier 4,38,6.6,10.4,Transatlantic CBP
W24,5,2025-02-03,409,T2,Pier 4,39,6.7,10.3,Transatlantic CBP
W24,5,2025-02-03,410,T2,Pier 4,35,6,11,Transatlantic CBP
W24,5,2025-02-03,411,T2,Pier 4,37,6.3,10.7,Transatlantic CBP
W24,5,2025-02-03,412,T2,Pier 4,38,6.6,10.4,Transatlantic CBP
W24,5,2025-02-03,413,T2,Pier 4,35,6,11,Transatlantic CBP
W24,5,2025-02-03,414,T2,Pier 4,35,6,11,Transatlantic CBP
W24,5,2025-02-03,415,T2,Pier 4,40,6.8,10.2,Transatlantic CBP
W24,5,2025-02-03,416,T2,Pier 4,39,6.7,10.3,Transatlantic CBP
W24,5,2025-02-03,417,T2,Pier 4,36,6.2,10.8,Transatlantic CBP
W24,5,2025-02-03,418,T2,Pier 4,39,6.7,10.3,Transatlantic CBP
W24,5,2025-02-03,419,T2,Pier 4,40,6.8,10.2,Transatlantic CBP
W24,5,2025-02-03,420,T2,Pier 4,37,6.3,10.7,Transatlantic CBP
W24,5,2025-02-03,421,T2,Pier 4,35,6,11,Transatlantic CBP
W24,5,2025-02-03,422,T2,Pier 4,40,6.9,10.1,Transatlantic CBP
W24,5,2025-02-03,423,T2,Pier 4,37,6.3,10.7,Transatlantic CBP
W24,5,2025-02-03,424,T2,Pier 4,36,6.1,10.9,Transatlantic CBP
W24,5,2025-02-03,425,T2,Pier 4,38,6.5,10.5,Transatlantic CBP
W24,5,2025-02-03,426,T2,Pier 4,40,6.8,10.2,Transatlantic CBP
W24,5,2025-02-03,501,T2,Pier E,25,6.4,10.6,International Long-Haul
W24,5,2025-02-03,502,T2,Pier E,25,6.4,10.6,International Long-Haul
W24,5,2025-02-03,503,T2,Pier E,25,6.4,10.6,International Long-Haul
W24,5,2025-02-03,504,T2,Pier E,28,7.2,9.8,International Long-Haul
W24,5,2025-02-03,505,T2,Pier E,25,6.4,10.6,International Long-Haul
W24,5,2025-02-03,506,T2,Pier E,26,6.8,10.2,International Long-Haul
W24,5,2025-02-03,507,T2,Pier E,28,7.1,9.9,International Long-Haul
W24,5,2025-02-03,508,T2,Pier E,24,6.3,10.7,International Long-Haul
W24,5,2025-02-03,509,T2,Pier E,28,7.2,9.8,International Long-Haul
W24,5,2025-02-03,510,T2,Pier E,28,7.2,9.8,International Long-Haul
W24,5,2025-02-03,511,T2,Pier E,28,7.1,9.9,International Long-Haul
W24,5,2025-02-03,512,T2,Pier E,25,6.4,10.6,International Long-Haul
W24,5,2025-02-03,513,T2,Pier E,26,6.8,10.2,International Long-Haul
W24,5,2025-02-03,514,T2,Pier E,27,7,10,International Long-Haul
W24,5,2025-02-03,515,T2,Pier E,28,7.2,9.8,International Long-Haul
W24,5,2025-02-03,601,T1,Remote North,22,1.7,15.3,International Short-Haul
W24,5,2025-02-03,602,T1,Remote North,24,1.9,15.1,International Short-Haul
W24,5,2025-02-03,603,T1,Remote North,23,1.8,15.2,International Short-Haul
W24,5,2025-02-03,604,T1,Remote North,22,1.7,15.3,International Short-Haul
W24,5,2025-02-03,605,T1,Remote North,23,1.8,15.2,International Short-Haul
W24,5,2025-02-03,606,T1,Remote North,24,1.9,15.1,International Short-Haul
W24,5,2025-02-03,607,T1,Remote North,23,1.8,15.2,International Short-Haul
W24,5,2025-02-03,608,T1,Remote North,23,1.8,15.2,International Short-Haul
W24,5,2025-02-03,609,T1,Remote North,25,2,15,International Short-Haul
W24,5,2025-02-03,610,T1,Remote North,23,1.8,15.2,International Short-Haul
W24,5,2025-02-03,611,T1,Remote North,24,1.9,15.1,International Short-Haul
W24,5,2025-02-03,612,T1,Remote North,23,1.8,15.2,International Short-Haul
W24,5,2025-02-03,613,T1,Remote North,23,1.8,15.2,International Short-Haul
W24,5,2025-02-03,614,T1,Remote North,24,1.9,15.1,International Short-Haul
W24,5,2025-02-03,615,T1,Remote North,25,2,15,International Short-Haul
W24,5,2025-02-03,616,T1,Remote North,23,1.8,15.2,International Short-Haul
W24,5,2025-02-03,617,T1,Remote North,24,1.9,15.1,International Short-Haul
W24,5,2025-02-03,618,T1,Remote North,22,1.7,15.3,International Short-Haul
W24,5,2025-02-03,619,T1,Remote North,22,1.7,15.3,International Short-Haul
W24,5,2025-02-03,620,T1,Remote North,23,1.8,15.2,International Short-Haul
W24,5,2025-02-03,621,T1,Remote North,22,1.7,15.3,International Short-Haul
W24,5,2025-02-03,701,T1,Remote South,4,1.1,15.9,Cargo
W24,5,2025-02-03,702,T1,Remote South,4,1.2,15.8,Cargo
W24,5,2025-02-03,703,T1,Remote South,4,1.1,15.9,Cargo
W24,5,2025-02-03,704,T1,Remote South,4,1.1,15.9,Cargo
W24,5,2025-02-03,705,T1,Remote South,4,1.2,15.8,Cargo
W24,5,2025-02-03,706,T1,Remote South,4,1.2,15.8,Cargo
W24,5,2025-02-03,707,T1,Remote South,5,1.3,15.7,Cargo
W24,5,2025-02-03,708,T1,Remote South,4,1.2,15.8,Cargo
W24,5,2025-02-03,709,T1,Remote South,4,1.2,15.8,Cargo
W24,5,2025-02-03,710,T1,Remote South,5,1.3,15.7,Cargo
W24,5,2025-02-03,711,T1,Remote South,4,1.2,15.8,Cargo
W24,5,2025-02-03,712,T1,Remote South,4,1.1,15.9,Cargo
W24,6,2025-02-10,101,T1,Pier 1,70,5,12,International Short-Haul
W24,6,2025-02-10,102,T1,Pier 1,77,5.5,11.5,International Short-Haul
W24,6,2025-02-10,103,T1,Pier 1,76,5.4,11.6,International Short-Haul
W24,6,2025-02-10,104,T1,Pier 1,77,5.5,11.5,International Short-Haul
W24,6,2025-02-10,105,T1,Pier 1,77,5.5,11.5,International Short-Haul
W24,6,2025-02-10,106,T1,Pier 1,76,5.4,11.6,International Short-Haul
W24,6,2025-02-10,107,T1,Pier 1,80,5.7,11.3,International Short-Haul
W24,6,2025-02-10,108,T1,Pier 1,74,5.3,11.7,International Short-Haul
W24,6,2025-02-10,109,T1,Pier 1,70,5,12,International Short-Haul
W24,6,2025-02-10,110,T1,Pier 1,78,5.6,11.4,International Short-Haul
W24,6,2025-02-10,111,T1,Pier 1,71,5.1,11.9,International Short-Haul
W24,6,2025-02-10,112,T1,Pier 1,77,5.5,11.5,International Short-Haul
W24,6,2025-02-10,113,T1,Pier 1,80,5.7,11.3,International Short-Haul
W24,6,2025-02-10,114,T1,Pier 1,77,5.5,11.5,International Short-Haul
W24,6,2025-02-10,115,T1,Pier 1,76,5.4,11.6,International Short-Haul
W24,6,2025-02-10,116,T1,Pier 1,74,5.3,11.7,International Short-Haul
W24,6,2025-02-10,117,T1,Pier 1,73,5.2,11.8,International Short-Haul
W24,6,2025-02-10,118,T1,Pier 1,73,5.2,11.8,International Short-Haul
W24,6,2025-02-10,119,T1,Pier 1,76,5.4,11.6,International Short-Haul
W24,6,2025-02-10,201,T1,Pier 2,60,4.7,12.3,International Short-Haul
W24,6,2025-02-10,202,T1,Pier 2,59,4.6,12.4,International Short-Haul
W24,6,2025-02-10,203,T1,Pier 2,55,4.3,12.7,International Short-Haul
W24,6,2025-02-10,204,T1,Pier 2,57,4.5,12.5,International Short-Haul
W24,6,2025-02-10,205,T1,Pier 2,60,4.7,12.3,International Short-Haul
W24,6,2025-02-10,206,T1,Pier 2,57,4.5,12.5,International Short-Haul
W24,6,2025-02-10,207,T1,Pier 2,57,4.5,12.5,International Short-Haul
W24,6,2025-02-10,208,T1,Pier 2,60,4.7,12.3,International Short-Haul
W24,6,2025-02-10,209,T1,Pier 2,59,4.6,12.4,International Short-Haul
W24,6,2025-02-10,210,T1,Pier 2,56,4.4,12.6,International Short-Haul
W24,6,2025-02-10,211,T1,Pier 2,61,4.8,12.2,International Short-Haul
W24,6,2025-02-10,212,T1,Pier 2,55,4.3,12.7,International Short-Haul
W24,6,2025-02-10,213,T1,Pier 2,62,4.9,12.1,International Short-Haul
W24,6,2025-02-10,214,T1,Pier 2,53,4.2,12.8,International Short-Haul
W24,6,2025-02-10,301,T1,Pier 3,44,3.8,13.2,International Short-Haul
W24,6,2025-02-10,302,T1,Pier 3,50,4.3,12.7,International Short-Haul
W24,6,2025-02-10,303,T1,Pier 3,46,3.9,13.1,International Short-Haul
W24,6,2025-02-10,304,T1,Pier 3,49,4.2,12.8,International Short-Haul
W24,6,2025-02-10,305,T1,Pier 3,50,4.3,12.7,International Short-Haul
W24,6,2025-02-10,306,T1,Pier 3,50,4.3,12.7,International Short-Haul
W24,6,2025-02-10,307,T1,Pier 3,51,4.4,12.6,International Short-Haul
W24,6,2025-02-10,308,T1,Pier 3,46,3.9,13.1,International Short-Haul
W24,6,2025-02-10,309,T1,Pier 3,49,4.2,12.8,International Short-Haul
W24,6,2025-02-10,310,T1,Pier 3,44,3.8,13.2,International Short-Haul
W24,6,2025-02-10,311,T1,Pier 3,47,4,13,International Short-Haul
W24,6,2025-02-10,312,T1,Pier 3,50,4.3,12.7,International Short-Haul
W24,6,2025-02-10,313,T1,Pier 3,47,4,13,International Short-Haul
W24,6,2025-02-10,314,T1,Pier 3,48,4.1,12.9,International Short-Haul
W24,6,2025-02-10,315,T2,Pier 3,48,4.1,12.9,Transatlantic CBP
W24,6,2025-02-10,316,T2,Pier 3,49,4.2,12.8,Transatlantic CBP
W24,6,2025-02-10,317,T2,Pier 3,51,4.4,12.6,Transatlantic CBP
W24,6,2025-02-10,318,T2,Pier 3,44,3.8,13.2,Transatlantic CBP
W24,6,2025-02-10,319,T2,Pier 3,48,4.1,12.9,Transatlantic CBP
W24,6,2025-02-10,320,T2,Pier 3,50,4.3,12.7,Transatlantic CBP
W24,6,2025-02-10,321,T2,Pier 3,48,4.1,12.9,Transatlantic CBP
W24,6,2025-02-10,322,T2,Pier 3,44,3.8,13.2,Transatlantic CBP
W24,6,2025-02-10,323,T2,Pier 3,48,4.1,12.9,Transatlantic CBP
W24,6,2025-02-10,401,T2,Pier 4,37,6.4,10.6,Transatlantic CBP
W24,6,2025-02-10,402,T2,Pier 4,36,6.2,10.8,Transatlantic CBP
W24,6,2025-02-10,403,T2,Pier 4,40,6.9,10.1,Transatlantic CBP
W24,6,2025-02-10,404,T2,Pier 4,38,6.6,10.4,Transatlantic CBP
W24,6,2025-02-10,405,T2,Pier 4,41,7,10,Transatlantic CBP
W24,6,2025-02-10,406,T2,Pier 4,40,6.9,10.1,Transatlantic CBP
W24,6,2025-02-10,407,T2,Pier 4,40,6.8,10.2,Transatlantic CBP
W24,6,2025-02-10,408,T2,Pier 4,35,6,11,Transatlantic CBP
W24,6,2025-02-10,409,T2,Pier 4,38,6.5,10.5,Transatlantic CBP
W24,6,2025-02-10,410,T2,Pier 4,37,6.3,10.7,Transatlantic CBP
W24,6,2025-02-10,411,T2,Pier 4,41,7,10,Transatlantic CBP
W24,6,2025-02-10,412,T2,Pier 4,36,6.2,10.8,Transatlantic CBP
W24,6,2025-02-10,413,T2,Pier 4,37,6.3,10.7,Transatlantic CBP
W24,6,2025-02-10,414,T2,Pier 4,38,6.6,10.4,Transatlantic CBP
W24,6,2025-02-10,415,T2,Pier 4,37,6.3,10.7,Transatlantic CBP
W24,6,2025-02-10,416,T2,Pier 4,37,6.3,10.7,Transatlantic CBP
W24,6,2025-02-10,417,T2,Pier 4,39,6.7,10.3,Transatlantic CBP
W24,6,2025-02-10,418,T2,Pier 4,36,6.1,10.9,Transatlantic CBP
W24,6,2025-02-10,419,T2,Pier 4,36,6.1,10.9,Transatlantic CBP
W24,6,2025-02-10,420,T2,Pier 4,37,6.4,10.6,Transatlantic CBP
W24,6,2025-02-10,421,T2,Pier 4,40,6.8,10.2,Transatlantic CBP
W24,6,2025-02-10,422,T2,Pier 4,38,6.6,10.4,Transatlantic CBP
W24,6,2025-02-10,423,T2,Pier 4,38,6.5,10.5,Transatlantic CBP
W24,6,2025-02-10,424,T2,Pier 4,38,6.6,10.4,Transatlantic CBP
W24,6,2025-02-10,425,T2,Pier 4,37,6.4,10.6,Transatlantic CBP
W24,6,2025-02-10,426,T2,Pier 4,41,7,10,Transatlantic CBP
W24,6,2025-02-10,501,T2,Pier E,24,6.3,10.7,International Long-Haul
W24,6,2025-02-10,502,T2,Pier E,27,7,10,International Long-Haul
W24,6,2025-02-10,503,T2,Pier E,28,7.2,9.8,International Long-Haul
W24,6,2025-02-10,504,T2,Pier E,28,7.1,9.9,International Long-Haul
W24,6,2025-02-10,505,T2,Pier E,25,6.4,10.6,International Long-Haul
W24,6,2025-02-10,506,T2,Pier E,26,6.6,10.4,International Long-Haul
W24,6,2025-02-10,507,T2,Pier E,27,7,10,International Long-Haul
W24,6,2025-02-10,508,T2,Pier E,24,6.3,10.7,International Long-Haul
W24,6,2025-02-10,509,T2,Pier E,28,7.1,9.9,International Long-Haul
W24,6,2025-02-10,510,T2,Pier E,27,7,10,International Long-Haul
W24,6,2025-02-10,511,T2,Pier E,27,7,10,International Long-Haul
W24,6,2025-02-10,512,T2,Pier E,24,6.3,10.7,International Long-Haul
W24,6,2025-02-10,513,T2,Pier E,27,7,10,International Long-Haul
W24,6,2025-02-10,514,T2,Pier E,27,7,10,International Long-Haul
W24,6,2025-02-10,515,T2,Pier E,28,7.1,9.9,International Long-Haul
W24,6,2025-02-10,601,T1,Remote North,22,1.7,15.3,International Short-Haul
W24,6,2025-02-10,602,T1,Remote North,22,1.7,15.3,International Short-Haul
W24,6,2025-02-10,603,T1,Remote North,23,1.8,15.2,International Short-Haul
W24,6,2025-02-10,604,T1,Remote North,23,1.8,15.2,International Short-Haul
W24,6,2025-02-10,605,T1,Remote North,24,1.9,15.1,International Short-Haul
W24,6,2025-02-10,606,T1,Remote North,25,2,15,International Short-Haul
W24,6,2025-02-10,607,T1,Remote North,23,1.8,15.2,International Short-Haul
W24,6,2025-02-10,608,T1,Remote North,25,2,15,International Short-Haul
W24,6,2025-02-10,609,T1,Remote North,22,1.7,15.3,International Short-Haul
W24,6,2025-02-10,610,T1,Remote North,23,1.8,15.2,International Short-Haul
W24,6,2025-02-10,611,T1,Remote North,22,1.7,15.3,International Short-Haul
W24,6,2025-02-10,612,T1,Remote North,23,1.8,15.2,International Short-Haul
W24,6,2025-02-10,613,T1,Remote North,25,2,15,International Short-Haul
W24,6,2025-02-10,614,T1,Remote North,22,1.7,15.3,International Short-Haul
W24,6,2025-02-10,615,T1,Remote North,24,1.9,15.1,International Short-Haul
W24,6,2025-02-10,616,T1,Remote North,23,1.8,15.2,International Short-Haul
W24,6,2025-02-10,617,T1,Remote North,25,2,15,International Short-Haul
W24,6,2025-02-10,618,T1,Remote North,22,1.7,15.3,International Short-Haul
W24,6,2025-02-10,619,T1,Remote North,23,1.8,15.2,International Short-Haul
W24,6,2025-02-10,620,T1,Remote North,22,1.7,15.3,International Short-Haul
W24,6,2025-02-10,621,T1,Remote North,23,1.8,15.2,International Short-Haul
W24,6,2025-02-10,701,T1,Remote South,4,1.1,15.9,Cargo
W24,6,2025-02-10,702,T1,Remote South,5,1.3,15.7,Cargo
W24,6,2025-02-10,703,T1,Remote South,4,1.2,15.8,Cargo
W24,6,2025-02-10,704,T1,Remote South,4,1.2,15.8,Cargo
W24,6,2025-02-10,705,T1,Remote South,4,1.2,15.8,Cargo
W24,6,2025-02-10,706,T1,Remote South,4,1.1,15.9,Cargo
W24,6,2025-02-10,707,T1,Remote South,4,1.2,15.8,Cargo
W24,6,2025-02-10,708,T1,Remote South,5,1.3,15.7,Cargo
W24,6,2025-02-10,709,T1,Remote South,5,1.3,15.7,Cargo
W24,6,2025-02-10,710,T1,Remote South,5,1.3,15.7,Cargo
W24,6,2025-02-10,711,T1,Remote South,5,1.3,15.7,Cargo
W24,6,2025-02-10,712,T1,Remote South,4,1.1,15.9,Cargo
W24,7,2025-02-17,101,T1,Pier 1,85,6.1,10.9,International Short-Haul
W24,7,2025-02-17,102,T1,Pier 1,83,5.9,11.1,International Short-Haul
W24,7,2025-02-17,103,T1,Pier 1,87,6.2,10.8,International Short-Haul
W24,7,2025-02-17,104,T1,Pier 1,84,6,11,International Short-Haul
W24,7,2025-02-17,105,T1,Pier 1,90,6.4,10.6,International Short-Haul
W24,7,2025-02-17,106,T1,Pier 1,92,6.6,10.4,International Short-Haul
W24,7,2025-02-17,107,T1,Pier 1,95,6.8,10.2,International Short-Haul
W24,7,2025-02-17,108,T1,Pier 1,94,6.7,10.3,International Short-Haul
W24,7,2025-02-17,109,T1,Pier 1,95,6.8,10.2,International Short-Haul
W24,7,2025-02-17,110,T1,Pier 1,83,5.9,11.1,International Short-Haul
W24,7,2025-02-17,111,T1,Pier 1,83,5.9,11.1,International Short-Haul
W24,7,2025-02-17,112,T1,Pier 1,92,6.6,10.4,International Short-Haul
W24,7,2025-02-17,113,T1,Pier 1,87,6.2,10.8,International Short-Haul
W24,7,2025-02-17,114,T1,Pier 1,85,6.1,10.9,International Short-Haul
W24,7,2025-02-17,115,T1,Pier 1,87,6.2,10.8,International Short-Haul
W24,7,2025-02-17,116,T1,Pier 1,87,6.2,10.8,International Short-Haul
W24,7,2025-02-17,117,T1,Pier 1,90,6.4,10.6,International Short-Haul
W24,7,2025-02-17,118,T1,Pier 1,88,6.3,10.7,International Short-Haul
W24,7,2025-02-17,119,T1,Pier 1,90,6.4,10.6,International Short-Haul
W24,7,2025-02-17,201,T1,Pier 2,71,5.6,11.4,International Short-Haul
W24,7,2025-02-17,202,T1,Pier 2,67,5.3,11.7,International Short-Haul
W24,7,2025-02-17,203,T1,Pier 2,66,5.2,11.8,International Short-Haul
W24,7,2025-02-17,204,T1,Pier 2,65,5.1,11.9,International Short-Haul
W24,7,2025-02-17,205,T1,Pier 2,67,5.3,11.7,International Short-Haul
W24,7,2025-02-17,206,T1,Pier 2,71,5.6,11.4,International Short-Haul
W24,7,2025-02-17,207,T1,Pier 2,73,5.7,11.3,International Short-Haul
W24,7,2025-02-17,208,T1,Pier 2,71,5.6,11.4,International Short-Haul
W24,7,2025-02-17,209,T1,Pier 2,66,5.2,11.8,International Short-Haul
W24,7,2025-02-17,210,T1,Pier 2,70,5.5,11.5,International Short-Haul
W24,7,2025-02-17,211,T1,Pier 2,70,5.5,11.5,International Short-Haul
W24,7,2025-02-17,212,T1,Pier 2,69,5.4,11.6,International Short-Haul
W24,7,2025-02-17,213,T1,Pier 2,70,5.5,11.5,International Short-Haul
W24,7,2025-02-17,214,T1,Pier 2,69,5.4,11.6,International Short-Haul
W24,7,2025-02-17,301,T1,Pier 3,58,5,12,International Short-Haul
W24,7,2025-02-17,302,T1,Pier 3,60,5.1,11.9,International Short-Haul
W24,7,2025-02-17,303,T1,Pier 3,54,4.6,12.4,International Short-Haul
W24,7,2025-02-17,304,T1,Pier 3,60,5.1,11.9,International Short-Haul
W24,7,2025-02-17,305,T1,Pier 3,54,4.6,12.4,International Short-Haul
W24,7,2025-02-17,306,T1,Pier 3,54,4.6,12.4,International Short-Haul
W24,7,2025-02-17,307,T1,Pier 3,62,5.3,11.7,International Short-Haul
W24,7,2025-02-17,308,T1,Pier 3,62,5.3,11.7,International Short-Haul
W24,7,2025-02-17,309,T1,Pier 3,54,4.6,12.4,International Short-Haul
W24,7,2025-02-17,310,T1,Pier 3,57,4.9,12.1,International Short-Haul
W24,7,2025-02-17,311,T1,Pier 3,55,4.7,12.3,International Short-Haul
W24,7,2025-02-17,312,T1,Pier 3,57,4.9,12.1,International Short-Haul
W24,7,2025-02-17,313,T1,Pier 3,61,5.2,11.8,International Short-Haul
W24,7,2025-02-17,314,T1,Pier 3,62,5.3,11.7,International Short-Haul
W24,7,2025-02-17,315,T2,Pier 3,58,5,12,Transatlantic CBP
W24,7,2025-02-17,316,T2,Pier 3,56,4.8,12.2,Transatlantic CBP
W24,7,2025-02-17,317,T2,Pier 3,58,5,12,Transatlantic CBP
W24,7,2025-02-17,318,T2,Pier 3,56,4.8,12.2,Transatlantic CBP
W24,7,2025-02-17,319,T2,Pier 3,61,5.2,11.8,Transatlantic CBP
W24,7,2025-02-17,320,T2,Pier 3,61,5.2,11.8,Transatlantic CBP
W24,7,2025-02-17,321,T2,Pier 3,58,5,12,Transatlantic CBP
W24,7,2025-02-17,322,T2,Pier 3,56,4.8,12.2,Transatlantic CBP
W24,7,2025-02-17,323,T2,Pier 3,55,4.7,12.3,Transatlantic CBP
W24,7,2025-02-17,401,T2,Pier 4,43,7.3,9.7,Transatlantic CBP
W24,7,2025-02-17,402,T2,Pier 4,48,8.3,8.7,Transatlantic CBP
W24,7,2025-02-17,403,T2,Pier 4,46,7.9,9.1,Transatlantic CBP
W24,7,2025-02-17,404,T2,Pier 4,45,7.7,9.3,Transatlantic CBP
W24,7,2025-02-17,405,T2,Pier 4,46,7.9,9.1,Transatlantic CBP
W24,7,2025-02-17,406,T2,Pier 4,48,8.3,8.7,Transatlantic CBP
W24,7,2025-02-17,407,T2,Pier 4,43,7.4,9.6,Transatlantic CBP
W24,7,2025-02-17,408,T2,Pier 4,49,8.4,8.6,Transatlantic CBP
W24,7,2025-02-17,409,T2,Pier 4,49,8.4,8.6,Transatlantic CBP
W24,7,2025-02-17,410,T2,Pier 4,50,8.5,8.5,Transatlantic CBP
W24,7,2025-02-17,411,T2,Pier 4,46,7.8,9.2,Transatlantic CBP
W24,7,2025-02-17,412,T2,Pier 4,44,7.6,9.4,Transatlantic CBP
W24,7,2025-02-17,413,T2,Pier 4,46,7.8,9.2,Transatlantic CBP
W24,7,2025-02-17,414,T2,Pier 4,45,7.7,9.3,Transatlantic CBP
W24,7,2025-02-17,415,T2,Pier 4,44,7.5,9.5,Transatlantic CBP
W24,7,2025-02-17,416,T2,Pier 4,47,8.1,8.9,Transatlantic CBP
W24,7,2025-02-17,417,T2,Pier 4,46,7.9,9.1,Transatlantic CBP
W24,7,2025-02-17,418,T2,Pier 4,49,8.4,8.6,Transatlantic CBP
W24,7,2025-02-17,419,T2,Pier 4,43,7.3,9.7,Transatlantic CBP
W24,7,2025-02-17,420,T2,Pier 4,47,8.1,8.9,Transatlantic CBP
W24,7,2025-02-17,421,T2,Pier 4,48,8.3,8.7,Transatlantic CBP
W24,7,2025-02-17,422,T2,Pier 4,48,8.3,8.7,Transatlantic CBP
W24,7,2025-02-17,423,T2,Pier 4,49,8.4,8.6,Transatlantic CBP
W24,7,2025-02-17,424,T2,Pier 4,48,8.2,8.8,Transatlantic CBP
W24,7,2025-02-17,425,T2,Pier 4,50,8.5,8.5,Transatlantic CBP
W24,7,2025-02-17,426,T2,Pier 4,45,7.7,9.3,Transatlantic CBP
W24,7,2025-02-17,501,T2,Pier E,32,8.2,8.8,International Long-Haul
W24,7,2025-02-17,502,T2,Pier E,29,7.5,9.5,International Long-Haul
W24,7,2025-02-17,503,T2,Pier E,29,7.5,9.5,International Long-Haul
W24,7,2025-02-17,504,T2,Pier E,30,7.8,9.2,International Long-Haul
W24,7,2025-02-17,505,T2,Pier E,30,7.7,9.3,International Long-Haul
W24,7,2025-02-17,506,T2,Pier E,31,7.9,9.1,International Long-Haul
W24,7,2025-02-17,507,T2,Pier E,30,7.8,9.2,International Long-Haul
W24,7,2025-02-17,508,T2,Pier E,30,7.6,9.4,International Long-Haul
W24,7,2025-02-17,509,T2,Pier E,34,8.7,8.3,International Long-Haul
W24,7,2025-02-17,510,T2,Pier E,29,7.5,9.5,International Long-Haul
W24,7,2025-02-17,511,T2,Pier E,33,8.5,8.5,International Long-Haul
W24,7,2025-02-17,512,T2,Pier E,30,7.7,9.3,International Long-Haul
W24,7,2025-02-17,513,T2,Pier E,34,8.7,8.3,International Long-Haul
W24,7,2025-02-17,514,T2,Pier E,34,8.7,8.3,International Long-Haul
W24,7,2025-02-17,515,T2,Pier E,33,8.4,8.6,International Long-Haul
W24,7,2025-02-17,601,T1,Remote North,29,2.3,14.7,International Short-Haul
W24,7,2025-02-17,602,T1,Remote North,27,2.1,14.9,International Short-Haul
W24,7,2025-02-17,603,T1,Remote North,31,2.4,14.6,International Short-Haul
W24,7,2025-02-17,604,T1,Remote North,31,2.4,14.6,International Short-Haul
W24,7,2025-02-17,605,T1,Remote North,31,2.4,14.6,International Short-Haul
W24,7,2025-02-17,606,T1,Remote North,29,2.3,14.7,International Short-Haul
W24,7,2025-02-17,607,T1,Remote North,28,2.2,14.8,International Short-Haul
W24,7,2025-02-17,608,T1,Remote North,31,2.4,14.6,International Short-Haul
W24,7,2025-02-17,609,T1,Remote North,28,2.2,14.8,International Short-Haul
W24,7,2025-02-17,610,T1,Remote North,29,2.3,14.7,International Short-Haul
W24,7,2025-02-17,611,T1,Remote North,27,2.1,14.9,International Short-Haul
W24,7,2025-02-17,612,T1,Remote North,31,2.4,14.6,International Short-Haul
W24,7,2025-02-17,613,T1,Remote North,27,2.1,14.9,International Short-Haul
W24,7,2025-02-17,614,T1,Remote North,27,2.1,14.9,International Short-Haul
W24,7,2025-02-17,615,T1,Remote North,29,2.3,14.7,International Short-Haul
W24,7,2025-02-17,616,T1,Remote North,29,2.3,14.7,International Short-Haul
W24,7,2025-02-17,617,T1,Remote North,29,2.3,14.7,International Short-Haul
W24,7,2025-02-17,618,T1,Remote North,27,2.1,14.9,International Short-Haul
W24,7,2025-02-17,619,T1,Remote North,27,2.1,14.9,International Short-Haul
W24,7,2025-02-17,620,T1,Remote North,29,2.3,14.7,International Short-Haul
W24,7,2025-02-17,621,T1,Remote North,31,2.4,14.6,International Short-Haul
W24,7,2025-02-17,701,T1,Remote South,5,1.5,15.5,Cargo
W24,7,2025-02-17,702,T1,Remote South,5,1.4,15.6,Cargo
W24,7,2025-02-17,703,T1,Remote South,5,1.5,15.5,Cargo
W24,7,2025-02-17,704,T1,Remote South,5,1.4,15.6,Cargo
W24,7,2025-02-17,705,T1,Remote South,5,1.4,15.6,Cargo
W24,7,2025-02-17,706,T1,Remote South,5,1.4,15.6,Cargo
W24,7,2025-02-17,707,T1,Remote South,5,1.4,15.6,Cargo
W24,7,2025-02-17,708,T1,Remote South,5,1.5,15.5,Cargo
W24,7,2025-02-17,709,T1,Remote South,5,1.4,15.6,Cargo
W24,7,2025-02-17,710,T1,Remote South,5,1.4,15.6,Cargo
W24,7,2025-02-17,711,T1,Remote South,5,1.4,15.6,Cargo
W24,7,2025-02-17,712,T1,Remote South,5,1.3,15.7,Cargo
W24,8,2025-02-24,101,T1,Pier 1,80,5.7,11.3,International Short-Haul
W24,8,2025-02-24,102,T1,Pier 1,76,5.4,11.6,International Short-Haul
W24,8,2025-02-24,103,T1,Pier 1,74,5.3,11.7,International Short-Haul
W24,8,2025-02-24,104,T1,Pier 1,81,5.8,11.2,International Short-Haul
W24,8,2025-02-24,105,T1,Pier 1,81,5.8,11.2,International Short-Haul
W24,8,2025-02-24,106,T1,Pier 1,81,5.8,11.2,International Short-Haul
W24,8,2025-02-24,107,T1,Pier 1,78,5.6,11.4,International Short-Haul
W24,8,2025-02-24,108,T1,Pier 1,84,6,11,International Short-Haul
W24,8,2025-02-24,109,T1,Pier 1,84,6,11,International Short-Haul
W24,8,2025-02-24,110,T1,Pier 1,83,5.9,11.1,International Short-Haul
W24,8,2025-02-24,111,T1,Pier 1,80,5.7,11.3,International Short-Haul
W24,8,2025-02-24,112,T1,Pier 1,76,5.4,11.6,International Short-Haul
W24,8,2025-02-24,113,T1,Pier 1,84,6,11,International Short-Haul
W24,8,2025-02-24,114,T1,Pier 1,76,5.4,11.6,International Short-Haul
W24,8,2025-02-24,115,T1,Pier 1,74,5.3,11.7,International Short-Haul
W24,8,2025-02-24,116,T1,Pier 1,78,5.6,11.4,International Short-Haul
W24,8,2025-02-24,117,T1,Pier 1,73,5.2,11.8,International Short-Haul
W24,8,2025-02-24,118,T1,Pier 1,84,6,11,International Short-Haul
W24,8,2025-02-24,119,T1,Pier 1,80,5.7,11.3,International Short-Haul
W24,8,2025-02-24,201,T1,Pier 2,61,4.8,12.2,International Short-Haul
W24,8,2025-02-24,202,T1,Pier 2,62,4.9,12.1,International Short-Haul
W24,8,2025-02-24,203,T1,Pier 2,61,4.8,12.2,International Short-Haul
W24,8,2025-02-24,204,T1,Pier 2,56,4.4,12.6,International Short-Haul
W24,8,2025-02-24,205,T1,Pier 2,62,4.9,12.1,International Short-Haul
W24,8,2025-02-24,206,T1,Pier 2,62,4.9,12.1,International Short-Haul
W24,8,2025-02-24,207,T1,Pier 2,60,4.7,12.3,International Short-Haul
W24,8,2025-02-24,208,T1,Pier 2,64,5,12,International Short-Haul
W24,8,2025-02-24,209,T1,Pier 2,59,4.6,12.4,International Short-Haul
W24,8,2025-02-24,210,T1,Pier 2,59,4.6,12.4,International Short-Haul
W24,8,2025-02-24,211,T1,Pier 2,57,4.5,12.5,International Short-Haul
W24,8,2025-02-24,212,T1,Pier 2,60,4.7,12.3,International Short-Haul
W24,8,2025-02-24,213,T1,Pier 2,64,5,12,International Short-Haul
W24,8,2025-02-24,214,T1,Pier 2,64,5,12,International Short-Haul
W24,8,2025-02-24,301,T1,Pier 3,49,4.2,12.8,International Short-Haul
W24,8,2025-02-24,302,T1,Pier 3,51,4.4,12.6,International Short-Haul
W24,8,2025-02-24,303,T1,Pier 3,52,4.5,12.5,International Short-Haul
W24,8,2025-02-24,304,T1,Pier 3,48,4.1,12.9,International Short-Haul
W24,8,2025-02-24,305,T1,Pier 3,48,4.1,12.9,International Short-Haul
W24,8,2025-02-24,306,T1,Pier 3,54,4.6,12.4,International Short-Haul
W24,8,2025-02-24,307,T1,Pier 3,51,4.4,12.6,International Short-Haul
W24,8,2025-02-24,308,T1,Pier 3,54,4.6,12.4,International Short-Haul
W24,8,2025-02-24,309,T1,Pier 3,49,4.2,12.8,International Short-Haul
W24,8,2025-02-24,310,T1,Pier 3,51,4.4,12.6,International Short-Haul
W24,8,2025-02-24,311,T1,Pier 3,48,4.1,12.9,International Short-Haul
W24,8,2025-02-24,312,T1,Pier 3,48,4.1,12.9,International Short-Haul
W24,8,2025-02-24,313,T1,Pier 3,50,4.3,12.7,International Short-Haul
W24,8,2025-02-24,314,T1,Pier 3,49,4.2,12.8,International Short-Haul
W24,8,2025-02-24,315,T2,Pier 3,48,4.1,12.9,Transatlantic CBP
W24,8,2025-02-24,316,T2,Pier 3,48,4.1,12.9,Transatlantic CBP
W24,8,2025-02-24,317,T2,Pier 3,47,4,13,Transatlantic CBP
W24,8,2025-02-24,318,T2,Pier 3,51,4.4,12.6,Transatlantic CBP
W24,8,2025-02-24,319,T2,Pier 3,50,4.3,12.7,Transatlantic CBP
W24,8,2025-02-24,320,T2,Pier 3,47,4,13,Transatlantic CBP
W24,8,2025-02-24,321,T2,Pier 3,48,4.1,12.9,Transatlantic CBP
W24,8,2025-02-24,322,T2,Pier 3,47,4,13,Transatlantic CBP
W24,8,2025-02-24,323,T2,Pier 3,51,4.4,12.6,Transatlantic CBP
W24,8,2025-02-24,401,T2,Pier 4,38,6.5,10.5,Transatlantic CBP
W24,8,2025-02-24,402,T2,Pier 4,42,7.2,9.8,Transatlantic CBP
W24,8,2025-02-24,403,T2,Pier 4,37,6.4,10.6,Transatlantic CBP
W24,8,2025-02-24,404,T2,Pier 4,39,6.7,10.3,Transatlantic CBP
W24,8,2025-02-24,405,T2,Pier 4,43,7.4,9.6,Transatlantic CBP
W24,8,2025-02-24,406,T2,Pier 4,42,7.2,9.8,Transatlantic CBP
W24,8,2025-02-24,407,T2,Pier 4,38,6.5,10.5,Transatlantic CBP
W24,8,2025-02-24,408,T2,Pier 4,43,7.3,9.7,Transatlantic CBP
W24,8,2025-02-24,409,T2,Pier 4,40,6.9,10.1,Transatlantic CBP
W24,8,2025-02-24,410,T2,Pier 4,43,7.3,9.7,Transatlantic CBP
W24,8,2025-02-24,411,T2,Pier 4,41,7.1,9.9,Transatlantic CBP
W24,8,2025-02-24,412,T2,Pier 4,42,7.2,9.8,Transatlantic CBP
W24,8,2025-02-24,413,T2,Pier 4,44,7.5,9.5,Transatlantic CBP
W24,8,2025-02-24,414,T2,Pier 4,39,6.7,10.3,Transatlantic CBP
W24,8,2025-02-24,415,T2,Pier 4,41,7.1,9.9,Transatlantic CBP
W24,8,2025-02-24,416,T2,Pier 4,40,6.9,10.1,Transatlantic CBP
W24,8,2025-02-24,417,T2,Pier 4,37,6.4,10.6,Transatlantic CBP
W24,8,2025-02-24,418,T2,Pier 4,37,6.4,10.6,Transatlantic CBP
W24,8,2025-02-24,419,T2,Pier 4,38,6.5,10.5,Transatlantic CBP
W24,8,2025-02-24,420,T2,Pier 4,41,7.1,9.9,Transatlantic CBP
W24,8,2025-02-24,421,T2,Pier 4,41,7,10,Transatlantic CBP
W24,8,2025-02-24,422,T2,Pier 4,41,7,10,Transatlantic CBP
W24,8,2025-02-24,423,T2,Pier 4,37,6.4,10.6,Transatlantic CBP
W24,8,2025-02-24,424,T2,Pier 4,40,6.9,10.1,Transatlantic CBP
W24,8,2025-02-24,425,T2,Pier 4,43,7.4,9.6,Transatlantic CBP
W24,8,2025-02-24,426,T2,Pier 4,40,6.8,10.2,Transatlantic CBP
W24,8,2025-02-24,501,T2,Pier E,28,7.3,9.7,International Long-Haul
W24,8,2025-02-24,502,T2,Pier E,29,7.5,9.5,International Long-Haul
W24,8,2025-02-24,503,T2,Pier E,29,7.5,9.5,International Long-Haul
W24,8,2025-02-24,504,T2,Pier E,28,7.2,9.8,International Long-Haul
W24,8,2025-02-24,505,T2,Pier E,30,7.6,9.4,International Long-Haul
W24,8,2025-02-24,506,T2,Pier E,28,7.1,9.9,International Long-Haul
W24,8,2025-02-24,507,T2,Pier E,30,7.6,9.4,International Long-Haul
W24,8,2025-02-24,508,T2,Pier E,27,6.9,10.1,International Long-Haul
W24,8,2025-02-24,509,T2,Pier E,27,6.9,10.1,International Long-Haul
W24,8,2025-02-24,510,T2,Pier E,26,6.7,10.3,International Long-Haul
W24,8,2025-02-24,511,T2,Pier E,29,7.5,9.5,International Long-Haul
W24,8,2025-02-24,512,T2,Pier E,28,7.1,9.9,International Long-Haul
W24,8,2025-02-24,513,T2,Pier E,27,6.9,10.1,International Long-Haul
W24,8,2025-02-24,514,T2,Pier E,27,6.9,10.1,International Long-Haul
W24,8,2025-02-24,515,T2,Pier E,30,7.6,9.4,International Long-Haul
W24,8,2025-02-24,601,T1,Remote North,27,2.1,14.9,International Short-Haul
W24,8,2025-02-24,602,T1,Remote North,25,2,15,International Short-Haul
W24,8,2025-02-24,603,T1,Remote North,25,2,15,International Short-Haul
W24,8,2025-02-24,604,T1,Remote North,25,2,15,International Short-Haul
W24,8,2025-02-24,605,T1,Remote North,24,1.9,15.1,International Short-Haul
W24,8,2025-02-24,606,T1,Remote North,27,2.1,14.9,International Short-Haul
W24,8,2025-02-24,607,T1,Remote North,23,1.8,15.2,International Short-Haul
W24,8,2025-02-24,608,T1,Remote North,24,1.9,15.1,International Short-Haul
W24,8,2025-02-24,609,T1,Remote North,24,1.9,15.1,International Short-Haul
W24,8,2025-02-24,610,T1,Remote North,25,2,15,International Short-Haul
W24,8,2025-02-24,611,T1,Remote North,25,2,15,International Short-Haul
W24,8,2025-02-24,612,T1,Remote North,25,2,15,International Short-Haul
W24,8,2025-02-24,613,T1,Remote North,24,1.9,15.1,International Short-Haul
W24,8,2025-02-24,614,T1,Remote North,25,2,15,International Short-Haul
W24,8,2025-02-24,615,T1,Remote North,24,1.9,15.1,International Short-Haul
W24,8,2025-02-24,616,T1,Remote North,24,1.9,15.1,International Short-Haul
W24,8,2025-02-24,617,T1,Remote North,23,1.8,15.2,International Short-Haul
W24,8,2025-02-24,618,T1,Remote North,25,2,15,International Short-Haul
W24,8,2025-02-24,619,T1,Remote North,24,1.9,15.1,International Short-Haul
W24,8,2025-02-24,620,T1,Remote North,25,2,15,International Short-Haul
W24,8,2025-02-24,621,T1,Remote North,25,2,15,International Short-Haul
W24,8,2025-02-24,701,T1,Remote South,5,1.3,15.7,Cargo
W24,8,2025-02-24,702,T1,Remote South,5,1.3,15.7,Cargo
W24,8,2025-02-24,703,T1,Remote South,4,1.2,15.8,Cargo
W24,8,2025-02-24,704,T1,Remote South,4,1.2,15.8,Cargo
W24,8,2025-02-24,705,T1,Remote South,5,1.3,15.7,Cargo
W24,8,2025-02-24,706,T1,Remote South,5,1.3,15.7,Cargo
W24,8,2025-02-24,707,T1,Remote South,5,1.3,15.7,Cargo
W24,8,2025-02-24,708,T1,Remote South,5,1.3,15.7,Cargo
W24,8,2025-02-24,709,T1,Remote South,4,1.2,15.8,Cargo
W24,8,2025-02-24,710,T1,Remote South,4,1.2,15.8,Cargo
W24,8,2025-02-24,711,T1,Remote South,5,1.3,15.7,Cargo
W24,8,2025-02-24,712,T1,Remote South,4,1.2,15.8,Cargo
W24,9,2025-03-03,101,T1,Pier 1,78,5.6,11.4,International Short-Haul
W24,9,2025-03-03,102,T1,Pier 1,91,6.5,10.5,International Short-Haul
W24,9,2025-03-03,103,T1,Pier 1,81,5.8,11.2,International Short-Haul
W24,9,2025-03-03,104,T1,Pier 1,91,6.5,10.5,International Short-Haul
W24,9,2025-03-03,105,T1,Pier 1,88,6.3,10.7,International Short-Haul
W24,9,2025-03-03,106,T1,Pier 1,88,6.3,10.7,International Short-Haul
W24,9,2025-03-03,107,T1,Pier 1,81,5.8,11.2,International Short-Haul
W24,9,2025-03-03,108,T1,Pier 1,81,5.8,11.2,International Short-Haul
W24,9,2025-03-03,109,T1,Pier 1,85,6.1,10.9,International Short-Haul
W24,9,2025-03-03,110,T1,Pier 1,81,5.8,11.2,International Short-Haul
W24,9,2025-03-03,111,T1,Pier 1,83,5.9,11.1,International Short-Haul
W24,9,2025-03-03,112,T1,Pier 1,83,5.9,11.1,International Short-Haul
W24,9,2025-03-03,113,T1,Pier 1,81,5.8,11.2,International Short-Haul
W24,9,2025-03-03,114,T1,Pier 1,81,5.8,11.2,International Short-Haul
W24,9,2025-03-03,115,T1,Pier 1,90,6.4,10.6,International Short-Haul
W24,9,2025-03-03,116,T1,Pier 1,81,5.8,11.2,International Short-Haul
W24,9,2025-03-03,117,T1,Pier 1,78,5.6,11.4,International Short-Haul
W24,9,2025-03-03,118,T1,Pier 1,87,6.2,10.8,International Short-Haul
W24,9,2025-03-03,119,T1,Pier 1,91,6.5,10.5,International Short-Haul
W24,9,2025-03-03,201,T1,Pier 2,64,5,12,International Short-Haul
W24,9,2025-03-03,202,T1,Pier 2,62,4.9,12.1,International Short-Haul
W24,9,2025-03-03,203,T1,Pier 2,66,5.2,11.8,International Short-Haul
W24,9,2025-03-03,204,T1,Pier 2,70,5.5,11.5,International Short-Haul
W24,9,2025-03-03,205,T1,Pier 2,69,5.4,11.6,International Short-Haul
W24,9,2025-03-03,206,T1,Pier 2,67,5.3,11.7,International Short-Haul
W24,9,2025-03-03,207,T1,Pier 2,64,5,12,International Short-Haul
W24,9,2025-03-03,208,T1,Pier 2,66,5.2,11.8,International Short-Haul
W24,9,2025-03-03,209,T1,Pier 2,61,4.8,12.2,International Short-Haul
W24,9,2025-03-03,210,T1,Pier 2,67,5.3,11.7,International Short-Haul
W24,9,2025-03-03,211,T1,Pier 2,69,5.4,11.6,International Short-Haul
W24,9,2025-03-03,212,T1,Pier 2,71,5.6,11.4,International Short-Haul
W24,9,2025-03-03,213,T1,Pier 2,64,5,12,International Short-Haul
W24,9,2025-03-03,214,T1,Pier 2,61,4.8,12.2,International Short-Haul
W24,9,2025-03-03,301,T1,Pier 3,55,4.7,12.3,International Short-Haul
W24,9,2025-03-03,302,T1,Pier 3,56,4.8,12.2,International Short-Haul
W24,9,2025-03-03,303,T1,Pier 3,57,4.9,12.1,International Short-Haul
W24,9,2025-03-03,304,T1,Pier 3,51,4.4,12.6,International Short-Haul
W24,9,2025-03-03,305,T1,Pier 3,52,4.5,12.5,International Short-Haul
W24,9,2025-03-03,306,T1,Pier 3,55,4.7,12.3,International Short-Haul
W24,9,2025-03-03,307,T1,Pier 3,52,4.5,12.5,International Short-Haul
W24,9,2025-03-03,308,T1,Pier 3,57,4.9,12.1,International Short-Haul
W24,9,2025-03-03,309,T1,Pier 3,54,4.6,12.4,International Short-Haul
W24,9,2025-03-03,310,T1,Pier 3,57,4.9,12.1,International Short-Haul
W24,9,2025-03-03,311,T1,Pier 3,55,4.7,12.3,International Short-Haul
W24,9,2025-03-03,312,T1,Pier 3,57,4.9,12.1,International Short-Haul
W24,9,2025-03-03,313,T1,Pier 3,52,4.5,12.5,International Short-Haul
W24,9,2025-03-03,314,T1,Pier 3,57,4.9,12.1,International Short-Haul
W24,9,2025-03-03,315,T2,Pier 3,52,4.5,12.5,Transatlantic CBP
W24,9,2025-03-03,316,T2,Pier 3,55,4.7,12.3,Transatlantic CBP
W24,9,2025-03-03,317,T2,Pier 3,52,4.5,12.5,Transatlantic CBP
W24,9,2025-03-03,318,T2,Pier 3,54,4.6,12.4,Transatlantic CBP
W24,9,2025-03-03,319,T2,Pier 3,52,4.5,12.5,Transatlantic CBP
W24,9,2025-03-03,320,T2,Pier 3,52,4.5,12.5,Transatlantic CBP
W24,9,2025-03-03,321,T2,Pier 3,58,5,12,Transatlantic CBP
W24,9,2025-03-03,322,T2,Pier 3,51,4.4,12.6,Transatlantic CBP
W24,9,2025-03-03,323,T2,Pier 3,57,4.9,12.1,Transatlantic CBP
W24,9,2025-03-03,401,T2,Pier 4,47,8.1,8.9,Transatlantic CBP
W24,9,2025-03-03,402,T2,Pier 4,41,7,10,Transatlantic CBP
W24,9,2025-03-03,403,T2,Pier 4,46,7.8,9.2,Transatlantic CBP
W24,9,2025-03-03,404,T2,Pier 4,42,7.2,9.8,Transatlantic CBP
W24,9,2025-03-03,405,T2,Pier 4,41,7,10,Transatlantic CBP
W24,9,2025-03-03,406,T2,Pier 4,43,7.4,9.6,Transatlantic CBP
W24,9,2025-03-03,407,T2,Pier 4,47,8.1,8.9,Transatlantic CBP
W24,9,2025-03-03,408,T2,Pier 4,40,6.9,10.1,Transatlantic CBP
W24,9,2025-03-03,409,T2,Pier 4,44,7.6,9.4,Transatlantic CBP
W24,9,2025-03-03,410,T2,Pier 4,44,7.5,9.5,Transatlantic CBP
W24,9,2025-03-03,411,T2,Pier 4,47,8,9,Transatlantic CBP
W24,9,2025-03-03,412,T2,Pier 4,41,7,10,Transatlantic CBP
W24,9,2025-03-03,413,T2,Pier 4,46,7.8,9.2,Transatlantic CBP
W24,9,2025-03-03,414,T2,Pier 4,46,7.8,9.2,Transatlantic CBP
W24,9,2025-03-03,415,T2,Pier 4,45,7.7,9.3,Transatlantic CBP
W24,9,2025-03-03,416,T2,Pier 4,47,8.1,8.9,Transatlantic CBP
W24,9,2025-03-03,417,T2,Pier 4,46,7.9,9.1,Transatlantic CBP
W24,9,2025-03-03,418,T2,Pier 4,41,7,10,Transatlantic CBP
W24,9,2025-03-03,419,T2,Pier 4,44,7.5,9.5,Transatlantic CBP
W24,9,2025-03-03,420,T2,Pier 4,43,7.4,9.6,Transatlantic CBP
W24,9,2025-03-03,421,T2,Pier 4,43,7.3,9.7,Transatlantic CBP
W24,9,2025-03-03,422,T2,Pier 4,44,7.5,9.5,Transatlantic CBP
W24,9,2025-03-03,423,T2,Pier 4,43,7.4,9.6,Transatlantic CBP
W24,9,2025-03-03,424,T2,Pier 4,44,7.5,9.5,Transatlantic CBP
W24,9,2025-03-03,425,T2,Pier 4,47,8.1,8.9,Transatlantic CBP
W24,9,2025-03-03,426,T2,Pier 4,41,7,10,Transatlantic CBP
W24,9,2025-03-03,501,T2,Pier E,32,8.3,8.7,International Long-Haul
W24,9,2025-03-03,502,T2,Pier E,30,7.8,9.2,International Long-Haul
W24,9,2025-03-03,503,T2,Pier E,31,7.9,9.1,International Long-Haul
W24,9,2025-03-03,504,T2,Pier E,32,8.2,8.8,International Long-Haul
W24,9,2025-03-03,505,T2,Pier E,30,7.6,9.4,International Long-Haul
W24,9,2025-03-03,506,T2,Pier E,30,7.7,9.3,International Long-Haul
W24,9,2025-03-03,507,T2,Pier E,30,7.7,9.3,International Long-Haul
W24,9,2025-03-03,508,T2,Pier E,30,7.6,9.4,International Long-Haul
W24,9,2025-03-03,509,T2,Pier E,32,8.3,8.7,International Long-Haul
W24,9,2025-03-03,510,T2,Pier E,32,8.2,8.8,International Long-Haul
W24,9,2025-03-03,511,T2,Pier E,28,7.3,9.7,International Long-Haul
W24,9,2025-03-03,512,T2,Pier E,28,7.3,9.7,International Long-Haul
W24,9,2025-03-03,513,T2,Pier E,30,7.7,9.3,International Long-Haul
W24,9,2025-03-03,514,T2,Pier E,28,7.3,9.7,International Long-Haul
W24,9,2025-03-03,515,T2,Pier E,31,7.9,9.1,International Long-Haul
W24,9,2025-03-03,601,T1,Remote North,25,2,15,International Short-Haul
W24,9,2025-03-03,602,T1,Remote North,27,2.1,14.9,International Short-Haul
W24,9,2025-03-03,603,T1,Remote North,25,2,15,International Short-Haul
W24,9,2025-03-03,604,T1,Remote North,27,2.1,14.9,International Short-Haul
W24,9,2025-03-03,605,T1,Remote North,28,2.2,14.8,International Short-Haul
W24,9,2025-03-03,606,T1,Remote North,27,2.1,14.9,International Short-Haul
W24,9,2025-03-03,607,T1,Remote North,29,2.3,14.7,International Short-Haul
W24,9,2025-03-03,608,T1,Remote North,29,2.3,14.7,International Short-Haul
W24,9,2025-03-03,609,T1,Remote North,27,2.1,14.9,International Short-Haul
W24,9,2025-03-03,610,T1,Remote North,25,2,15,International Short-Haul
W24,9,2025-03-03,611,T1,Remote North,28,2.2,14.8,International Short-Haul
W24,9,2025-03-03,612,T1,Remote North,29,2.3,14.7,International Short-Haul
W24,9,2025-03-03,613,T1,Remote North,28,2.2,14.8,International Short-Haul
W24,9,2025-03-03,614,T1,Remote North,25,2,15,International Short-Haul
W24,9,2025-03-03,615,T1,Remote North,29,2.3,14.7,International Short-Haul
W24,9,2025-03-03,616,T1,Remote North,25,2,15,International Short-Haul
W24,9,2025-03-03,617,T1,Remote North,28,2.2,14.8,International Short-Haul
W24,9,2025-03-03,618,T1,Remote North,29,2.3,14.7,International Short-Haul
W24,9,2025-03-03,619,T1,Remote North,25,2,15,International Short-Haul
W24,9,2025-03-03,620,T1,Remote North,29,2.3,14.7,International Short-Haul
W24,9,2025-03-03,621,T1,Remote North,27,2.1,14.9,International Short-Haul
W24,9,2025-03-03,701,T1,Remote South,5,1.5,15.5,Cargo
W24,9,2025-03-03,702,T1,Remote South,5,1.3,15.7,Cargo
W24,9,2025-03-03,703,T1,Remote South,5,1.5,15.5,Cargo
W24,9,2025-03-03,704,T1,Remote South,5,1.3,15.7,Cargo
W24,9,2025-03-03,705,T1,Remote South,5,1.4,15.6,Cargo
W24,9,2025-03-03,706,T1,Remote South,5,1.4,15.6,Cargo
W24,9,2025-03-03,707,T1,Remote South,5,1.4,15.6,Cargo
W24,9,2025-03-03,708,T1,Remote South,5,1.3,15.7,Cargo
W24,9,2025-03-03,709,T1,Remote South,5,1.4,15.6,Cargo
W24,9,2025-03-03,710,T1,Remote South,5,1.3,15.7,Cargo
W24,9,2025-03-03,711,T1,Remote South,5,1.4,15.6,Cargo
W24,9,2025-03-03,712,T1,Remote South,5,1.3,15.7,Cargo
W24,10,2025-03-10,101,T1,Pier 1,99,7.1,9.9,International Short-Haul
W24,10,2025-03-10,102,T1,Pier 1,85,6.1,10.9,International Short-Haul
W24,10,2025-03-10,103,T1,Pier 1,88,6.3,10.7,International Short-Haul
W24,10,2025-03-10,104,T1,Pier 1,90,6.4,10.6,International Short-Haul
W24,10,2025-03-10,105,T1,Pier 1,91,6.5,10.5,International Short-Haul
W24,10,2025-03-10,106,T1,Pier 1,88,6.3,10.7,International Short-Haul
W24,10,2025-03-10,107,T1,Pier 1,92,6.6,10.4,International Short-Haul
W24,10,2025-03-10,108,T1,Pier 1,98,7,10,International Short-Haul
W24,10,2025-03-10,109,T1,Pier 1,97,6.9,10.1,International Short-Haul
W24,10,2025-03-10,110,T1,Pier 1,94,6.7,10.3,International Short-Haul
W24,10,2025-03-10,111,T1,Pier 1,87,6.2,10.8,International Short-Haul
W24,10,2025-03-10,112,T1,Pier 1,95,6.8,10.2,International Short-Haul
W24,10,2025-03-10,113,T1,Pier 1,88,6.3,10.7,International Short-Haul
W24,10,2025-03-10,114,T1,Pier 1,97,6.9,10.1,International Short-Haul
W24,10,2025-03-10,115,T1,Pier 1,90,6.4,10.6,International Short-Haul
W24,10,2025-03-10,116,T1,Pier 1,91,6.5,10.5,International Short-Haul
W24,10,2025-03-10,117,T1,Pier 1,91,6.5,10.5,International Short-Haul
W24,10,2025-03-10,118,T1,Pier 1,98,7,10,International Short-Haul
W24,10,2025-03-10,119,T1,Pier 1,87,6.2,10.8,International Short-Haul
W24,10,2025-03-10,201,T1,Pier 2,73,5.7,11.3,International Short-Haul
W24,10,2025-03-10,202,T1,Pier 2,67,5.3,11.7,International Short-Haul
W24,10,2025-03-10,203,T1,Pier 2,74,5.8,11.2,International Short-Haul
W24,10,2025-03-10,204,T1,Pier 2,76,6,11,International Short-Haul
W24,10,2025-03-10,205,T1,Pier 2,71,5.6,11.4,International Short-Haul
W24,10,2025-03-10,206,T1,Pier 2,71,5.6,11.4,International Short-Haul
W24,10,2025-03-10,207,T1,Pier 2,76,6,11,International Short-Haul
W24,10,2025-03-10,208,T1,Pier 2,71,5.6,11.4,International Short-Haul
W24,10,2025-03-10,209,T1,Pier 2,71,5.6,11.4,International Short-Haul
W24,10,2025-03-10,210,T1,Pier 2,73,5.7,11.3,International Short-Haul
W24,10,2025-03-10,211,T1,Pier 2,74,5.8,11.2,International Short-Haul
W24,10,2025-03-10,212,T1,Pier 2,67,5.3,11.7,International Short-Haul
W24,10,2025-03-10,213,T1,Pier 2,75,5.9,11.1,International Short-Haul
W24,10,2025-03-10,214,T1,Pier 2,71,5.6,11.4,International Short-Haul
W24,10,2025-03-10,301,T1,Pier 3,55,4.7,12.3,International Short-Haul
W24,10,2025-03-10,302,T1,Pier 3,62,5.3,11.7,International Short-Haul
W24,10,2025-03-10,303,T1,Pier 3,58,5,12,International Short-Haul
W24,10,2025-03-10,304,T1,Pier 3,56,4.8,12.2,International Short-Haul
W24,10,2025-03-10,305,T1,Pier 3,61,5.2,11.8,International Short-Haul
W24,10,2025-03-10,306,T1,Pier 3,63,5.4,11.6,International Short-Haul
W24,10,2025-03-10,307,T1,Pier 3,63,5.4,11.6,International Short-Haul
W24,10,2025-03-10,308,T1,Pier 3,64,5.5,11.5,International Short-Haul
W24,10,2025-03-10,309,T1,Pier 3,63,5.4,11.6,International Short-Haul
W24,10,2025-03-10,310,T1,Pier 3,55,4.7,12.3,International Short-Haul
W24,10,2025-03-10,311,T1,Pier 3,58,5,12,International Short-Haul
W24,10,2025-03-10,312,T1,Pier 3,62,5.3,11.7,International Short-Haul
W24,10,2025-03-10,313,T1,Pier 3,58,5,12,International Short-Haul
W24,10,2025-03-10,314,T1,Pier 3,61,5.2,11.8,International Short-Haul
W24,10,2025-03-10,315,T2,Pier 3,61,5.2,11.8,Transatlantic CBP
W24,10,2025-03-10,316,T2,Pier 3,58,5,12,Transatlantic CBP
W24,10,2025-03-10,317,T2,Pier 3,63,5.4,11.6,Transatlantic CBP
W24,10,2025-03-10,318,T2,Pier 3,60,5.1,11.9,Transatlantic CBP
W24,10,2025-03-10,319,T2,Pier 3,60,5.1,11.9,Transatlantic CBP
W24,10,2025-03-10,320,T2,Pier 3,64,5.5,11.5,Transatlantic CBP
W24,10,2025-03-10,321,T2,Pier 3,60,5.1,11.9,Transatlantic CBP
W24,10,2025-03-10,322,T2,Pier 3,56,4.8,12.2,Transatlantic CBP
W24,10,2025-03-10,323,T2,Pier 3,60,5.1,11.9,Transatlantic CBP
W24,10,2025-03-10,401,T2,Pier 4,50,8.6,8.4,Transatlantic CBP
W24,10,2025-03-10,402,T2,Pier 4,50,8.6,8.4,Transatlantic CBP
W24,10,2025-03-10,403,T2,Pier 4,50,8.6,8.4,Transatlantic CBP
W24,10,2025-03-10,404,T2,Pier 4,50,8.5,8.5,Transatlantic CBP
W24,10,2025-03-10,405,T2,Pier 4,46,7.9,9.1,Transatlantic CBP
W24,10,2025-03-10,406,T2,Pier 4,51,8.7,8.3,Transatlantic CBP
W24,10,2025-03-10,407,T2,Pier 4,51,8.7,8.3,Transatlantic CBP
W24,10,2025-03-10,408,T2,Pier 4,46,7.8,9.2,Transatlantic CBP
W24,10,2025-03-10,409,T2,Pier 4,45,7.7,9.3,Transatlantic CBP
W24,10,2025-03-10,410,T2,Pier 4,51,8.8,8.2,Transatlantic CBP
W24,10,2025-03-10,411,T2,Pier 4,51,8.7,8.3,Transatlantic CBP
W24,10,2025-03-10,412,T2,Pier 4,51,8.7,8.3,Transatlantic CBP
W24,10,2025-03-10,413,T2,Pier 4,51,8.7,8.3,Transatlantic CBP
W24,10,2025-03-10,414,T2,Pier 4,48,8.3,8.7,Transatlantic CBP
W24,10,2025-03-10,415,T2,Pier 4,49,8.4,8.6,Transatlantic CBP
W24,10,2025-03-10,416,T2,Pier 4,48,8.3,8.7,Transatlantic CBP
W24,10,2025-03-10,417,T2,Pier 4,44,7.6,9.4,Transatlantic CBP
W24,10,2025-03-10,418,T2,Pier 4,50,8.5,8.5,Transatlantic CBP
W24,10,2025-03-10,419,T2,Pier 4,48,8.2,8.8,Transatlantic CBP
W24,10,2025-03-10,420,T2,Pier 4,49,8.4,8.6,Transatlantic CBP
W24,10,2025-03-10,421,T2,Pier 4,48,8.2,8.8,Transatlantic CBP
W24,10,2025-03-10,422,T2,Pier 4,48,8.2,8.8,Transatlantic CBP
W24,10,2025-03-10,423,T2,Pier 4,46,7.8,9.2,Transatlantic CBP
W24,10,2025-03-10,424,T2,Pier 4,46,7.9,9.1,Transatlantic CBP
W24,10,2025-03-10,425,T2,Pier 4,46,7.8,9.2,Transatlantic CBP
W24,10,2025-03-10,426,T2,Pier 4,46,7.8,9.2,Transatlantic CBP
W24,10,2025-03-10,501,T2,Pier E,35,9.1,7.9,International Long-Haul
W24,10,2025-03-10,502,T2,Pier E,31,8,9,International Long-Haul
W24,10,2025-03-10,503,T2,Pier E,32,8.2,8.8,International Long-Haul
W24,10,2025-03-10,504,T2,Pier E,33,8.6,8.4,International Long-Haul
W24,10,2025-03-10,505,T2,Pier E,33,8.6,8.4,International Long-Haul
W24,10,2025-03-10,506,T2,Pier E,31,8,9,International Long-Haul
W24,10,2025-03-10,507,T2,Pier E,35,8.9,8.1,International Long-Haul
W24,10,2025-03-10,508,T2,Pier E,35,8.9,8.1,International Long-Haul
W24,10,2025-03-10,509,T2,Pier E,32,8.1,8.9,International Long-Haul
W24,10,2025-03-10,510,T2,Pier E,32,8.2,8.8,International Long-Haul
W24,10,2025-03-10,511,T2,Pier E,35,9.1,7.9,International Long-Haul
W24,10,2025-03-10,512,T2,Pier E,35,8.9,8.1,International Long-Haul
W24,10,2025-03-10,513,T2,Pier E,34,8.7,8.3,International Long-Haul
W24,10,2025-03-10,514,T2,Pier E,31,7.9,9.1,International Long-Haul
W24,10,2025-03-10,515,T2,Pier E,33,8.4,8.6,International Long-Haul
W24,10,2025-03-10,601,T1,Remote North,29,2.3,14.7,International Short-Haul
W24,10,2025-03-10,602,T1,Remote North,28,2.2,14.8,International Short-Haul
W24,10,2025-03-10,603,T1,Remote North,29,2.3,14.7,International Short-Haul
W24,10,2025-03-10,604,T1,Remote North,31,2.4,14.6,International Short-Haul
W24,10,2025-03-10,605,T1,Remote North,29,2.3,14.7,International Short-Haul
W24,10,2025-03-10,606,T1,Remote North,31,2.4,14.6,International Short-Haul
W24,10,2025-03-10,607,T1,Remote North,31,2.4,14.6,International Short-Haul
W24,10,2025-03-10,608,T1,Remote North,29,2.3,14.7,International Short-Haul
W24,10,2025-03-10,609,T1,Remote North,31,2.4,14.6,International Short-Haul
W24,10,2025-03-10,610,T1,Remote North,28,2.2,14.8,International Short-Haul
W24,10,2025-03-10,611,T1,Remote North,31,2.4,14.6,International Short-Haul
W24,10,2025-03-10,612,T1,Remote North,28,2.2,14.8,International Short-Haul
W24,10,2025-03-10,613,T1,Remote North,28,2.2,14.8,International Short-Haul
W24,10,2025-03-10,614,T1,Remote North,31,2.4,14.6,International Short-Haul
W24,10,2025-03-10,615,T1,Remote North,29,2.3,14.7,International Short-Haul
W24,10,2025-03-10,616,T1,Remote North,32,2.5,14.5,International Short-Haul
W24,10,2025-03-10,617,T1,Remote North,29,2.3,14.7,International Short-Haul
W24,10,2025-03-10,618,T1,Remote North,28,2.2,14.8,International Short-Haul
W24,10,2025-03-10,619,T1,Remote North,29,2.3,14.7,International Short-Haul
W24,10,2025-03-10,620,T1,Remote North,29,2.3,14.7,International Short-Haul
W24,10,2025-03-10,621,T1,Remote North,29,2.3,14.7,International Short-Haul
W24,10,2025-03-10,701,T1,Remote South,5,1.5,15.5,Cargo
W24,10,2025-03-10,702,T1,Remote South,5,1.5,15.5,Cargo
W24,10,2025-03-10,703,T1,Remote South,6,1.6,15.4,Cargo
W24,10,2025-03-10,704,T1,Remote South,6,1.6,15.4,Cargo
W24,10,2025-03-10,705,T1,Remote South,5,1.4,15.6,Cargo
W24,10,2025-03-10,706,T1,Remote South,5,1.5,15.5,Cargo
W24,10,2025-03-10,707,T1,Remote South,5,1.5,15.5,Cargo
W24,10,2025-03-10,708,T1,Remote South,5,1.5,15.5,Cargo
W24,10,2025-03-10,709,T1,Remote South,5,1.5,15.5,Cargo
W24,10,2025-03-10,710,T1,Remote South,6,1.6,15.4,Cargo
W24,10,2025-03-10,711,T1,Remote South,5,1.5,15.5,Cargo
W24,10,2025-03-10,712,T1,Remote South,6,1.6,15.4,Cargo
W24,11,2025-03-17,101,T1,Pier 1,126,9,8,International Short-Haul
W24,11,2025-03-17,102,T1,Pier 1,127,9.1,7.9,International Short-Haul
W24,11,2025-03-17,103,T1,Pier 1,126,9,8,International Short-Haul
W24,11,2025-03-17,104,T1,Pier 1,119,8.5,8.5,International Short-Haul
W24,11,2025-03-17,105,T1,Pier 1,115,8.2,8.8,International Short-Haul
W24,11,2025-03-17,106,T1,Pier 1,118,8.4,8.6,International Short-Haul
W24,11,2025-03-17,107,T1,Pier 1,111,7.9,9.1,International Short-Haul
W24,11,2025-03-17,108,T1,Pier 1,120,8.6,8.4,International Short-Haul
W24,11,2025-03-17,109,T1,Pier 1,120,8.6,8.4,International Short-Haul
W24,11,2025-03-17,110,T1,Pier 1,120,8.6,8.4,International Short-Haul
W24,11,2025-03-17,111,T1,Pier 1,129,9.2,7.8,International Short-Haul
W24,11,2025-03-17,112,T1,Pier 1,127,9.1,7.9,International Short-Haul
W24,11,2025-03-17,113,T1,Pier 1,113,8.1,8.9,International Short-Haul
W24,11,2025-03-17,114,T1,Pier 1,118,8.4,8.6,International Short-Haul
W24,11,2025-03-17,115,T1,Pier 1,119,8.5,8.5,International Short-Haul
W24,11,2025-03-17,116,T1,Pier 1,118,8.4,8.6,International Short-Haul
W24,11,2025-03-17,117,T1,Pier 1,126,9,8,International Short-Haul
W24,11,2025-03-17,118,T1,Pier 1,120,8.6,8.4,International Short-Haul
W24,11,2025-03-17,119,T1,Pier 1,122,8.7,8.3,International Short-Haul
W24,11,2025-03-17,201,T1,Pier 2,98,7.7,9.3,International Short-Haul
W24,11,2025-03-17,202,T1,Pier 2,97,7.6,9.4,International Short-Haul
W24,11,2025-03-17,203,T1,Pier 2,88,6.9,10.1,International Short-Haul
W24,11,2025-03-17,204,T1,Pier 2,95,7.5,9.5,International Short-Haul
W24,11,2025-03-17,205,T1,Pier 2,92,7.2,9.8,International Short-Haul
W24,11,2025-03-17,206,T1,Pier 2,89,7,10,International Short-Haul
W24,11,2025-03-17,207,T1,Pier 2,87,6.8,10.2,International Short-Haul
W24,11,2025-03-17,208,T1,Pier 2,93,7.3,9.7,International Short-Haul
W24,11,2025-03-17,209,T1,Pier 2,90,7.1,9.9,International Short-Haul
W24,11,2025-03-17,210,T1,Pier 2,89,7,10,International Short-Haul
W24,11,2025-03-17,211,T1,Pier 2,95,7.5,9.5,International Short-Haul
W24,11,2025-03-17,212,T1,Pier 2,97,7.6,9.4,International Short-Haul
W24,11,2025-03-17,213,T1,Pier 2,89,7,10,International Short-Haul
W24,11,2025-03-17,214,T1,Pier 2,87,6.8,10.2,International Short-Haul
W24,11,2025-03-17,301,T1,Pier 3,81,6.9,10.1,International Short-Haul
W24,11,2025-03-17,302,T1,Pier 3,71,6.1,10.9,International Short-Haul
W24,11,2025-03-17,303,T1,Pier 3,82,7,10,International Short-Haul
W24,11,2025-03-17,304,T1,Pier 3,78,6.7,10.3,International Short-Haul
W24,11,2025-03-17,305,T1,Pier 3,75,6.4,10.6,International Short-Haul
W24,11,2025-03-17,306,T1,Pier 3,74,6.3,10.7,International Short-Haul
W24,11,2025-03-17,307,T1,Pier 3,71,6.1,10.9,International Short-Haul
W24,11,2025-03-17,308,T1,Pier 3,74,6.3,10.7,International Short-Haul
W24,11,2025-03-17,309,T1,Pier 3,72,6.2,10.8,International Short-Haul
W24,11,2025-03-17,310,T1,Pier 3,78,6.7,10.3,International Short-Haul
W24,11,2025-03-17,311,T1,Pier 3,72,6.2,10.8,International Short-Haul
W24,11,2025-03-17,312,T1,Pier 3,77,6.6,10.4,International Short-Haul
W24,11,2025-03-17,313,T1,Pier 3,78,6.7,10.3,International Short-Haul
W24,11,2025-03-17,314,T1,Pier 3,75,6.4,10.6,International Short-Haul
W24,11,2025-03-17,315,T2,Pier 3,71,6.1,10.9,Transatlantic CBP
W24,11,2025-03-17,316,T2,Pier 3,71,6.1,10.9,Transatlantic CBP
W24,11,2025-03-17,317,T2,Pier 3,71,6.1,10.9,Transatlantic CBP
W24,11,2025-03-17,318,T2,Pier 3,79,6.8,10.2,Transatlantic CBP
W24,11,2025-03-17,319,T2,Pier 3,75,6.4,10.6,Transatlantic CBP
W24,11,2025-03-17,320,T2,Pier 3,81,6.9,10.1,Transatlantic CBP
W24,11,2025-03-17,321,T2,Pier 3,76,6.5,10.5,Transatlantic CBP
W24,11,2025-03-17,322,T2,Pier 3,76,6.5,10.5,Transatlantic CBP
W24,11,2025-03-17,323,T2,Pier 3,77,6.6,10.4,Transatlantic CBP
W24,11,2025-03-17,401,T2,Pier 4,64,11,6,Transatlantic CBP
W24,11,2025-03-17,402,T2,Pier 4,60,10.2,6.8,Transatlantic CBP
W24,11,2025-03-17,403,T2,Pier 4,58,10,7,Transatlantic CBP
W24,11,2025-03-17,404,T2,Pier 4,62,10.7,6.3,Transatlantic CBP
W24,11,2025-03-17,405,T2,Pier 4,60,10.3,6.7,Transatlantic CBP
W24,11,2025-03-17,406,T2,Pier 4,61,10.5,6.5,Transatlantic CBP
W24,11,2025-03-17,407,T2,Pier 4,64,10.9,6.1,Transatlantic CBP
W24,11,2025-03-17,408,T2,Pier 4,62,10.6,6.4,Transatlantic CBP
W24,11,2025-03-17,409,T2,Pier 4,63,10.8,6.2,Transatlantic CBP
W24,11,2025-03-17,410,T2,Pier 4,62,10.7,6.3,Transatlantic CBP
W24,11,2025-03-17,411,T2,Pier 4,64,11,6,Transatlantic CBP
W24,11,2025-03-17,412,T2,Pier 4,64,11,6,Transatlantic CBP
W24,11,2025-03-17,413,T2,Pier 4,62,10.7,6.3,Transatlantic CBP
W24,11,2025-03-17,414,T2,Pier 4,64,10.9,6.1,Transatlantic CBP
W24,11,2025-03-17,415,T2,Pier 4,66,11.3,5.7,Transatlantic CBP
W24,11,2025-03-17,416,T2,Pier 4,61,10.5,6.5,Transatlantic CBP
W24,11,2025-03-17,417,T2,Pier 4,61,10.5,6.5,Transatlantic CBP
W24,11,2025-03-17,418,T2,Pier 4,65,11.1,5.9,Transatlantic CBP
W24,11,2025-03-17,419,T2,Pier 4,63,10.8,6.2,Transatlantic CBP
W24,11,2025-03-17,420,T2,Pier 4,58,9.9,7.1,Transatlantic CBP
W24,11,2025-03-17,421,T2,Pier 4,66,11.3,5.7,Transatlantic CBP
W24,11,2025-03-17,422,T2,Pier 4,57,9.8,7.2,Transatlantic CBP
W24,11,2025-03-17,423,T2,Pier 4,64,11,6,Transatlantic CBP
W24,11,2025-03-17,424,T2,Pier 4,65,11.1,5.9,Transatlantic CBP
W24,11,2025-03-17,425,T2,Pier 4,66,11.4,5.6,Transatlantic CBP
W24,11,2025-03-17,426,T2,Pier 4,58,9.9,7.1,Transatlantic CBP
W24,11,2025-03-17,501,T2,Pier E,43,11.1,5.9,International Long-Haul
W24,11,2025-03-17,502,T2,Pier E,42,10.8,6.2,International Long-Haul
W24,11,2025-03-17,503,T2,Pier E,42,10.7,6.3,International Long-Haul
W24,11,2025-03-17,504,T2,Pier E,40,10.3,6.7,International Long-Haul
W24,11,2025-03-17,505,T2,Pier E,43,11.1,5.9,International Long-Haul
W24,11,2025-03-17,506,T2,Pier E,42,10.9,6.1,International Long-Haul
W24,11,2025-03-17,507,T2,Pier E,40,10.3,6.7,International Long-Haul
W24,11,2025-03-17,508,T2,Pier E,44,11.2,5.8,International Long-Haul
W24,11,2025-03-17,509,T2,Pier E,44,11.4,5.6,International Long-Haul
W24,11,2025-03-17,510,T2,Pier E,44,11.4,5.6,International Long-Haul
W24,11,2025-03-17,511,T2,Pier E,45,11.7,5.3,International Long-Haul
W24,11,2025-03-17,512,T2,Pier E,42,10.8,6.2,International Long-Haul
W24,11,2025-03-17,513,T2,Pier E,46,11.8,5.2,International Long-Haul
W24,11,2025-03-17,514,T2,Pier E,45,11.6,5.4,International Long-Haul
W24,11,2025-03-17,515,T2,Pier E,41,10.6,6.4,International Long-Haul
W24,11,2025-03-17,601,T1,Remote North,36,2.8,14.2,International Short-Haul
W24,11,2025-03-17,602,T1,Remote North,38,3,14,International Short-Haul
W24,11,2025-03-17,603,T1,Remote North,38,3,14,International Short-Haul
W24,11,2025-03-17,604,T1,Remote North,38,3,14,International Short-Haul
W24,11,2025-03-17,605,T1,Remote North,38,3,14,International Short-Haul
W24,11,2025-03-17,606,T1,Remote North,39,3.1,13.9,International Short-Haul
W24,11,2025-03-17,607,T1,Remote North,38,3,14,International Short-Haul
W24,11,2025-03-17,608,T1,Remote North,36,2.8,14.2,International Short-Haul
W24,11,2025-03-17,609,T1,Remote North,41,3.2,13.8,International Short-Haul
W24,11,2025-03-17,610,T1,Remote North,37,2.9,14.1,International Short-Haul
W24,11,2025-03-17,611,T1,Remote North,41,3.2,13.8,International Short-Haul
W24,11,2025-03-17,612,T1,Remote North,36,2.8,14.2,International Short-Haul
W24,11,2025-03-17,613,T1,Remote North,41,3.2,13.8,International Short-Haul
W24,11,2025-03-17,614,T1,Remote North,36,2.8,14.2,International Short-Haul
W24,11,2025-03-17,615,T1,Remote North,37,2.9,14.1,International Short-Haul
W24,11,2025-03-17,616,T1,Remote North,36,2.8,14.2,International Short-Haul
W24,11,2025-03-17,617,T1,Remote North,39,3.1,13.9,International Short-Haul
W24,11,2025-03-17,618,T1,Remote North,41,3.2,13.8,International Short-Haul
W24,11,2025-03-17,619,T1,Remote North,38,3,14,International Short-Haul
W24,11,2025-03-17,620,T1,Remote North,41,3.2,13.8,International Short-Haul
W24,11,2025-03-17,621,T1,Remote North,38,3,14,International Short-Haul
W24,11,2025-03-17,701,T1,Remote South,7,2,15,Cargo
W24,11,2025-03-17,702,T1,Remote South,7,2,15,Cargo
W24,11,2025-03-17,703,T1,Remote South,7,1.9,15.1,Cargo
W24,11,2025-03-17,704,T1,Remote South,7,1.9,15.1,Cargo
W24,11,2025-03-17,705,T1,Remote South,7,2.1,14.9,Cargo
W24,11,2025-03-17,706,T1,Remote South,7,2,15,Cargo
W24,11,2025-03-17,707,T1,Remote South,7,2.1,14.9,Cargo
W24,11,2025-03-17,708,T1,Remote South,7,2,15,Cargo
W24,11,2025-03-17,709,T1,Remote South,6,1.8,15.2,Cargo
W24,11,2025-03-17,710,T1,Remote South,7,2,15,Cargo
W24,11,2025-03-17,711,T1,Remote South,7,1.9,15.1,Cargo
W24,11,2025-03-17,712,T1,Remote South,7,2.1,14.9,Cargo
W24,12,2025-03-24,101,T1,Pier 1,99,7.1,9.9,International Short-Haul
W24,12,2025-03-24,102,T1,Pier 1,101,7.2,9.8,International Short-Haul
W24,12,2025-03-24,103,T1,Pier 1,101,7.2,9.8,International Short-Haul
W24,12,2025-03-24,104,T1,Pier 1,98,7,10,International Short-Haul
W24,12,2025-03-24,105,T1,Pier 1,94,6.7,10.3,International Short-Haul
W24,12,2025-03-24,106,T1,Pier 1,106,7.6,9.4,International Short-Haul
W24,12,2025-03-24,107,T1,Pier 1,105,7.5,9.5,International Short-Haul
W24,12,2025-03-24,108,T1,Pier 1,95,6.8,10.2,International Short-Haul
W24,12,2025-03-24,109,T1,Pier 1,105,7.5,9.5,International Short-Haul
W24,12,2025-03-24,110,T1,Pier 1,102,7.3,9.7,International Short-Haul
W24,12,2025-03-24,111,T1,Pier 1,99,7.1,9.9,International Short-Haul
W24,12,2025-03-24,112,T1,Pier 1,97,6.9,10.1,International Short-Haul
W24,12,2025-03-24,113,T1,Pier 1,106,7.6,9.4,International Short-Haul
W24,12,2025-03-24,114,T1,Pier 1,104,7.4,9.6,International Short-Haul
W24,12,2025-03-24,115,T1,Pier 1,101,7.2,9.8,International Short-Haul
W24,12,2025-03-24,116,T1,Pier 1,102,7.3,9.7,International Short-Haul
W24,12,2025-03-24,117,T1,Pier 1,94,6.7,10.3,International Short-Haul
W24,12,2025-03-24,118,T1,Pier 1,99,7.1,9.9,International Short-Haul
W24,12,2025-03-24,119,T1,Pier 1,95,6.8,10.2,International Short-Haul
W24,12,2025-03-24,201,T1,Pier 2,74,5.8,11.2,International Short-Haul
W24,12,2025-03-24,202,T1,Pier 2,80,6.3,10.7,International Short-Haul
W24,12,2025-03-24,203,T1,Pier 2,83,6.5,10.5,International Short-Haul
W24,12,2025-03-24,204,T1,Pier 2,76,6,11,International Short-Haul
W24,12,2025-03-24,205,T1,Pier 2,74,5.8,11.2,International Short-Haul
W24,12,2025-03-24,206,T1,Pier 2,79,6.2,10.8,International Short-Haul
W24,12,2025-03-24,207,T1,Pier 2,83,6.5,10.5,International Short-Haul
W24,12,2025-03-24,208,T1,Pier 2,80,6.3,10.7,International Short-Haul
W24,12,2025-03-24,209,T1,Pier 2,83,6.5,10.5,International Short-Haul
W24,12,2025-03-24,210,T1,Pier 2,78,6.1,10.9,International Short-Haul
W24,12,2025-03-24,211,T1,Pier 2,80,6.3,10.7,International Short-Haul
W24,12,2025-03-24,212,T1,Pier 2,73,5.7,11.3,International Short-Haul
W24,12,2025-03-24,213,T1,Pier 2,75,5.9,11.1,International Short-Haul
W24,12,2025-03-24,214,T1,Pier 2,76,6,11,International Short-Haul
W24,12,2025-03-24,301,T1,Pier 3,64,5.5,11.5,International Short-Haul
W24,12,2025-03-24,302,T1,Pier 3,69,5.9,11.1,International Short-Haul
W24,12,2025-03-24,303,T1,Pier 3,68,5.8,11.2,International Short-Haul
W24,12,2025-03-24,304,T1,Pier 3,61,5.2,11.8,International Short-Haul
W24,12,2025-03-24,305,T1,Pier 3,61,5.2,11.8,International Short-Haul
W24,12,2025-03-24,306,T1,Pier 3,63,5.4,11.6,International Short-Haul
W24,12,2025-03-24,307,T1,Pier 3,62,5.3,11.7,International Short-Haul
W24,12,2025-03-24,308,T1,Pier 3,65,5.6,11.4,International Short-Haul
W24,12,2025-03-24,309,T1,Pier 3,69,5.9,11.1,International Short-Haul
W24,12,2025-03-24,310,T1,Pier 3,69,5.9,11.1,International Short-Haul
W24,12,2025-03-24,311,T1,Pier 3,65,5.6,11.4,International Short-Haul
W24,12,2025-03-24,312,T1,Pier 3,68,5.8,11.2,International Short-Haul
W24,12,2025-03-24,313,T1,Pier 3,64,5.5,11.5,International Short-Haul
W24,12,2025-03-24,314,T1,Pier 3,61,5.2,11.8,International Short-Haul
W24,12,2025-03-24,315,T2,Pier 3,64,5.5,11.5,Transatlantic CBP
W24,12,2025-03-24,316,T2,Pier 3,65,5.6,11.4,Transatlantic CBP
W24,12,2025-03-24,317,T2,Pier 3,66,5.7,11.3,Transatlantic CBP
W24,12,2025-03-24,318,T2,Pier 3,62,5.3,11.7,Transatlantic CBP
W24,12,2025-03-24,319,T2,Pier 3,63,5.4,11.6,Transatlantic CBP
W24,12,2025-03-24,320,T2,Pier 3,63,5.4,11.6,Transatlantic CBP
W24,12,2025-03-24,321,T2,Pier 3,69,5.9,11.1,Transatlantic CBP
W24,12,2025-03-24,322,T2,Pier 3,64,5.5,11.5,Transatlantic CBP
W24,12,2025-03-24,323,T2,Pier 3,66,5.7,11.3,Transatlantic CBP
W24,12,2025-03-24,401,T2,Pier 4,54,9.2,7.8,Transatlantic CBP
W24,12,2025-03-24,402,T2,Pier 4,50,8.6,8.4,Transatlantic CBP
W24,12,2025-03-24,403,T2,Pier 4,52,9,8,Transatlantic CBP
W24,12,2025-03-24,404,T2,Pier 4,55,9.4,7.6,Transatlantic CBP
W24,12,2025-03-24,405,T2,Pier 4,52,8.9,8.1,Transatlantic CBP
W24,12,2025-03-24,406,T2,Pier 4,55,9.5,7.5,Transatlantic CBP
W24,12,2025-03-24,407,T2,Pier 4,50,8.5,8.5,Transatlantic CBP
W24,12,2025-03-24,408,T2,Pier 4,48,8.3,8.7,Transatlantic CBP
W24,12,2025-03-24,409,T2,Pier 4,55,9.4,7.6,Transatlantic CBP
W24,12,2025-03-24,410,T2,Pier 4,55,9.4,7.6,Transatlantic CBP
W24,12,2025-03-24,411,T2,Pier 4,56,9.6,7.4,Transatlantic CBP
W24,12,2025-03-24,412,T2,Pier 4,53,9.1,7.9,Transatlantic CBP
W24,12,2025-03-24,413,T2,Pier 4,55,9.5,7.5,Transatlantic CBP
W24,12,2025-03-24,414,T2,Pier 4,55,9.4,7.6,Transatlantic CBP
W24,12,2025-03-24,415,T2,Pier 4,55,9.4,7.6,Transatlantic CBP
W24,12,2025-03-24,416,T2,Pier 4,52,9,8,Transatlantic CBP
W24,12,2025-03-24,417,T2,Pier 4,51,8.7,8.3,Transatlantic CBP
W24,12,2025-03-24,418,T2,Pier 4,55,9.5,7.5,Transatlantic CBP
W24,12,2025-03-24,419,T2,Pier 4,51,8.8,8.2,Transatlantic CBP
W24,12,2025-03-24,420,T2,Pier 4,52,8.9,8.1,Transatlantic CBP
W24,12,2025-03-24,421,T2,Pier 4,51,8.8,8.2,Transatlantic CBP
W24,12,2025-03-24,422,T2,Pier 4,52,9,8,Transatlantic CBP
W24,12,2025-03-24,423,T2,Pier 4,51,8.8,8.2,Transatlantic CBP
W24,12,2025-03-24,424,T2,Pier 4,48,8.2,8.8,Transatlantic CBP
W24,12,2025-03-24,425,T2,Pier 4,55,9.4,7.6,Transatlantic CBP
W24,12,2025-03-24,426,T2,Pier 4,51,8.8,8.2,Transatlantic CBP
W24,12,2025-03-24,501,T2,Pier E,36,9.3,7.7,International Long-Haul
W24,12,2025-03-24,502,T2,Pier E,33,8.6,8.4,International Long-Haul
W24,12,2025-03-24,503,T2,Pier E,33,8.4,8.6,International Long-Haul
W24,12,2025-03-24,504,T2,Pier E,34,8.8,8.2,International Long-Haul
W24,12,2025-03-24,505,T2,Pier E,37,9.5,7.5,International Long-Haul
W24,12,2025-03-24,506,T2,Pier E,33,8.6,8.4,International Long-Haul
W24,12,2025-03-24,507,T2,Pier E,38,9.8,7.2,International Long-Haul
W24,12,2025-03-24,508,T2,Pier E,34,8.8,8.2,International Long-Haul
W24,12,2025-03-24,509,T2,Pier E,34,8.7,8.3,International Long-Haul
W24,12,2025-03-24,510,T2,Pier E,34,8.7,8.3,International Long-Haul
W24,12,2025-03-24,511,T2,Pier E,33,8.5,8.5,International Long-Haul
W24,12,2025-03-24,512,T2,Pier E,37,9.6,7.4,International Long-Haul
W24,12,2025-03-24,513,T2,Pier E,38,9.7,7.3,International Long-Haul
W24,12,2025-03-24,514,T2,Pier E,36,9.3,7.7,International Long-Haul
W24,12,2025-03-24,515,T2,Pier E,34,8.7,8.3,International Long-Haul
W24,12,2025-03-24,601,T1,Remote North,31,2.4,14.6,International Short-Haul
W24,12,2025-03-24,602,T1,Remote North,32,2.5,14.5,International Short-Haul
W24,12,2025-03-24,603,T1,Remote North,34,2.7,14.3,International Short-Haul
W24,12,2025-03-24,604,T1,Remote North,31,2.4,14.6,International Short-Haul
W24,12,2025-03-24,605,T1,Remote North,33,2.6,14.4,International Short-Haul
W24,12,2025-03-24,606,T1,Remote North,32,2.5,14.5,International Short-Haul
W24,12,2025-03-24,607,T1,Remote North,31,2.4,14.6,International Short-Haul
W24,12,2025-03-24,608,T1,Remote North,32,2.5,14.5,International Short-Haul
W24,12,2025-03-24,609,T1,Remote North,29,2.3,14.7,International Short-Haul
W24,12,2025-03-24,610,T1,Remote North,33,2.6,14.4,International Short-Haul
W24,12,2025-03-24,611,T1,Remote North,31,2.4,14.6,International Short-Haul
W24,12,2025-03-24,612,T1,Remote North,33,2.6,14.4,International Short-Haul
W24,12,2025-03-24,613,T1,Remote North,29,2.3,14.7,International Short-Haul
W24,12,2025-03-24,614,T1,Remote North,34,2.7,14.3,International Short-Haul
W24,12,2025-03-24,615,T1,Remote North,31,2.4,14.6,International Short-Haul
W24,12,2025-03-24,616,T1,Remote North,34,2.7,14.3,International Short-Haul
W24,12,2025-03-24,617,T1,Remote North,33,2.6,14.4,International Short-Haul
W24,12,2025-03-24,618,T1,Remote North,34,2.7,14.3,International Short-Haul
W24,12,2025-03-24,619,T1,Remote North,32,2.5,14.5,International Short-Haul
W24,12,2025-03-24,620,T1,Remote North,33,2.6,14.4,International Short-Haul
W24,12,2025-03-24,621,T1,Remote North,32,2.5,14.5,International Short-Haul
W24,12,2025-03-24,701,T1,Remote South,5,1.5,15.5,Cargo
W24,12,2025-03-24,702,T1,Remote South,6,1.6,15.4,Cargo
W24,12,2025-03-24,703,T1,Remote South,5,1.5,15.5,Cargo
W24,12,2025-03-24,704,T1,Remote South,6,1.7,15.3,Cargo
W24,12,2025-03-24,705,T1,Remote South,5,1.5,15.5,Cargo
W24,12,2025-03-24,706,T1,Remote South,6,1.6,15.4,Cargo
W24,12,2025-03-24,707,T1,Remote South,6,1.6,15.4,Cargo
W24,12,2025-03-24,708,T1,Remote South,6,1.6,15.4,Cargo
W24,12,2025-03-24,709,T1,Remote South,6,1.7,15.3,Cargo
W24,12,2025-03-24,710,T1,Remote South,5,1.5,15.5,Cargo
W24,12,2025-03-24,711,T1,Remote South,6,1.6,15.4,Cargo
W24,12,2025-03-24,712,T1,Remote South,6,1.6,15.4,Cargo
S25,13,2025-03-31,101,T1,Pier 1,112,8,9,International Short-Haul
S25,13,2025-03-31,102,T1,Pier 1,109,7.8,9.2,International Short-Haul
S25,13,2025-03-31,103,T1,Pier 1,113,8.1,8.9,International Short-Haul
S25,13,2025-03-31,104,T1,Pier 1,97,6.9,10.1,International Short-Haul
S25,13,2025-03-31,105,T1,Pier 1,101,7.2,9.8,International Short-Haul
S25,13,2025-03-31,106,T1,Pier 1,99,7.1,9.9,International Short-Haul
S25,13,2025-03-31,107,T1,Pier 1,97,6.9,10.1,International Short-Haul
S25,13,2025-03-31,108,T1,Pier 1,101,7.2,9.8,International Short-Haul
S25,13,2025-03-31,109,T1,Pier 1,108,7.7,9.3,International Short-Haul
S25,13,2025-03-31,110,T1,Pier 1,101,7.2,9.8,International Short-Haul
S25,13,2025-03-31,111,T1,Pier 1,105,7.5,9.5,International Short-Haul
S25,13,2025-03-31,112,T1,Pier 1,112,8,9,International Short-Haul
S25,13,2025-03-31,113,T1,Pier 1,108,7.7,9.3,International Short-Haul
S25,13,2025-03-31,114,T1,Pier 1,104,7.4,9.6,International Short-Haul
S25,13,2025-03-31,115,T1,Pier 1,102,7.3,9.7,International Short-Haul
S25,13,2025-03-31,116,T1,Pier 1,104,7.4,9.6,International Short-Haul
S25,13,2025-03-31,117,T1,Pier 1,99,7.1,9.9,International Short-Haul
S25,13,2025-03-31,118,T1,Pier 1,106,7.6,9.4,International Short-Haul
S25,13,2025-03-31,119,T1,Pier 1,102,7.3,9.7,International Short-Haul
S25,13,2025-03-31,201,T1,Pier 2,85,6.7,10.3,International Short-Haul
S25,13,2025-03-31,202,T1,Pier 2,84,6.6,10.4,International Short-Haul
S25,13,2025-03-31,203,T1,Pier 2,83,6.5,10.5,International Short-Haul
S25,13,2025-03-31,204,T1,Pier 2,79,6.2,10.8,International Short-Haul
S25,13,2025-03-31,205,T1,Pier 2,78,6.1,10.9,International Short-Haul
S25,13,2025-03-31,206,T1,Pier 2,84,6.6,10.4,International Short-Haul
S25,13,2025-03-31,207,T1,Pier 2,80,6.3,10.7,International Short-Haul
S25,13,2025-03-31,208,T1,Pier 2,78,6.1,10.9,International Short-Haul
S25,13,2025-03-31,209,T1,Pier 2,76,6,11,International Short-Haul
S25,13,2025-03-31,210,T1,Pier 2,76,6,11,International Short-Haul
S25,13,2025-03-31,211,T1,Pier 2,84,6.6,10.4,International Short-Haul
S25,13,2025-03-31,212,T1,Pier 2,78,6.1,10.9,International Short-Haul
S25,13,2025-03-31,213,T1,Pier 2,81,6.4,10.6,International Short-Haul
S25,13,2025-03-31,214,T1,Pier 2,80,6.3,10.7,International Short-Haul
S25,13,2025-03-31,301,T1,Pier 3,68,5.8,11.2,International Short-Haul
S25,13,2025-03-31,302,T1,Pier 3,71,6.1,10.9,International Short-Haul
S25,13,2025-03-31,303,T1,Pier 3,71,6.1,10.9,International Short-Haul
S25,13,2025-03-31,304,T1,Pier 3,66,5.7,11.3,International Short-Haul
S25,13,2025-03-31,305,T1,Pier 3,62,5.3,11.7,International Short-Haul
S25,13,2025-03-31,306,T1,Pier 3,66,5.7,11.3,International Short-Haul
S25,13,2025-03-31,307,T1,Pier 3,68,5.8,11.2,International Short-Haul
S25,13,2025-03-31,308,T1,Pier 3,68,5.8,11.2,International Short-Haul
S25,13,2025-03-31,309,T1,Pier 3,69,5.9,11.1,International Short-Haul
S25,13,2025-03-31,310,T1,Pier 3,63,5.4,11.6,International Short-Haul
S25,13,2025-03-31,311,T1,Pier 3,69,5.9,11.1,International Short-Haul
S25,13,2025-03-31,312,T1,Pier 3,64,5.5,11.5,International Short-Haul
S25,13,2025-03-31,313,T1,Pier 3,70,6,11,International Short-Haul
S25,13,2025-03-31,314,T1,Pier 3,65,5.6,11.4,International Short-Haul
S25,13,2025-03-31,315,T2,Pier 3,69,5.9,11.1,Transatlantic CBP
S25,13,2025-03-31,316,T2,Pier 3,62,5.3,11.7,Transatlantic CBP
S25,13,2025-03-31,317,T2,Pier 3,66,5.7,11.3,Transatlantic CBP
S25,13,2025-03-31,318,T2,Pier 3,69,5.9,11.1,Transatlantic CBP
S25,13,2025-03-31,319,T2,Pier 3,64,5.5,11.5,Transatlantic CBP
S25,13,2025-03-31,320,T2,Pier 3,70,6,11,Transatlantic CBP
S25,13,2025-03-31,321,T2,Pier 3,69,5.9,11.1,Transatlantic CBP
S25,13,2025-03-31,322,T2,Pier 3,68,5.8,11.2,Transatlantic CBP
S25,13,2025-03-31,323,T2,Pier 3,65,5.6,11.4,Transatlantic CBP
S25,13,2025-03-31,401,T2,Pier 4,54,9.2,7.8,Transatlantic CBP
S25,13,2025-03-31,402,T2,Pier 4,55,9.4,7.6,Transatlantic CBP
S25,13,2025-03-31,403,T2,Pier 4,54,9.2,7.8,Transatlantic CBP
S25,13,2025-03-31,404,T2,Pier 4,56,9.6,7.4,Transatlantic CBP
S25,13,2025-03-31,405,T2,Pier 4,54,9.2,7.8,Transatlantic CBP
S25,13,2025-03-31,406,T2,Pier 4,51,8.8,8.2,Transatlantic CBP
S25,13,2025-03-31,407,T2,Pier 4,51,8.8,8.2,Transatlantic CBP
S25,13,2025-03-31,408,T2,Pier 4,50,8.5,8.5,Transatlantic CBP
S25,13,2025-03-31,409,T2,Pier 4,52,9,8,Transatlantic CBP
S25,13,2025-03-31,410,T2,Pier 4,56,9.6,7.4,Transatlantic CBP
S25,13,2025-03-31,411,T2,Pier 4,57,9.7,7.3,Transatlantic CBP
S25,13,2025-03-31,412,T2,Pier 4,51,8.8,8.2,Transatlantic CBP
S25,13,2025-03-31,413,T2,Pier 4,58,10,7,Transatlantic CBP
S25,13,2025-03-31,414,T2,Pier 4,54,9.3,7.7,Transatlantic CBP
S25,13,2025-03-31,415,T2,Pier 4,58,9.9,7.1,Transatlantic CBP
S25,13,2025-03-31,416,T2,Pier 4,56,9.6,7.4,Transatlantic CBP
S25,13,2025-03-31,417,T2,Pier 4,56,9.6,7.4,Transatlantic CBP
S25,13,2025-03-31,418,T2,Pier 4,51,8.7,8.3,Transatlantic CBP
S25,13,2025-03-31,419,T2,Pier 4,52,8.9,8.1,Transatlantic CBP
S25,13,2025-03-31,420,T2,Pier 4,50,8.5,8.5,Transatlantic CBP
S25,13,2025-03-31,421,T2,Pier 4,56,9.6,7.4,Transatlantic CBP
S25,13,2025-03-31,422,T2,Pier 4,52,9,8,Transatlantic CBP
S25,13,2025-03-31,423,T2,Pier 4,57,9.7,7.3,Transatlantic CBP
S25,13,2025-03-31,424,T2,Pier 4,52,9,8,Transatlantic CBP
S25,13,2025-03-31,425,T2,Pier 4,57,9.7,7.3,Transatlantic CBP
S25,13,2025-03-31,426,T2,Pier 4,51,8.7,8.3,Transatlantic CBP
S25,13,2025-03-31,501,T2,Pier E,35,9.1,7.9,International Long-Haul
S25,13,2025-03-31,502,T2,Pier E,36,9.3,7.7,International Long-Haul
S25,13,2025-03-31,503,T2,Pier E,37,9.4,7.6,International Long-Haul
S25,13,2025-03-31,504,T2,Pier E,36,9.3,7.7,International Long-Haul
S25,13,2025-03-31,505,T2,Pier E,39,10,7,International Long-Haul
S25,13,2025-03-31,506,T2,Pier E,35,9,8,International Long-Haul
S25,13,2025-03-31,507,T2,Pier E,36,9.3,7.7,International Long-Haul
S25,13,2025-03-31,508,T2,Pier E,39,10.1,6.9,International Long-Haul
S25,13,2025-03-31,509,T2,Pier E,35,8.9,8.1,International Long-Haul
S25,13,2025-03-31,510,T2,Pier E,40,10.3,6.7,International Long-Haul
S25,13,2025-03-31,511,T2,Pier E,40,10.3,6.7,International Long-Haul
S25,13,2025-03-31,512,T2,Pier E,35,8.9,8.1,International Long-Haul
S25,13,2025-03-31,513,T2,Pier E,36,9.3,7.7,International Long-Haul
S25,13,2025-03-31,514,T2,Pier E,37,9.4,7.6,International Long-Haul
S25,13,2025-03-31,515,T2,Pier E,39,10,7,International Long-Haul
S25,13,2025-03-31,601,T1,Remote North,34,2.7,14.3,International Short-Haul
S25,13,2025-03-31,602,T1,Remote North,34,2.7,14.3,International Short-Haul
S25,13,2025-03-31,603,T1,Remote North,34,2.7,14.3,International Short-Haul
S25,13,2025-03-31,604,T1,Remote North,32,2.5,14.5,International Short-Haul
S25,13,2025-03-31,605,T1,Remote North,36,2.8,14.2,International Short-Haul
S25,13,2025-03-31,606,T1,Remote North,34,2.7,14.3,International Short-Haul
S25,13,2025-03-31,607,T1,Remote North,34,2.7,14.3,International Short-Haul
S25,13,2025-03-31,608,T1,Remote North,36,2.8,14.2,International Short-Haul
S25,13,2025-03-31,609,T1,Remote North,34,2.7,14.3,International Short-Haul
S25,13,2025-03-31,610,T1,Remote North,32,2.5,14.5,International Short-Haul
S25,13,2025-03-31,611,T1,Remote North,33,2.6,14.4,International Short-Haul
S25,13,2025-03-31,612,T1,Remote North,33,2.6,14.4,International Short-Haul
S25,13,2025-03-31,613,T1,Remote North,31,2.4,14.6,International Short-Haul
S25,13,2025-03-31,614,T1,Remote North,36,2.8,14.2,International Short-Haul
S25,13,2025-03-31,615,T1,Remote North,32,2.5,14.5,International Short-Haul
S25,13,2025-03-31,616,T1,Remote North,34,2.7,14.3,International Short-Haul
S25,13,2025-03-31,617,T1,Remote North,33,2.6,14.4,International Short-Haul
S25,13,2025-03-31,618,T1,Remote North,31,2.4,14.6,International Short-Haul
S25,13,2025-03-31,619,T1,Remote North,36,2.8,14.2,International Short-Haul
S25,13,2025-03-31,620,T1,Remote North,36,2.8,14.2,International Short-Haul
S25,13,2025-03-31,621,T1,Remote North,33,2.6,14.4,International Short-Haul
S25,13,2025-03-31,701,T1,Remote South,6,1.6,15.4,Cargo
S25,13,2025-03-31,702,T1,Remote South,6,1.6,15.4,Cargo
S25,13,2025-03-31,703,T1,Remote South,6,1.6,15.4,Cargo
S25,13,2025-03-31,704,T1,Remote South,6,1.6,15.4,Cargo
S25,13,2025-03-31,705,T1,Remote South,6,1.7,15.3,Cargo
S25,13,2025-03-31,706,T1,Remote South,6,1.8,15.2,Cargo
S25,13,2025-03-31,707,T1,Remote South,6,1.7,15.3,Cargo
S25,13,2025-03-31,708,T1,Remote South,6,1.8,15.2,Cargo
S25,13,2025-03-31,709,T1,Remote South,6,1.7,15.3,Cargo
S25,13,2025-03-31,710,T1,Remote South,6,1.7,15.3,Cargo
S25,13,2025-03-31,711,T1,Remote South,6,1.8,15.2,Cargo
S25,13,2025-03-31,712,T1,Remote South,6,1.7,15.3,Cargo
S25,14,2025-04-07,101,T1,Pier 1,113,8.1,8.9,International Short-Haul
S25,14,2025-04-07,102,T1,Pier 1,104,7.4,9.6,International Short-Haul
S25,14,2025-04-07,103,T1,Pier 1,101,7.2,9.8,International Short-Haul
S25,14,2025-04-07,104,T1,Pier 1,113,8.1,8.9,International Short-Haul
S25,14,2025-04-07,105,T1,Pier 1,109,7.8,9.2,International Short-Haul
S25,14,2025-04-07,106,T1,Pier 1,113,8.1,8.9,International Short-Haul
S25,14,2025-04-07,107,T1,Pier 1,115,8.2,8.8,International Short-Haul
S25,14,2025-04-07,108,T1,Pier 1,99,7.1,9.9,International Short-Haul
S25,14,2025-04-07,109,T1,Pier 1,106,7.6,9.4,International Short-Haul
S25,14,2025-04-07,110,T1,Pier 1,105,7.5,9.5,International Short-Haul
S25,14,2025-04-07,111,T1,Pier 1,109,7.8,9.2,International Short-Haul
S25,14,2025-04-07,112,T1,Pier 1,112,8,9,International Short-Haul
S25,14,2025-04-07,113,T1,Pier 1,104,7.4,9.6,International Short-Haul
S25,14,2025-04-07,114,T1,Pier 1,108,7.7,9.3,International Short-Haul
S25,14,2025-04-07,115,T1,Pier 1,111,7.9,9.1,International Short-Haul
S25,14,2025-04-07,116,T1,Pier 1,101,7.2,9.8,International Short-Haul
S25,14,2025-04-07,117,T1,Pier 1,112,8,9,International Short-Haul
S25,14,2025-04-07,118,T1,Pier 1,109,7.8,9.2,International Short-Haul
S25,14,2025-04-07,119,T1,Pier 1,115,8.2,8.8,International Short-Haul
S25,14,2025-04-07,201,T1,Pier 2,80,6.3,10.7,International Short-Haul
S25,14,2025-04-07,202,T1,Pier 2,78,6.1,10.9,International Short-Haul
S25,14,2025-04-07,203,T1,Pier 2,83,6.5,10.5,International Short-Haul
S25,14,2025-04-07,204,T1,Pier 2,78,6.1,10.9,International Short-Haul
S25,14,2025-04-07,205,T1,Pier 2,89,7,10,International Short-Haul
S25,14,2025-04-07,206,T1,Pier 2,76,6,11,International Short-Haul
S25,14,2025-04-07,207,T1,Pier 2,87,6.8,10.2,International Short-Haul
S25,14,2025-04-07,208,T1,Pier 2,83,6.5,10.5,International Short-Haul
S25,14,2025-04-07,209,T1,Pier 2,81,6.4,10.6,International Short-Haul
S25,14,2025-04-07,210,T1,Pier 2,76,6,11,International Short-Haul
S25,14,2025-04-07,211,T1,Pier 2,84,6.6,10.4,International Short-Haul
S25,14,2025-04-07,212,T1,Pier 2,84,6.6,10.4,International Short-Haul
S25,14,2025-04-07,213,T1,Pier 2,80,6.3,10.7,International Short-Haul
S25,14,2025-04-07,214,T1,Pier 2,88,6.9,10.1,International Short-Haul
S25,14,2025-04-07,301,T1,Pier 3,66,5.7,11.3,International Short-Haul
S25,14,2025-04-07,302,T1,Pier 3,68,5.8,11.2,International Short-Haul
S25,14,2025-04-07,303,T1,Pier 3,69,5.9,11.1,International Short-Haul
S25,14,2025-04-07,304,T1,Pier 3,64,5.5,11.5,International Short-Haul
S25,14,2025-04-07,305,T1,Pier 3,74,6.3,10.7,International Short-Haul
S25,14,2025-04-07,306,T1,Pier 3,66,5.7,11.3,International Short-Haul
S25,14,2025-04-07,307,T1,Pier 3,64,5.5,11.5,International Short-Haul
S25,14,2025-04-07,308,T1,Pier 3,68,5.8,11.2,International Short-Haul
S25,14,2025-04-07,309,T1,Pier 3,70,6,11,International Short-Haul
S25,14,2025-04-07,310,T1,Pier 3,69,5.9,11.1,International Short-Haul
S25,14,2025-04-07,311,T1,Pier 3,70,6,11,International Short-Haul
S25,14,2025-04-07,312,T1,Pier 3,63,5.4,11.6,International Short-Haul
S25,14,2025-04-07,313,T1,Pier 3,66,5.7,11.3,International Short-Haul
S25,14,2025-04-07,314,T1,Pier 3,72,6.2,10.8,International Short-Haul
S25,14,2025-04-07,315,T2,Pier 3,64,5.5,11.5,Transatlantic CBP
S25,14,2025-04-07,316,T2,Pier 3,72,6.2,10.8,Transatlantic CBP
S25,14,2025-04-07,317,T2,Pier 3,64,5.5,11.5,Transatlantic CBP
S25,14,2025-04-07,318,T2,Pier 3,72,6.2,10.8,Transatlantic CBP
S25,14,2025-04-07,319,T2,Pier 3,66,5.7,11.3,Transatlantic CBP
S25,14,2025-04-07,320,T2,Pier 3,70,6,11,Transatlantic CBP
S25,14,2025-04-07,321,T2,Pier 3,64,5.5,11.5,Transatlantic CBP
S25,14,2025-04-07,322,T2,Pier 3,64,5.5,11.5,Transatlantic CBP
S25,14,2025-04-07,323,T2,Pier 3,65,5.6,11.4,Transatlantic CBP
S25,14,2025-04-07,401,T2,Pier 4,52,8.9,8.1,Transatlantic CBP
S25,14,2025-04-07,402,T2,Pier 4,54,9.2,7.8,Transatlantic CBP
S25,14,2025-04-07,403,T2,Pier 4,55,9.5,7.5,Transatlantic CBP
S25,14,2025-04-07,404,T2,Pier 4,56,9.6,7.4,Transatlantic CBP
S25,14,2025-04-07,405,T2,Pier 4,58,9.9,7.1,Transatlantic CBP
S25,14,2025-04-07,406,T2,Pier 4,57,9.7,7.3,Transatlantic CBP
S25,14,2025-04-07,407,T2,Pier 4,56,9.6,7.4,Transatlantic CBP
S25,14,2025-04-07,408,T2,Pier 4,54,9.3,7.7,Transatlantic CBP
S25,14,2025-04-07,409,T2,Pier 4,55,9.4,7.6,Transatlantic CBP
S25,14,2025-04-07,410,T2,Pier 4,54,9.3,7.7,Transatlantic CBP
S25,14,2025-04-07,411,T2,Pier 4,58,10,7,Transatlantic CBP
S25,14,2025-04-07,412,T2,Pier 4,53,9.1,7.9,Transatlantic CBP
S25,14,2025-04-07,413,T2,Pier 4,51,8.7,8.3,Transatlantic CBP
S25,14,2025-04-07,414,T2,Pier 4,57,9.7,7.3,Transatlantic CBP
S25,14,2025-04-07,415,T2,Pier 4,52,9,8,Transatlantic CBP
S25,14,2025-04-07,416,T2,Pier 4,59,10.1,6.9,Transatlantic CBP
S25,14,2025-04-07,417,T2,Pier 4,58,10,7,Transatlantic CBP
S25,14,2025-04-07,418,T2,Pier 4,51,8.8,8.2,Transatlantic CBP
S25,14,2025-04-07,419,T2,Pier 4,52,8.9,8.1,Transatlantic CBP
S25,14,2025-04-07,420,T2,Pier 4,55,9.5,7.5,Transatlantic CBP
S25,14,2025-04-07,421,T2,Pier 4,56,9.6,7.4,Transatlantic CBP
S25,14,2025-04-07,422,T2,Pier 4,53,9.1,7.9,Transatlantic CBP
S25,14,2025-04-07,423,T2,Pier 4,57,9.8,7.2,Transatlantic CBP
S25,14,2025-04-07,424,T2,Pier 4,56,9.6,7.4,Transatlantic CBP
S25,14,2025-04-07,425,T2,Pier 4,54,9.2,7.8,Transatlantic CBP
S25,14,2025-04-07,426,T2,Pier 4,51,8.7,8.3,Transatlantic CBP
S25,14,2025-04-07,501,T2,Pier E,40,10.2,6.8,International Long-Haul
S25,14,2025-04-07,502,T2,Pier E,36,9.3,7.7,International Long-Haul
S25,14,2025-04-07,503,T2,Pier E,40,10.3,6.7,International Long-Haul
S25,14,2025-04-07,504,T2,Pier E,38,9.7,7.3,International Long-Haul
S25,14,2025-04-07,505,T2,Pier E,38,9.9,7.1,International Long-Haul
S25,14,2025-04-07,506,T2,Pier E,40,10.4,6.6,International Long-Haul
S25,14,2025-04-07,507,T2,Pier E,40,10.3,6.7,International Long-Haul
S25,14,2025-04-07,508,T2,Pier E,37,9.6,7.4,International Long-Haul
S25,14,2025-04-07,509,T2,Pier E,36,9.3,7.7,International Long-Haul
S25,14,2025-04-07,510,T2,Pier E,40,10.2,6.8,International Long-Haul
S25,14,2025-04-07,511,T2,Pier E,38,9.7,7.3,International Long-Haul
S25,14,2025-04-07,512,T2,Pier E,36,9.3,7.7,International Long-Haul
S25,14,2025-04-07,513,T2,Pier E,40,10.4,6.6,International Long-Haul
S25,14,2025-04-07,514,T2,Pier E,36,9.3,7.7,International Long-Haul
S25,14,2025-04-07,515,T2,Pier E,35,9,8,International Long-Haul
S25,14,2025-04-07,601,T1,Remote North,32,2.5,14.5,International Short-Haul
S25,14,2025-04-07,602,T1,Remote North,34,2.7,14.3,International Short-Haul
S25,14,2025-04-07,603,T1,Remote North,34,2.7,14.3,International Short-Haul
S25,14,2025-04-07,604,T1,Remote North,33,2.6,14.4,International Short-Haul
S25,14,2025-04-07,605,T1,Remote North,33,2.6,14.4,International Short-Haul
S25,14,2025-04-07,606,T1,Remote North,33,2.6,14.4,International Short-Haul
S25,14,2025-04-07,607,T1,Remote North,36,2.8,14.2,International Short-Haul
S25,14,2025-04-07,608,T1,Remote North,32,2.5,14.5,International Short-Haul
S25,14,2025-04-07,609,T1,Remote North,37,2.9,14.1,International Short-Haul
S25,14,2025-04-07,610,T1,Remote North,33,2.6,14.4,International Short-Haul
S25,14,2025-04-07,611,T1,Remote North,37,2.9,14.1,International Short-Haul
S25,14,2025-04-07,612,T1,Remote North,32,2.5,14.5,International Short-Haul
S25,14,2025-04-07,613,T1,Remote North,36,2.8,14.2,International Short-Haul
S25,14,2025-04-07,614,T1,Remote North,33,2.6,14.4,International Short-Haul
S25,14,2025-04-07,615,T1,Remote North,32,2.5,14.5,International Short-Haul
S25,14,2025-04-07,616,T1,Remote North,36,2.8,14.2,International Short-Haul
S25,14,2025-04-07,617,T1,Remote North,36,2.8,14.2,International Short-Haul
S25,14,2025-04-07,618,T1,Remote North,33,2.6,14.4,International Short-Haul
S25,14,2025-04-07,619,T1,Remote North,36,2.8,14.2,International Short-Haul
S25,14,2025-04-07,620,T1,Remote North,34,2.7,14.3,International Short-Haul
S25,14,2025-04-07,621,T1,Remote North,36,2.8,14.2,International Short-Haul
S25,14,2025-04-07,701,T1,Remote South,6,1.7,15.3,Cargo
S25,14,2025-04-07,702,T1,Remote South,6,1.7,15.3,Cargo
S25,14,2025-04-07,703,T1,Remote South,6,1.7,15.3,Cargo
S25,14,2025-04-07,704,T1,Remote South,6,1.7,15.3,Cargo
S25,14,2025-04-07,705,T1,Remote South,6,1.8,15.2,Cargo
S25,14,2025-04-07,706,T1,Remote South,6,1.6,15.4,Cargo
S25,14,2025-04-07,707,T1,Remote South,6,1.6,15.4,Cargo
S25,14,2025-04-07,708,T1,Remote South,6,1.7,15.3,Cargo
S25,14,2025-04-07,709,T1,Remote South,6,1.8,15.2,Cargo
S25,14,2025-04-07,710,T1,Remote South,6,1.6,15.4,Cargo
S25,14,2025-04-07,711,T1,Remote South,6,1.7,15.3,Cargo
S25,14,2025-04-07,712,T1,Remote South,6,1.8,15.2,Cargo
S25,15,2025-04-14,101,T1,Pier 1,118,8.4,8.6,International Short-Haul
S25,15,2025-04-14,102,T1,Pier 1,126,9,8,International Short-Haul
S25,15,2025-04-14,103,T1,Pier 1,127,9.1,7.9,International Short-Haul
S25,15,2025-04-14,104,T1,Pier 1,122,8.7,8.3,International Short-Haul
S25,15,2025-04-14,105,T1,Pier 1,130,9.3,7.7,International Short-Haul
S25,15,2025-04-14,106,T1,Pier 1,127,9.1,7.9,International Short-Haul
S25,15,2025-04-14,107,T1,Pier 1,122,8.7,8.3,International Short-Haul
S25,15,2025-04-14,108,T1,Pier 1,123,8.8,8.2,International Short-Haul
S25,15,2025-04-14,109,T1,Pier 1,126,9,8,International Short-Haul
S25,15,2025-04-14,110,T1,Pier 1,125,8.9,8.1,International Short-Haul
S25,15,2025-04-14,111,T1,Pier 1,130,9.3,7.7,International Short-Haul
S25,15,2025-04-14,112,T1,Pier 1,119,8.5,8.5,International Short-Haul
S25,15,2025-04-14,113,T1,Pier 1,119,8.5,8.5,International Short-Haul
S25,15,2025-04-14,114,T1,Pier 1,116,8.3,8.7,International Short-Haul
S25,15,2025-04-14,115,T1,Pier 1,113,8.1,8.9,International Short-Haul
S25,15,2025-04-14,116,T1,Pier 1,113,8.1,8.9,International Short-Haul
S25,15,2025-04-14,117,T1,Pier 1,130,9.3,7.7,International Short-Haul
S25,15,2025-04-14,118,T1,Pier 1,126,9,8,International Short-Haul
S25,15,2025-04-14,119,T1,Pier 1,126,9,8,International Short-Haul
S25,15,2025-04-14,201,T1,Pier 2,97,7.6,9.4,International Short-Haul
S25,15,2025-04-14,202,T1,Pier 2,99,7.8,9.2,International Short-Haul
S25,15,2025-04-14,203,T1,Pier 2,94,7.4,9.6,International Short-Haul
S25,15,2025-04-14,204,T1,Pier 2,101,7.9,9.1,International Short-Haul
S25,15,2025-04-14,205,T1,Pier 2,93,7.3,9.7,International Short-Haul
S25,15,2025-04-14,206,T1,Pier 2,101,7.9,9.1,International Short-Haul
S25,15,2025-04-14,207,T1,Pier 2,98,7.7,9.3,International Short-Haul
S25,15,2025-04-14,208,T1,Pier 2,90,7.1,9.9,International Short-Haul
S25,15,2025-04-14,209,T1,Pier 2,95,7.5,9.5,International Short-Haul
S25,15,2025-04-14,210,T1,Pier 2,95,7.5,9.5,International Short-Haul
S25,15,2025-04-14,211,T1,Pier 2,89,7,10,International Short-Haul
S25,15,2025-04-14,212,T1,Pier 2,95,7.5,9.5,International Short-Haul
S25,15,2025-04-14,213,T1,Pier 2,92,7.2,9.8,International Short-Haul
S25,15,2025-04-14,214,T1,Pier 2,88,6.9,10.1,International Short-Haul
S25,15,2025-04-14,301,T1,Pier 3,84,7.2,9.8,International Short-Haul
S25,15,2025-04-14,302,T1,Pier 3,81,6.9,10.1,International Short-Haul
S25,15,2025-04-14,303,T1,Pier 3,83,7.1,9.9,International Short-Haul
S25,15,2025-04-14,304,T1,Pier 3,81,6.9,10.1,International Short-Haul
S25,15,2025-04-14,305,T1,Pier 3,76,6.5,10.5,International Short-Haul
S25,15,2025-04-14,306,T1,Pier 3,78,6.7,10.3,International Short-Haul
S25,15,2025-04-14,307,T1,Pier 3,81,6.9,10.1,International Short-Haul
S25,15,2025-04-14,308,T1,Pier 3,84,7.2,9.8,International Short-Haul
S25,15,2025-04-14,309,T1,Pier 3,75,6.4,10.6,International Short-Haul
S25,15,2025-04-14,310,T1,Pier 3,83,7.1,9.9,International Short-Haul
S25,15,2025-04-14,311,T1,Pier 3,84,7.2,9.8,International Short-Haul
S25,15,2025-04-14,312,T1,Pier 3,81,6.9,10.1,International Short-Haul
S25,15,2025-04-14,313,T1,Pier 3,84,7.2,9.8,International Short-Haul
S25,15,2025-04-14,314,T1,Pier 3,77,6.6,10.4,International Short-Haul
S25,15,2025-04-14,315,T2,Pier 3,84,7.2,9.8,Transatlantic CBP
S25,15,2025-04-14,316,T2,Pier 3,81,6.9,10.1,Transatlantic CBP
S25,15,2025-04-14,317,T2,Pier 3,72,6.2,10.8,Transatlantic CBP
S25,15,2025-04-14,318,T2,Pier 3,83,7.1,9.9,Transatlantic CBP
S25,15,2025-04-14,319,T2,Pier 3,78,6.7,10.3,Transatlantic CBP
S25,15,2025-04-14,320,T2,Pier 3,78,6.7,10.3,Transatlantic CBP
S25,15,2025-04-14,321,T2,Pier 3,79,6.8,10.2,Transatlantic CBP
S25,15,2025-04-14,322,T2,Pier 3,74,6.3,10.7,Transatlantic CBP
S25,15,2025-04-14,323,T2,Pier 3,78,6.7,10.3,Transatlantic CBP
S25,15,2025-04-14,401,T2,Pier 4,66,11.4,5.6,Transatlantic CBP
S25,15,2025-04-14,402,T2,Pier 4,58,10,7,Transatlantic CBP
S25,15,2025-04-14,403,T2,Pier 4,61,10.4,6.6,Transatlantic CBP
S25,15,2025-04-14,404,T2,Pier 4,58,10,7,Transatlantic CBP
S25,15,2025-04-14,405,T2,Pier 4,62,10.7,6.3,Transatlantic CBP
S25,15,2025-04-14,406,T2,Pier 4,65,11.2,5.8,Transatlantic CBP
S25,15,2025-04-14,407,T2,Pier 4,66,11.3,5.7,Transatlantic CBP
S25,15,2025-04-14,408,T2,Pier 4,68,11.6,5.4,Transatlantic CBP
S25,15,2025-04-14,409,T2,Pier 4,64,11,6,Transatlantic CBP
S25,15,2025-04-14,410,T2,Pier 4,61,10.4,6.6,Transatlantic CBP
S25,15,2025-04-14,411,T2,Pier 4,68,11.6,5.4,Transatlantic CBP
S25,15,2025-04-14,412,T2,Pier 4,66,11.3,5.7,Transatlantic CBP
S25,15,2025-04-14,413,T2,Pier 4,64,10.9,6.1,Transatlantic CBP
S25,15,2025-04-14,414,T2,Pier 4,65,11.2,5.8,Transatlantic CBP
S25,15,2025-04-14,415,T2,Pier 4,68,11.6,5.4,Transatlantic CBP
S25,15,2025-04-14,416,T2,Pier 4,65,11.2,5.8,Transatlantic CBP
S25,15,2025-04-14,417,T2,Pier 4,62,10.6,6.4,Transatlantic CBP
S25,15,2025-04-14,418,T2,Pier 4,65,11.2,5.8,Transatlantic CBP
S25,15,2025-04-14,419,T2,Pier 4,58,10,7,Transatlantic CBP
S25,15,2025-04-14,420,T2,Pier 4,62,10.6,6.4,Transatlantic CBP
S25,15,2025-04-14,421,T2,Pier 4,62,10.7,6.3,Transatlantic CBP
S25,15,2025-04-14,422,T2,Pier 4,60,10.2,6.8,Transatlantic CBP
S25,15,2025-04-14,423,T2,Pier 4,58,10,7,Transatlantic CBP
S25,15,2025-04-14,424,T2,Pier 4,60,10.2,6.8,Transatlantic CBP
S25,15,2025-04-14,425,T2,Pier 4,65,11.1,5.9,Transatlantic CBP
S25,15,2025-04-14,426,T2,Pier 4,66,11.3,5.7,Transatlantic CBP
S25,15,2025-04-14,501,T2,Pier E,47,12,5,International Long-Haul
S25,15,2025-04-14,502,T2,Pier E,42,10.9,6.1,International Long-Haul
S25,15,2025-04-14,503,T2,Pier E,44,11.3,5.7,International Long-Haul
S25,15,2025-04-14,504,T2,Pier E,47,12,5,International Long-Haul
S25,15,2025-04-14,505,T2,Pier E,41,10.6,6.4,International Long-Haul
S25,15,2025-04-14,506,T2,Pier E,45,11.6,5.4,International Long-Haul
S25,15,2025-04-14,507,T2,Pier E,45,11.6,5.4,International Long-Haul
S25,15,2025-04-14,508,T2,Pier E,40,10.4,6.6,International Long-Haul
S25,15,2025-04-14,509,T2,Pier E,46,11.8,5.2,International Long-Haul
S25,15,2025-04-14,510,T2,Pier E,45,11.7,5.3,International Long-Haul
S25,15,2025-04-14,511,T2,Pier E,40,10.3,6.7,International Long-Haul
S25,15,2025-04-14,512,T2,Pier E,40,10.4,6.6,International Long-Haul
S25,15,2025-04-14,513,T2,Pier E,40,10.4,6.6,International Long-Haul
S25,15,2025-04-14,514,T2,Pier E,42,10.9,6.1,International Long-Haul
S25,15,2025-04-14,515,T2,Pier E,44,11.2,5.8,International Long-Haul
S25,15,2025-04-14,601,T1,Remote North,39,3.1,13.9,International Short-Haul
S25,15,2025-04-14,602,T1,Remote North,37,2.9,14.1,International Short-Haul
S25,15,2025-04-14,603,T1,Remote North,42,3.3,13.7,International Short-Haul
S25,15,2025-04-14,604,T1,Remote North,38,3,14,International Short-Haul
S25,15,2025-04-14,605,T1,Remote North,36,2.8,14.2,International Short-Haul
S25,15,2025-04-14,606,T1,Remote North,38,3,14,International Short-Haul
S25,15,2025-04-14,607,T1,Remote North,39,3.1,13.9,International Short-Haul
S25,15,2025-04-14,608,T1,Remote North,38,3,14,International Short-Haul
S25,15,2025-04-14,609,T1,Remote North,37,2.9,14.1,International Short-Haul
S25,15,2025-04-14,610,T1,Remote North,37,2.9,14.1,International Short-Haul
S25,15,2025-04-14,611,T1,Remote North,41,3.2,13.8,International Short-Haul
S25,15,2025-04-14,612,T1,Remote North,42,3.3,13.7,International Short-Haul
S25,15,2025-04-14,613,T1,Remote North,38,3,14,International Short-Haul
S25,15,2025-04-14,614,T1,Remote North,38,3,14,International Short-Haul
S25,15,2025-04-14,615,T1,Remote North,39,3.1,13.9,International Short-Haul
S25,15,2025-04-14,616,T1,Remote North,41,3.2,13.8,International Short-Haul
S25,15,2025-04-14,617,T1,Remote North,38,3,14,International Short-Haul
S25,15,2025-04-14,618,T1,Remote North,42,3.3,13.7,International Short-Haul
S25,15,2025-04-14,619,T1,Remote North,39,3.1,13.9,International Short-Haul
S25,15,2025-04-14,620,T1,Remote North,38,3,14,International Short-Haul
S25,15,2025-04-14,621,T1,Remote North,39,3.1,13.9,International Short-Haul
S25,15,2025-04-14,701,T1,Remote South,7,2.1,14.9,Cargo
S25,15,2025-04-14,702,T1,Remote South,7,2.1,14.9,Cargo
S25,15,2025-04-14,703,T1,Remote South,6,1.8,15.2,Cargo
S25,15,2025-04-14,704,T1,Remote South,7,1.9,15.1,Cargo
S25,15,2025-04-14,705,T1,Remote South,7,2,15,Cargo
S25,15,2025-04-14,706,T1,Remote South,7,1.9,15.1,Cargo
S25,15,2025-04-14,707,T1,Remote South,7,2,15,Cargo
S25,15,2025-04-14,708,T1,Remote South,7,2.1,14.9,Cargo
S25,15,2025-04-14,709,T1,Remote South,7,2,15,Cargo
S25,15,2025-04-14,710,T1,Remote South,7,2.1,14.9,Cargo
S25,15,2025-04-14,711,T1,Remote South,7,1.9,15.1,Cargo
S25,15,2025-04-14,712,T1,Remote South,7,2.1,14.9,Cargo
S25,16,2025-04-21,101,T1,Pier 1,119,8.5,8.5,International Short-Haul
S25,16,2025-04-21,102,T1,Pier 1,112,8,9,International Short-Haul
S25,16,2025-04-21,103,T1,Pier 1,119,8.5,8.5,International Short-Haul
S25,16,2025-04-21,104,T1,Pier 1,108,7.7,9.3,International Short-Haul
S25,16,2025-04-21,105,T1,Pier 1,120,8.6,8.4,International Short-Haul
S25,16,2025-04-21,106,T1,Pier 1,115,8.2,8.8,International Short-Haul
S25,16,2025-04-21,107,T1,Pier 1,111,7.9,9.1,International Short-Haul
S25,16,2025-04-21,108,T1,Pier 1,118,8.4,8.6,International Short-Haul
S25,16,2025-04-21,109,T1,Pier 1,118,8.4,8.6,International Short-Haul
S25,16,2025-04-21,110,T1,Pier 1,109,7.8,9.2,International Short-Haul
S25,16,2025-04-21,111,T1,Pier 1,106,7.6,9.4,International Short-Haul
S25,16,2025-04-21,112,T1,Pier 1,113,8.1,8.9,International Short-Haul
S25,16,2025-04-21,113,T1,Pier 1,116,8.3,8.7,International Short-Haul
S25,16,2025-04-21,114,T1,Pier 1,122,8.7,8.3,International Short-Haul
S25,16,2025-04-21,115,T1,Pier 1,123,8.8,8.2,International Short-Haul
S25,16,2025-04-21,116,T1,Pier 1,115,8.2,8.8,International Short-Haul
S25,16,2025-04-21,117,T1,Pier 1,119,8.5,8.5,International Short-Haul
S25,16,2025-04-21,118,T1,Pier 1,113,8.1,8.9,International Short-Haul
S25,16,2025-04-21,119,T1,Pier 1,119,8.5,8.5,International Short-Haul
S25,16,2025-04-21,201,T1,Pier 2,84,6.6,10.4,International Short-Haul
S25,16,2025-04-21,202,T1,Pier 2,87,6.8,10.2,International Short-Haul
S25,16,2025-04-21,203,T1,Pier 2,90,7.1,9.9,International Short-Haul
S25,16,2025-04-21,204,T1,Pier 2,81,6.4,10.6,International Short-Haul
S25,16,2025-04-21,205,T1,Pier 2,92,7.2,9.8,International Short-Haul
S25,16,2025-04-21,206,T1,Pier 2,93,7.3,9.7,International Short-Haul
S25,16,2025-04-21,207,T1,Pier 2,87,6.8,10.2,International Short-Haul
S25,16,2025-04-21,208,T1,Pier 2,88,6.9,10.1,International Short-Haul
S25,16,2025-04-21,209,T1,Pier 2,93,7.3,9.7,International Short-Haul
S25,16,2025-04-21,210,T1,Pier 2,93,7.3,9.7,International Short-Haul
S25,16,2025-04-21,211,T1,Pier 2,85,6.7,10.3,International Short-Haul
S25,16,2025-04-21,212,T1,Pier 2,87,6.8,10.2,International Short-Haul
S25,16,2025-04-21,213,T1,Pier 2,92,7.2,9.8,International Short-Haul
S25,16,2025-04-21,214,T1,Pier 2,89,7,10,International Short-Haul
S25,16,2025-04-21,301,T1,Pier 3,69,5.9,11.1,International Short-Haul
S25,16,2025-04-21,302,T1,Pier 3,71,6.1,10.9,International Short-Haul
S25,16,2025-04-21,303,T1,Pier 3,78,6.7,10.3,International Short-Haul
S25,16,2025-04-21,304,T1,Pier 3,76,6.5,10.5,International Short-Haul
S25,16,2025-04-21,305,T1,Pier 3,79,6.8,10.2,International Short-Haul
S25,16,2025-04-21,306,T1,Pier 3,77,6.6,10.4,International Short-Haul
S25,16,2025-04-21,307,T1,Pier 3,78,6.7,10.3,International Short-Haul
S25,16,2025-04-21,308,T1,Pier 3,70,6,11,International Short-Haul
S25,16,2025-04-21,309,T1,Pier 3,77,6.6,10.4,International Short-Haul
S25,16,2025-04-21,310,T1,Pier 3,68,5.8,11.2,International Short-Haul
S25,16,2025-04-21,311,T1,Pier 3,76,6.5,10.5,International Short-Haul
S25,16,2025-04-21,312,T1,Pier 3,74,6.3,10.7,International Short-Haul
S25,16,2025-04-21,313,T1,Pier 3,71,6.1,10.9,International Short-Haul
S25,16,2025-04-21,314,T1,Pier 3,77,6.6,10.4,International Short-Haul
S25,16,2025-04-21,315,T2,Pier 3,77,6.6,10.4,Transatlantic CBP
S25,16,2025-04-21,316,T2,Pier 3,68,5.8,11.2,Transatlantic CBP
S25,16,2025-04-21,317,T2,Pier 3,75,6.4,10.6,Transatlantic CBP
S25,16,2025-04-21,318,T2,Pier 3,72,6.2,10.8,Transatlantic CBP
S25,16,2025-04-21,319,T2,Pier 3,72,6.2,10.8,Transatlantic CBP
S25,16,2025-04-21,320,T2,Pier 3,77,6.6,10.4,Transatlantic CBP
S25,16,2025-04-21,321,T2,Pier 3,71,6.1,10.9,Transatlantic CBP
S25,16,2025-04-21,322,T2,Pier 3,78,6.7,10.3,Transatlantic CBP
S25,16,2025-04-21,323,T2,Pier 3,70,6,11,Transatlantic CBP
S25,16,2025-04-21,401,T2,Pier 4,61,10.4,6.6,Transatlantic CBP
S25,16,2025-04-21,402,T2,Pier 4,61,10.4,6.6,Transatlantic CBP
S25,16,2025-04-21,403,T2,Pier 4,57,9.7,7.3,Transatlantic CBP
S25,16,2025-04-21,404,T2,Pier 4,58,9.9,7.1,Transatlantic CBP
S25,16,2025-04-21,405,T2,Pier 4,62,10.7,6.3,Transatlantic CBP
S25,16,2025-04-21,406,T2,Pier 4,62,10.6,6.4,Transatlantic CBP
S25,16,2025-04-21,407,T2,Pier 4,58,9.9,7.1,Transatlantic CBP
S25,16,2025-04-21,408,T2,Pier 4,60,10.2,6.8,Transatlantic CBP
S25,16,2025-04-21,409,T2,Pier 4,55,9.4,7.6,Transatlantic CBP
S25,16,2025-04-21,410,T2,Pier 4,57,9.7,7.3,Transatlantic CBP
S25,16,2025-04-21,411,T2,Pier 4,59,10.1,6.9,Transatlantic CBP
S25,16,2025-04-21,412,T2,Pier 4,55,9.5,7.5,Transatlantic CBP
S25,16,2025-04-21,413,T2,Pier 4,62,10.7,6.3,Transatlantic CBP
S25,16,2025-04-21,414,T2,Pier 4,61,10.5,6.5,Transatlantic CBP
S25,16,2025-04-21,415,T2,Pier 4,64,10.9,6.1,Transatlantic CBP
S25,16,2025-04-21,416,T2,Pier 4,61,10.5,6.5,Transatlantic CBP
S25,16,2025-04-21,417,T2,Pier 4,64,10.9,6.1,Transatlantic CBP
S25,16,2025-04-21,418,T2,Pier 4,60,10.2,6.8,Transatlantic CBP
S25,16,2025-04-21,419,T2,Pier 4,60,10.3,6.7,Transatlantic CBP
S25,16,2025-04-21,420,T2,Pier 4,64,10.9,6.1,Transatlantic CBP
S25,16,2025-04-21,421,T2,Pier 4,61,10.4,6.6,Transatlantic CBP
S25,16,2025-04-21,422,T2,Pier 4,55,9.4,7.6,Transatlantic CBP
S25,16,2025-04-21,423,T2,Pier 4,61,10.5,6.5,Transatlantic CBP
S25,16,2025-04-21,424,T2,Pier 4,63,10.8,6.2,Transatlantic CBP
S25,16,2025-04-21,425,T2,Pier 4,62,10.6,6.4,Transatlantic CBP
S25,16,2025-04-21,426,T2,Pier 4,60,10.3,6.7,Transatlantic CBP
S25,16,2025-04-21,501,T2,Pier E,42,10.8,6.2,International Long-Haul
S25,16,2025-04-21,502,T2,Pier E,44,11.3,5.7,International Long-Haul
S25,16,2025-04-21,503,T2,Pier E,38,9.8,7.2,International Long-Haul
S25,16,2025-04-21,504,T2,Pier E,42,10.8,6.2,International Long-Haul
S25,16,2025-04-21,505,T2,Pier E,39,10.1,6.9,International Long-Haul
S25,16,2025-04-21,506,T2,Pier E,42,10.7,6.3,International Long-Haul
S25,16,2025-04-21,507,T2,Pier E,42,10.7,6.3,International Long-Haul
S25,16,2025-04-21,508,T2,Pier E,38,9.9,7.1,International Long-Haul
S25,16,2025-04-21,509,T2,Pier E,39,10,7,International Long-Haul
S25,16,2025-04-21,510,T2,Pier E,42,10.7,6.3,International Long-Haul
S25,16,2025-04-21,511,T2,Pier E,38,9.9,7.1,International Long-Haul
S25,16,2025-04-21,512,T2,Pier E,39,10.1,6.9,International Long-Haul
S25,16,2025-04-21,513,T2,Pier E,43,11,6,International Long-Haul
S25,16,2025-04-21,514,T2,Pier E,40,10.2,6.8,International Long-Haul
S25,16,2025-04-21,515,T2,Pier E,41,10.5,6.5,International Long-Haul
S25,16,2025-04-21,601,T1,Remote North,39,3.1,13.9,International Short-Haul
S25,16,2025-04-21,602,T1,Remote North,34,2.7,14.3,International Short-Haul
S25,16,2025-04-21,603,T1,Remote North,36,2.8,14.2,International Short-Haul
S25,16,2025-04-21,604,T1,Remote North,37,2.9,14.1,International Short-Haul
S25,16,2025-04-21,605,T1,Remote North,38,3,14,International Short-Haul
S25,16,2025-04-21,606,T1,Remote North,39,3.1,13.9,International Short-Haul
S25,16,2025-04-21,607,T1,Remote North,39,3.1,13.9,International Short-Haul
S25,16,2025-04-21,608,T1,Remote North,38,3,14,International Short-Haul
S25,16,2025-04-21,609,T1,Remote North,34,2.7,14.3,International Short-Haul
S25,16,2025-04-21,610,T1,Remote North,33,2.6,14.4,International Short-Haul
S25,16,2025-04-21,611,T1,Remote North,36,2.8,14.2,International Short-Haul
S25,16,2025-04-21,612,T1,Remote North,34,2.7,14.3,International Short-Haul
S25,16,2025-04-21,613,T1,Remote North,38,3,14,International Short-Haul
S25,16,2025-04-21,614,T1,Remote North,37,2.9,14.1,International Short-Haul
S25,16,2025-04-21,615,T1,Remote North,34,2.7,14.3,International Short-Haul
S25,16,2025-04-21,616,T1,Remote North,38,3,14,International Short-Haul
S25,16,2025-04-21,617,T1,Remote North,36,2.8,14.2,International Short-Haul
S25,16,2025-04-21,618,T1,Remote North,36,2.8,14.2,International Short-Haul
S25,16,2025-04-21,619,T1,Remote North,37,2.9,14.1,International Short-Haul
S25,16,2025-04-21,620,T1,Remote North,36,2.8,14.2,International Short-Haul
S25,16,2025-04-21,621,T1,Remote North,36,2.8,14.2,International Short-Haul
S25,16,2025-04-21,701,T1,Remote South,6,1.7,15.3,Cargo
S25,16,2025-04-21,702,T1,Remote South,6,1.8,15.2,Cargo
S25,16,2025-04-21,703,T1,Remote South,7,1.9,15.1,Cargo
S25,16,2025-04-21,704,T1,Remote South,7,2,15,Cargo
S25,16,2025-04-21,705,T1,Remote South,6,1.8,15.2,Cargo
S25,16,2025-04-21,706,T1,Remote South,6,1.8,15.2,Cargo
S25,16,2025-04-21,707,T1,Remote South,7,1.9,15.1,Cargo
S25,16,2025-04-21,708,T1,Remote South,7,2,15,Cargo
S25,16,2025-04-21,709,T1,Remote South,6,1.8,15.2,Cargo
S25,16,2025-04-21,710,T1,Remote South,6,1.8,15.2,Cargo
S25,16,2025-04-21,711,T1,Remote South,7,1.9,15.1,Cargo
S25,16,2025-04-21,712,T1,Remote South,7,1.9,15.1,Cargo
S25,17,2025-04-28,101,T1,Pier 1,102,7.3,9.7,International Short-Haul
S25,17,2025-04-28,102,T1,Pier 1,112,8,9,International Short-Haul
S25,17,2025-04-28,103,T1,Pier 1,104,7.4,9.6,International Short-Haul
S25,17,2025-04-28,104,T1,Pier 1,109,7.8,9.2,International Short-Haul
S25,17,2025-04-28,105,T1,Pier 1,109,7.8,9.2,International Short-Haul
S25,17,2025-04-28,106,T1,Pier 1,116,8.3,8.7,International Short-Haul
S25,17,2025-04-28,107,T1,Pier 1,109,7.8,9.2,International Short-Haul
S25,17,2025-04-28,108,T1,Pier 1,105,7.5,9.5,International Short-Haul
S25,17,2025-04-28,109,T1,Pier 1,105,7.5,9.5,International Short-Haul
S25,17,2025-04-28,110,T1,Pier 1,116,8.3,8.7,International Short-Haul
S25,17,2025-04-28,111,T1,Pier 1,104,7.4,9.6,International Short-Haul
S25,17,2025-04-28,112,T1,Pier 1,108,7.7,9.3,International Short-Haul
S25,17,2025-04-28,113,T1,Pier 1,104,7.4,9.6,International Short-Haul
S25,17,2025-04-28,114,T1,Pier 1,113,8.1,8.9,International Short-Haul
S25,17,2025-04-28,115,T1,Pier 1,109,7.8,9.2,International Short-Haul
S25,17,2025-04-28,116,T1,Pier 1,106,7.6,9.4,International Short-Haul
S25,17,2025-04-28,117,T1,Pier 1,106,7.6,9.4,International Short-Haul
S25,17,2025-04-28,118,T1,Pier 1,115,8.2,8.8,International Short-Haul
S25,17,2025-04-28,119,T1,Pier 1,111,7.9,9.1,International Short-Haul
S25,17,2025-04-28,201,T1,Pier 2,88,6.9,10.1,International Short-Haul
S25,17,2025-04-28,202,T1,Pier 2,89,7,10,International Short-Haul
S25,17,2025-04-28,203,T1,Pier 2,89,7,10,International Short-Haul
S25,17,2025-04-28,204,T1,Pier 2,81,6.4,10.6,International Short-Haul
S25,17,2025-04-28,205,T1,Pier 2,90,7.1,9.9,International Short-Haul
S25,17,2025-04-28,206,T1,Pier 2,78,6.1,10.9,International Short-Haul
S25,17,2025-04-28,207,T1,Pier 2,83,6.5,10.5,International Short-Haul
S25,17,2025-04-28,208,T1,Pier 2,89,7,10,International Short-Haul
S25,17,2025-04-28,209,T1,Pier 2,81,6.4,10.6,International Short-Haul
S25,17,2025-04-28,210,T1,Pier 2,81,6.4,10.6,International Short-Haul
S25,17,2025-04-28,211,T1,Pier 2,81,6.4,10.6,International Short-Haul
S25,17,2025-04-28,212,T1,Pier 2,85,6.7,10.3,International Short-Haul
S25,17,2025-04-28,213,T1,Pier 2,84,6.6,10.4,International Short-Haul
S25,17,2025-04-28,214,T1,Pier 2,88,6.9,10.1,International Short-Haul
S25,17,2025-04-28,301,T1,Pier 3,75,6.4,10.6,International Short-Haul
S25,17,2025-04-28,302,T1,Pier 3,72,6.2,10.8,International Short-Haul
S25,17,2025-04-28,303,T1,Pier 3,66,5.7,11.3,International Short-Haul
S25,17,2025-04-28,304,T1,Pier 3,75,6.4,10.6,International Short-Haul
S25,17,2025-04-28,305,T1,Pier 3,68,5.8,11.2,International Short-Haul
S25,17,2025-04-28,306,T1,Pier 3,65,5.6,11.4,International Short-Haul
S25,17,2025-04-28,307,T1,Pier 3,65,5.6,11.4,International Short-Haul
S25,17,2025-04-28,308,T1,Pier 3,70,6,11,International Short-Haul
S25,17,2025-04-28,309,T1,Pier 3,65,5.6,11.4,International Short-Haul
S25,17,2025-04-28,310,T1,Pier 3,65,5.6,11.4,International Short-Haul
S25,17,2025-04-28,311,T1,Pier 3,68,5.8,11.2,International Short-Haul
S25,17,2025-04-28,312,T1,Pier 3,68,5.8,11.2,International Short-Haul
S25,17,2025-04-28,313,T1,Pier 3,71,6.1,10.9,International Short-Haul
S25,17,2025-04-28,314,T1,Pier 3,74,6.3,10.7,International Short-Haul
S25,17,2025-04-28,315,T2,Pier 3,72,6.2,10.8,Transatlantic CBP
S25,17,2025-04-28,316,T2,Pier 3,68,5.8,11.2,Transatlantic CBP
S25,17,2025-04-28,317,T2,Pier 3,66,5.7,11.3,Transatlantic CBP
S25,17,2025-04-28,318,T2,Pier 3,75,6.4,10.6,Transatlantic CBP
S25,17,2025-04-28,319,T2,Pier 3,64,5.5,11.5,Transatlantic CBP
S25,17,2025-04-28,320,T2,Pier 3,74,6.3,10.7,Transatlantic CBP
S25,17,2025-04-28,321,T2,Pier 3,66,5.7,11.3,Transatlantic CBP
S25,17,2025-04-28,322,T2,Pier 3,75,6.4,10.6,Transatlantic CBP
S25,17,2025-04-28,323,T2,Pier 3,68,5.8,11.2,Transatlantic CBP
S25,17,2025-04-28,401,T2,Pier 4,56,9.6,7.4,Transatlantic CBP
S25,17,2025-04-28,402,T2,Pier 4,58,10,7,Transatlantic CBP
S25,17,2025-04-28,403,T2,Pier 4,57,9.8,7.2,Transatlantic CBP
S25,17,2025-04-28,404,T2,Pier 4,55,9.4,7.6,Transatlantic CBP
S25,17,2025-04-28,405,T2,Pier 4,57,9.7,7.3,Transatlantic CBP
S25,17,2025-04-28,406,T2,Pier 4,58,10,7,Transatlantic CBP
S25,17,2025-04-28,407,T2,Pier 4,52,9,8,Transatlantic CBP
S25,17,2025-04-28,408,T2,Pier 4,52,8.9,8.1,Transatlantic CBP
S25,17,2025-04-28,409,T2,Pier 4,56,9.6,7.4,Transatlantic CBP
S25,17,2025-04-28,410,T2,Pier 4,53,9.1,7.9,Transatlantic CBP
S25,17,2025-04-28,411,T2,Pier 4,58,9.9,7.1,Transatlantic CBP
S25,17,2025-04-28,412,T2,Pier 4,54,9.2,7.8,Transatlantic CBP
S25,17,2025-04-28,413,T2,Pier 4,56,9.6,7.4,Transatlantic CBP
S25,17,2025-04-28,414,T2,Pier 4,54,9.2,7.8,Transatlantic CBP
S25,17,2025-04-28,415,T2,Pier 4,57,9.7,7.3,Transatlantic CBP
S25,17,2025-04-28,416,T2,Pier 4,53,9.1,7.9,Transatlantic CBP
S25,17,2025-04-28,417,T2,Pier 4,52,8.9,8.1,Transatlantic CBP
S25,17,2025-04-28,418,T2,Pier 4,52,9,8,Transatlantic CBP
S25,17,2025-04-28,419,T2,Pier 4,61,10.4,6.6,Transatlantic CBP
S25,17,2025-04-28,420,T2,Pier 4,53,9.1,7.9,Transatlantic CBP
S25,17,2025-04-28,421,T2,Pier 4,58,10,7,Transatlantic CBP
S25,17,2025-04-28,422,T2,Pier 4,52,9,8,Transatlantic CBP
S25,17,2025-04-28,423,T2,Pier 4,53,9.1,7.9,Transatlantic CBP
S25,17,2025-04-28,424,T2,Pier 4,57,9.7,7.3,Transatlantic CBP
S25,17,2025-04-28,425,T2,Pier 4,56,9.6,7.4,Transatlantic CBP
S25,17,2025-04-28,426,T2,Pier 4,61,10.4,6.6,Transatlantic CBP
S25,17,2025-04-28,501,T2,Pier E,42,10.7,6.3,International Long-Haul
S25,17,2025-04-28,502,T2,Pier E,40,10.4,6.6,International Long-Haul
S25,17,2025-04-28,503,T2,Pier E,39,10.1,6.9,International Long-Haul
S25,17,2025-04-28,504,T2,Pier E,38,9.9,7.1,International Long-Haul
S25,17,2025-04-28,505,T2,Pier E,38,9.7,7.3,International Long-Haul
S25,17,2025-04-28,506,T2,Pier E,42,10.7,6.3,International Long-Haul
S25,17,2025-04-28,507,T2,Pier E,39,10.1,6.9,International Long-Haul
S25,17,2025-04-28,508,T2,Pier E,39,10.1,6.9,International Long-Haul
S25,17,2025-04-28,509,T2,Pier E,37,9.5,7.5,International Long-Haul
S25,17,2025-04-28,510,T2,Pier E,36,9.3,7.7,International Long-Haul
S25,17,2025-04-28,511,T2,Pier E,42,10.7,6.3,International Long-Haul
S25,17,2025-04-28,512,T2,Pier E,38,9.7,7.3,International Long-Haul
S25,17,2025-04-28,513,T2,Pier E,38,9.9,7.1,International Long-Haul
S25,17,2025-04-28,514,T2,Pier E,37,9.4,7.6,International Long-Haul
S25,17,2025-04-28,515,T2,Pier E,41,10.5,6.5,International Long-Haul
S25,17,2025-04-28,601,T1,Remote North,32,2.5,14.5,International Short-Haul
S25,17,2025-04-28,602,T1,Remote North,37,2.9,14.1,International Short-Haul
S25,17,2025-04-28,603,T1,Remote North,33,2.6,14.4,International Short-Haul
S25,17,2025-04-28,604,T1,Remote North,37,2.9,14.1,International Short-Haul
S25,17,2025-04-28,605,T1,Remote North,36,2.8,14.2,International Short-Haul
S25,17,2025-04-28,606,T1,Remote North,33,2.6,14.4,International Short-Haul
S25,17,2025-04-28,607,T1,Remote North,36,2.8,14.2,International Short-Haul
S25,17,2025-04-28,608,T1,Remote North,33,2.6,14.4,International Short-Haul
S25,17,2025-04-28,609,T1,Remote North,33,2.6,14.4,International Short-Haul
S25,17,2025-04-28,610,T1,Remote North,37,2.9,14.1,International Short-Haul
S25,17,2025-04-28,611,T1,Remote North,34,2.7,14.3,International Short-Haul
S25,17,2025-04-28,612,T1,Remote North,34,2.7,14.3,International Short-Haul
S25,17,2025-04-28,613,T1,Remote North,33,2.6,14.4,International Short-Haul
S25,17,2025-04-28,614,T1,Remote North,34,2.7,14.3,International Short-Haul
S25,17,2025-04-28,615,T1,Remote North,37,2.9,14.1,International Short-Haul
S25,17,2025-04-28,616,T1,Remote North,34,2.7,14.3,International Short-Haul
S25,17,2025-04-28,617,T1,Remote North,37,2.9,14.1,International Short-Haul
S25,17,2025-04-28,618,T1,Remote North,37,2.9,14.1,International Short-Haul
S25,17,2025-04-28,619,T1,Remote North,33,2.6,14.4,International Short-Haul
S25,17,2025-04-28,620,T1,Remote North,33,2.6,14.4,International Short-Haul
S25,17,2025-04-28,621,T1,Remote North,37,2.9,14.1,International Short-Haul
S25,17,2025-04-28,701,T1,Remote South,6,1.7,15.3,Cargo
S25,17,2025-04-28,702,T1,Remote South,6,1.6,15.4,Cargo
S25,17,2025-04-28,703,T1,Remote South,6,1.7,15.3,Cargo
S25,17,2025-04-28,704,T1,Remote South,6,1.8,15.2,Cargo
S25,17,2025-04-28,705,T1,Remote South,6,1.8,15.2,Cargo
S25,17,2025-04-28,706,T1,Remote South,6,1.6,15.4,Cargo
S25,17,2025-04-28,707,T1,Remote South,6,1.6,15.4,Cargo
S25,17,2025-04-28,708,T1,Remote South,7,1.9,15.1,Cargo
S25,17,2025-04-28,709,T1,Remote South,6,1.8,15.2,Cargo
S25,17,2025-04-28,710,T1,Remote South,6,1.8,15.2,Cargo
S25,17,2025-04-28,711,T1,Remote South,6,1.8,15.2,Cargo
S25,17,2025-04-28,712,T1,Remote South,6,1.7,15.3,Cargo
S25,18,2025-05-05,101,T1,Pier 1,120,8.6,8.4,International Short-Haul
S25,18,2025-05-05,102,T1,Pier 1,113,8.1,8.9,International Short-Haul
S25,18,2025-05-05,103,T1,Pier 1,111,7.9,9.1,International Short-Haul
S25,18,2025-05-05,104,T1,Pier 1,120,8.6,8.4,International Short-Haul
S25,18,2025-05-05,105,T1,Pier 1,115,8.2,8.8,International Short-Haul
S25,18,2025-05-05,106,T1,Pier 1,125,8.9,8.1,International Short-Haul
S25,18,2025-05-05,107,T1,Pier 1,113,8.1,8.9,International Short-Haul
S25,18,2025-05-05,108,T1,Pier 1,123,8.8,8.2,International Short-Haul
S25,18,2025-05-05,109,T1,Pier 1,123,8.8,8.2,International Short-Haul
S25,18,2025-05-05,110,T1,Pier 1,111,7.9,9.1,International Short-Haul
S25,18,2025-05-05,111,T1,Pier 1,122,8.7,8.3,International Short-Haul
S25,18,2025-05-05,112,T1,Pier 1,115,8.2,8.8,International Short-Haul
S25,18,2025-05-05,113,T1,Pier 1,123,8.8,8.2,International Short-Haul
S25,18,2025-05-05,114,T1,Pier 1,115,8.2,8.8,International Short-Haul
S25,18,2025-05-05,115,T1,Pier 1,120,8.6,8.4,International Short-Haul
S25,18,2025-05-05,116,T1,Pier 1,115,8.2,8.8,International Short-Haul
S25,18,2025-05-05,117,T1,Pier 1,111,7.9,9.1,International Short-Haul
S25,18,2025-05-05,118,T1,Pier 1,111,7.9,9.1,International Short-Haul
S25,18,2025-05-05,119,T1,Pier 1,115,8.2,8.8,International Short-Haul
S25,18,2025-05-05,201,T1,Pier 2,93,7.3,9.7,International Short-Haul
S25,18,2025-05-05,202,T1,Pier 2,90,7.1,9.9,International Short-Haul
S25,18,2025-05-05,203,T1,Pier 2,92,7.2,9.8,International Short-Haul
S25,18,2025-05-05,204,T1,Pier 2,87,6.8,10.2,International Short-Haul
S25,18,2025-05-05,205,T1,Pier 2,89,7,10,International Short-Haul
S25,18,2025-05-05,206,T1,Pier 2,83,6.5,10.5,International Short-Haul
S25,18,2025-05-05,207,T1,Pier 2,94,7.4,9.6,International Short-Haul
S25,18,2025-05-05,208,T1,Pier 2,97,7.6,9.4,International Short-Haul
S25,18,2025-05-05,209,T1,Pier 2,88,6.9,10.1,International Short-Haul
S25,18,2025-05-05,210,T1,Pier 2,83,6.5,10.5,International Short-Haul
S25,18,2025-05-05,211,T1,Pier 2,85,6.7,10.3,International Short-Haul
S25,18,2025-05-05,212,T1,Pier 2,92,7.2,9.8,International Short-Haul
S25,18,2025-05-05,213,T1,Pier 2,90,7.1,9.9,International Short-Haul
S25,18,2025-05-05,214,T1,Pier 2,93,7.3,9.7,International Short-Haul
S25,18,2025-05-05,301,T1,Pier 3,71,6.1,10.9,International Short-Haul
S25,18,2025-05-05,302,T1,Pier 3,77,6.6,10.4,International Short-Haul
S25,18,2025-05-05,303,T1,Pier 3,76,6.5,10.5,International Short-Haul
S25,18,2025-05-05,304,T1,Pier 3,72,6.2,10.8,International Short-Haul
S25,18,2025-05-05,305,T1,Pier 3,75,6.4,10.6,International Short-Haul
S25,18,2025-05-05,306,T1,Pier 3,70,6,11,International Short-Haul
S25,18,2025-05-05,307,T1,Pier 3,74,6.3,10.7,International Short-Haul
S25,18,2025-05-05,308,T1,Pier 3,78,6.7,10.3,International Short-Haul
S25,18,2025-05-05,309,T1,Pier 3,74,6.3,10.7,International Short-Haul
S25,18,2025-05-05,310,T1,Pier 3,78,6.7,10.3,International Short-Haul
S25,18,2025-05-05,311,T1,Pier 3,75,6.4,10.6,International Short-Haul
S25,18,2025-05-05,312,T1,Pier 3,70,6,11,International Short-Haul
S25,18,2025-05-05,313,T1,Pier 3,75,6.4,10.6,International Short-Haul
S25,18,2025-05-05,314,T1,Pier 3,74,6.3,10.7,International Short-Haul
S25,18,2025-05-05,315,T2,Pier 3,72,6.2,10.8,Transatlantic CBP
S25,18,2025-05-05,316,T2,Pier 3,70,6,11,Transatlantic CBP
S25,18,2025-05-05,317,T2,Pier 3,74,6.3,10.7,Transatlantic CBP
S25,18,2025-05-05,318,T2,Pier 3,69,5.9,11.1,Transatlantic CBP
S25,18,2025-05-05,319,T2,Pier 3,69,5.9,11.1,Transatlantic CBP
S25,18,2025-05-05,320,T2,Pier 3,74,6.3,10.7,Transatlantic CBP
S25,18,2025-05-05,321,T2,Pier 3,71,6.1,10.9,Transatlantic CBP
S25,18,2025-05-05,322,T2,Pier 3,79,6.8,10.2,Transatlantic CBP
S25,18,2025-05-05,323,T2,Pier 3,72,6.2,10.8,Transatlantic CBP
S25,18,2025-05-05,401,T2,Pier 4,62,10.7,6.3,Transatlantic CBP
S25,18,2025-05-05,402,T2,Pier 4,60,10.3,6.7,Transatlantic CBP
S25,18,2025-05-05,403,T2,Pier 4,62,10.6,6.4,Transatlantic CBP
S25,18,2025-05-05,404,T2,Pier 4,57,9.8,7.2,Transatlantic CBP
S25,18,2025-05-05,405,T2,Pier 4,64,11,6,Transatlantic CBP
S25,18,2025-05-05,406,T2,Pier 4,60,10.3,6.7,Transatlantic CBP
S25,18,2025-05-05,407,T2,Pier 4,63,10.8,6.2,Transatlantic CBP
S25,18,2025-05-05,408,T2,Pier 4,58,10,7,Transatlantic CBP
S25,18,2025-05-05,409,T2,Pier 4,56,9.6,7.4,Transatlantic CBP
S25,18,2025-05-05,410,T2,Pier 4,61,10.5,6.5,Transatlantic CBP
S25,18,2025-05-05,411,T2,Pier 4,55,9.4,7.6,Transatlantic CBP
S25,18,2025-05-05,412,T2,Pier 4,60,10.2,6.8,Transatlantic CBP
S25,18,2025-05-05,413,T2,Pier 4,57,9.7,7.3,Transatlantic CBP
S25,18,2025-05-05,414,T2,Pier 4,61,10.4,6.6,Transatlantic CBP
S25,18,2025-05-05,415,T2,Pier 4,64,11,6,Transatlantic CBP
S25,18,2025-05-05,416,T2,Pier 4,60,10.2,6.8,Transatlantic CBP
S25,18,2025-05-05,417,T2,Pier 4,63,10.8,6.2,Transatlantic CBP
S25,18,2025-05-05,418,T2,Pier 4,60,10.3,6.7,Transatlantic CBP
S25,18,2025-05-05,419,T2,Pier 4,60,10.2,6.8,Transatlantic CBP
S25,18,2025-05-05,420,T2,Pier 4,64,10.9,6.1,Transatlantic CBP
S25,18,2025-05-05,421,T2,Pier 4,64,10.9,6.1,Transatlantic CBP
S25,18,2025-05-05,422,T2,Pier 4,62,10.7,6.3,Transatlantic CBP
S25,18,2025-05-05,423,T2,Pier 4,58,9.9,7.1,Transatlantic CBP
S25,18,2025-05-05,424,T2,Pier 4,60,10.3,6.7,Transatlantic CBP
S25,18,2025-05-05,425,T2,Pier 4,57,9.8,7.2,Transatlantic CBP
S25,18,2025-05-05,426,T2,Pier 4,59,10.1,6.9,Transatlantic CBP
S25,18,2025-05-05,501,T2,Pier E,41,10.5,6.5,International Long-Haul
S25,18,2025-05-05,502,T2,Pier E,43,11.1,5.9,International Long-Haul
S25,18,2025-05-05,503,T2,Pier E,44,11.2,5.8,International Long-Haul
S25,18,2025-05-05,504,T2,Pier E,40,10.4,6.6,International Long-Haul
S25,18,2025-05-05,505,T2,Pier E,38,9.8,7.2,International Long-Haul
S25,18,2025-05-05,506,T2,Pier E,44,11.2,5.8,International Long-Haul
S25,18,2025-05-05,507,T2,Pier E,39,10,7,International Long-Haul
S25,18,2025-05-05,508,T2,Pier E,42,10.8,6.2,International Long-Haul
S25,18,2025-05-05,509,T2,Pier E,38,9.8,7.2,International Long-Haul
S25,18,2025-05-05,510,T2,Pier E,40,10.4,6.6,International Long-Haul
S25,18,2025-05-05,511,T2,Pier E,44,11.4,5.6,International Long-Haul
S25,18,2025-05-05,512,T2,Pier E,38,9.9,7.1,International Long-Haul
S25,18,2025-05-05,513,T2,Pier E,40,10.4,6.6,International Long-Haul
S25,18,2025-05-05,514,T2,Pier E,40,10.2,6.8,International Long-Haul
S25,18,2025-05-05,515,T2,Pier E,44,11.3,5.7,International Long-Haul
S25,18,2025-05-05,601,T1,Remote North,39,3.1,13.9,International Short-Haul
S25,18,2025-05-05,602,T1,Remote North,36,2.8,14.2,International Short-Haul
S25,18,2025-05-05,603,T1,Remote North,34,2.7,14.3,International Short-Haul
S25,18,2025-05-05,604,T1,Remote North,38,3,14,International Short-Haul
S25,18,2025-05-05,605,T1,Remote North,36,2.8,14.2,International Short-Haul
S25,18,2025-05-05,606,T1,Remote North,38,3,14,International Short-Haul
S25,18,2025-05-05,607,T1,Remote North,34,2.7,14.3,International Short-Haul
S25,18,2025-05-05,608,T1,Remote North,34,2.7,14.3,International Short-Haul
S25,18,2025-05-05,609,T1,Remote North,38,3,14,International Short-Haul
S25,18,2025-05-05,610,T1,Remote North,36,2.8,14.2,International Short-Haul
S25,18,2025-05-05,611,T1,Remote North,39,3.1,13.9,International Short-Haul
S25,18,2025-05-05,612,T1,Remote North,34,2.7,14.3,International Short-Haul
S25,18,2025-05-05,613,T1,Remote North,36,2.8,14.2,International Short-Haul
S25,18,2025-05-05,614,T1,Remote North,39,3.1,13.9,International Short-Haul
S25,18,2025-05-05,615,T1,Remote North,37,2.9,14.1,International Short-Haul
S25,18,2025-05-05,616,T1,Remote North,38,3,14,International Short-Haul
S25,18,2025-05-05,617,T1,Remote North,34,2.7,14.3,International Short-Haul
S25,18,2025-05-05,618,T1,Remote North,37,2.9,14.1,International Short-Haul
S25,18,2025-05-05,619,T1,Remote North,38,3,14,International Short-Haul
S25,18,2025-05-05,620,T1,Remote North,36,2.8,14.2,International Short-Haul
S25,18,2025-05-05,621,T1,Remote North,38,3,14,International Short-Haul
S25,18,2025-05-05,701,T1,Remote South,7,1.9,15.1,Cargo
S25,18,2025-05-05,702,T1,Remote South,6,1.8,15.2,Cargo
S25,18,2025-05-05,703,T1,Remote South,7,1.9,15.1,Cargo
S25,18,2025-05-05,704,T1,Remote South,7,1.9,15.1,Cargo
S25,18,2025-05-05,705,T1,Remote South,6,1.8,15.2,Cargo
S25,18,2025-05-05,706,T1,Remote South,6,1.8,15.2,Cargo
S25,18,2025-05-05,707,T1,Remote South,6,1.8,15.2,Cargo
S25,18,2025-05-05,708,T1,Remote South,6,1.8,15.2,Cargo
S25,18,2025-05-05,709,T1,Remote South,7,1.9,15.1,Cargo
S25,18,2025-05-05,710,T1,Remote South,6,1.8,15.2,Cargo
S25,18,2025-05-05,711,T1,Remote South,7,2,15,Cargo
S25,18,2025-05-05,712,T1,Remote South,6,1.8,15.2,Cargo
S25,19,2025-05-12,101,T1,Pier 1,109,7.8,9.2,International Short-Haul
S25,19,2025-05-12,102,T1,Pier 1,116,8.3,8.7,International Short-Haul
S25,19,2025-05-12,103,T1,Pier 1,112,8,9,International Short-Haul
S25,19,2025-05-12,104,T1,Pier 1,112,8,9,International Short-Haul
S25,19,2025-05-12,105,T1,Pier 1,104,7.4,9.6,International Short-Haul
S25,19,2025-05-12,106,T1,Pier 1,109,7.8,9.2,International Short-Haul
S25,19,2025-05-12,107,T1,Pier 1,108,7.7,9.3,International Short-Haul
S25,19,2025-05-12,108,T1,Pier 1,120,8.6,8.4,International Short-Haul
S25,19,2025-05-12,109,T1,Pier 1,108,7.7,9.3,International Short-Haul
S25,19,2025-05-12,110,T1,Pier 1,118,8.4,8.6,International Short-Haul
S25,19,2025-05-12,111,T1,Pier 1,115,8.2,8.8,International Short-Haul
S25,19,2025-05-12,112,T1,Pier 1,109,7.8,9.2,International Short-Haul
S25,19,2025-05-12,113,T1,Pier 1,112,8,9,International Short-Haul
S25,19,2025-05-12,114,T1,Pier 1,118,8.4,8.6,International Short-Haul
S25,19,2025-05-12,115,T1,Pier 1,118,8.4,8.6,International Short-Haul
S25,19,2025-05-12,116,T1,Pier 1,105,7.5,9.5,International Short-Haul
S25,19,2025-05-12,117,T1,Pier 1,109,7.8,9.2,International Short-Haul
S25,19,2025-05-12,118,T1,Pier 1,108,7.7,9.3,International Short-Haul
S25,19,2025-05-12,119,T1,Pier 1,104,7.4,9.6,International Short-Haul
S25,19,2025-05-12,201,T1,Pier 2,88,6.9,10.1,International Short-Haul
S25,19,2025-05-12,202,T1,Pier 2,90,7.1,9.9,International Short-Haul
S25,19,2025-05-12,203,T1,Pier 2,84,6.6,10.4,International Short-Haul
S25,19,2025-05-12,204,T1,Pier 2,89,7,10,International Short-Haul
S25,19,2025-05-12,205,T1,Pier 2,88,6.9,10.1,International Short-Haul
S25,19,2025-05-12,206,T1,Pier 2,84,6.6,10.4,International Short-Haul
S25,19,2025-05-12,207,T1,Pier 2,81,6.4,10.6,International Short-Haul
S25,19,2025-05-12,208,T1,Pier 2,89,7,10,International Short-Haul
S25,19,2025-05-12,209,T1,Pier 2,90,7.1,9.9,International Short-Haul
S25,19,2025-05-12,210,T1,Pier 2,89,7,10,International Short-Haul
S25,19,2025-05-12,211,T1,Pier 2,79,6.2,10.8,International Short-Haul
S25,19,2025-05-12,212,T1,Pier 2,81,6.4,10.6,International Short-Haul
S25,19,2025-05-12,213,T1,Pier 2,80,6.3,10.7,International Short-Haul
S25,19,2025-05-12,214,T1,Pier 2,87,6.8,10.2,International Short-Haul
S25,19,2025-05-12,301,T1,Pier 3,75,6.4,10.6,International Short-Haul
S25,19,2025-05-12,302,T1,Pier 3,66,5.7,11.3,International Short-Haul
S25,19,2025-05-12,303,T1,Pier 3,75,6.4,10.6,International Short-Haul
S25,19,2025-05-12,304,T1,Pier 3,72,6.2,10.8,International Short-Haul
S25,19,2025-05-12,305,T1,Pier 3,74,6.3,10.7,International Short-Haul
S25,19,2025-05-12,306,T1,Pier 3,77,6.6,10.4,International Short-Haul
S25,19,2025-05-12,307,T1,Pier 3,66,5.7,11.3,International Short-Haul
S25,19,2025-05-12,308,T1,Pier 3,76,6.5,10.5,International Short-Haul
S25,19,2025-05-12,309,T1,Pier 3,66,5.7,11.3,International Short-Haul
S25,19,2025-05-12,310,T1,Pier 3,70,6,11,International Short-Haul
S25,19,2025-05-12,311,T1,Pier 3,75,6.4,10.6,International Short-Haul
S25,19,2025-05-12,312,T1,Pier 3,76,6.5,10.5,International Short-Haul
S25,19,2025-05-12,313,T1,Pier 3,71,6.1,10.9,International Short-Haul
S25,19,2025-05-12,314,T1,Pier 3,72,6.2,10.8,International Short-Haul
S25,19,2025-05-12,315,T2,Pier 3,74,6.3,10.7,Transatlantic CBP
S25,19,2025-05-12,316,T2,Pier 3,75,6.4,10.6,Transatlantic CBP
S25,19,2025-05-12,317,T2,Pier 3,66,5.7,11.3,Transatlantic CBP
S25,19,2025-05-12,318,T2,Pier 3,75,6.4,10.6,Transatlantic CBP
S25,19,2025-05-12,319,T2,Pier 3,71,6.1,10.9,Transatlantic CBP
S25,19,2025-05-12,320,T2,Pier 3,71,6.1,10.9,Transatlantic CBP
S25,19,2025-05-12,321,T2,Pier 3,70,6,11,Transatlantic CBP
S25,19,2025-05-12,322,T2,Pier 3,71,6.1,10.9,Transatlantic CBP
S25,19,2025-05-12,323,T2,Pier 3,76,6.5,10.5,Transatlantic CBP
S25,19,2025-05-12,401,T2,Pier 4,58,9.9,7.1,Transatlantic CBP
S25,19,2025-05-12,402,T2,Pier 4,62,10.6,6.4,Transatlantic CBP
S25,19,2025-05-12,403,T2,Pier 4,54,9.3,7.7,Transatlantic CBP
S25,19,2025-05-12,404,T2,Pier 4,60,10.2,6.8,Transatlantic CBP
S25,19,2025-05-12,405,T2,Pier 4,60,10.3,6.7,Transatlantic CBP
S25,19,2025-05-12,406,T2,Pier 4,59,10.1,6.9,Transatlantic CBP
S25,19,2025-05-12,407,T2,Pier 4,58,10,7,Transatlantic CBP
S25,19,2025-05-12,408,T2,Pier 4,58,10,7,Transatlantic CBP
S25,19,2025-05-12,409,T2,Pier 4,61,10.4,6.6,Transatlantic CBP
S25,19,2025-05-12,410,T2,Pier 4,61,10.4,6.6,Transatlantic CBP
S25,19,2025-05-12,411,T2,Pier 4,54,9.3,7.7,Transatlantic CBP
S25,19,2025-05-12,412,T2,Pier 4,61,10.4,6.6,Transatlantic CBP
S25,19,2025-05-12,413,T2,Pier 4,57,9.7,7.3,Transatlantic CBP
S25,19,2025-05-12,414,T2,Pier 4,55,9.5,7.5,Transatlantic CBP
S25,19,2025-05-12,415,T2,Pier 4,61,10.4,6.6,Transatlantic CBP
S25,19,2025-05-12,416,T2,Pier 4,57,9.7,7.3,Transatlantic CBP
S25,19,2025-05-12,417,T2,Pier 4,60,10.3,6.7,Transatlantic CBP
S25,19,2025-05-12,418,T2,Pier 4,55,9.5,7.5,Transatlantic CBP
S25,19,2025-05-12,419,T2,Pier 4,53,9.1,7.9,Transatlantic CBP
S25,19,2025-05-12,420,T2,Pier 4,57,9.8,7.2,Transatlantic CBP
S25,19,2025-05-12,421,T2,Pier 4,54,9.2,7.8,Transatlantic CBP
S25,19,2025-05-12,422,T2,Pier 4,60,10.3,6.7,Transatlantic CBP
S25,19,2025-05-12,423,T2,Pier 4,55,9.5,7.5,Transatlantic CBP
S25,19,2025-05-12,424,T2,Pier 4,57,9.8,7.2,Transatlantic CBP
S25,19,2025-05-12,425,T2,Pier 4,54,9.2,7.8,Transatlantic CBP
S25,19,2025-05-12,426,T2,Pier 4,55,9.5,7.5,Transatlantic CBP
S25,19,2025-05-12,501,T2,Pier E,41,10.6,6.4,International Long-Haul
S25,19,2025-05-12,502,T2,Pier E,37,9.6,7.4,International Long-Haul
S25,19,2025-05-12,503,T2,Pier E,40,10.4,6.6,International Long-Haul
S25,19,2025-05-12,504,T2,Pier E,42,10.9,6.1,International Long-Haul
S25,19,2025-05-12,505,T2,Pier E,41,10.5,6.5,International Long-Haul
S25,19,2025-05-12,506,T2,Pier E,42,10.7,6.3,International Long-Haul
S25,19,2025-05-12,507,T2,Pier E,37,9.5,7.5,International Long-Haul
S25,19,2025-05-12,508,T2,Pier E,38,9.8,7.2,International Long-Haul
S25,19,2025-05-12,509,T2,Pier E,42,10.8,6.2,International Long-Haul
S25,19,2025-05-12,510,T2,Pier E,41,10.5,6.5,International Long-Haul
S25,19,2025-05-12,511,T2,Pier E,40,10.4,6.6,International Long-Haul
S25,19,2025-05-12,512,T2,Pier E,40,10.4,6.6,International Long-Haul
S25,19,2025-05-12,513,T2,Pier E,39,10,7,International Long-Haul
S25,19,2025-05-12,514,T2,Pier E,37,9.4,7.6,International Long-Haul
S25,19,2025-05-12,515,T2,Pier E,41,10.6,6.4,International Long-Haul
S25,19,2025-05-12,601,T1,Remote North,37,2.9,14.1,International Short-Haul
S25,19,2025-05-12,602,T1,Remote North,36,2.8,14.2,International Short-Haul
S25,19,2025-05-12,603,T1,Remote North,38,3,14,International Short-Haul
S25,19,2025-05-12,604,T1,Remote North,34,2.7,14.3,International Short-Haul
S25,19,2025-05-12,605,T1,Remote North,34,2.7,14.3,International Short-Haul
S25,19,2025-05-12,606,T1,Remote North,38,3,14,International Short-Haul
S25,19,2025-05-12,607,T1,Remote North,37,2.9,14.1,International Short-Haul
S25,19,2025-05-12,608,T1,Remote North,36,2.8,14.2,International Short-Haul
S25,19,2025-05-12,609,T1,Remote North,33,2.6,14.4,International Short-Haul
S25,19,2025-05-12,610,T1,Remote North,34,2.7,14.3,International Short-Haul
S25,19,2025-05-12,611,T1,Remote North,37,2.9,14.1,International Short-Haul
S25,19,2025-05-12,612,T1,Remote North,34,2.7,14.3,International Short-Haul
S25,19,2025-05-12,613,T1,Remote North,37,2.9,14.1,International Short-Haul
S25,19,2025-05-12,614,T1,Remote North,38,3,14,International Short-Haul
S25,19,2025-05-12,615,T1,Remote North,37,2.9,14.1,International Short-Haul
S25,19,2025-05-12,616,T1,Remote North,34,2.7,14.3,International Short-Haul
S25,19,2025-05-12,617,T1,Remote North,37,2.9,14.1,International Short-Haul
S25,19,2025-05-12,618,T1,Remote North,34,2.7,14.3,International Short-Haul
S25,19,2025-05-12,619,T1,Remote North,33,2.6,14.4,International Short-Haul
S25,19,2025-05-12,620,T1,Remote North,33,2.6,14.4,International Short-Haul
S25,19,2025-05-12,621,T1,Remote North,34,2.7,14.3,International Short-Haul
S25,19,2025-05-12,701,T1,Remote South,7,1.9,15.1,Cargo
S25,19,2025-05-12,702,T1,Remote South,6,1.7,15.3,Cargo
S25,19,2025-05-12,703,T1,Remote South,6,1.7,15.3,Cargo
S25,19,2025-05-12,704,T1,Remote South,7,1.9,15.1,Cargo
S25,19,2025-05-12,705,T1,Remote South,6,1.6,15.4,Cargo
S25,19,2025-05-12,706,T1,Remote South,7,1.9,15.1,Cargo
S25,19,2025-05-12,707,T1,Remote South,6,1.7,15.3,Cargo
S25,19,2025-05-12,708,T1,Remote South,6,1.7,15.3,Cargo
S25,19,2025-05-12,709,T1,Remote South,7,1.9,15.1,Cargo
S25,19,2025-05-12,710,T1,Remote South,6,1.7,15.3,Cargo
S25,19,2025-05-12,711,T1,Remote South,6,1.8,15.2,Cargo
S25,19,2025-05-12,712,T1,Remote South,6,1.7,15.3,Cargo
S25,20,2025-05-19,101,T1,Pier 1,105,7.5,9.5,International Short-Haul
S25,20,2025-05-19,102,T1,Pier 1,105,7.5,9.5,International Short-Haul
S25,20,2025-05-19,103,T1,Pier 1,106,7.6,9.4,International Short-Haul
S25,20,2025-05-19,104,T1,Pier 1,106,7.6,9.4,International Short-Haul
S25,20,2025-05-19,105,T1,Pier 1,119,8.5,8.5,International Short-Haul
S25,20,2025-05-19,106,T1,Pier 1,113,8.1,8.9,International Short-Haul
S25,20,2025-05-19,107,T1,Pier 1,111,7.9,9.1,International Short-Haul
S25,20,2025-05-19,108,T1,Pier 1,112,8,9,International Short-Haul
S25,20,2025-05-19,109,T1,Pier 1,122,8.7,8.3,International Short-Haul
S25,20,2025-05-19,110,T1,Pier 1,120,8.6,8.4,International Short-Haul
S25,20,2025-05-19,111,T1,Pier 1,118,8.4,8.6,International Short-Haul
S25,20,2025-05-19,112,T1,Pier 1,120,8.6,8.4,International Short-Haul
S25,20,2025-05-19,113,T1,Pier 1,111,7.9,9.1,International Short-Haul
S25,20,2025-05-19,114,T1,Pier 1,112,8,9,International Short-Haul
S25,20,2025-05-19,115,T1,Pier 1,116,8.3,8.7,International Short-Haul
S25,20,2025-05-19,116,T1,Pier 1,116,8.3,8.7,International Short-Haul
S25,20,2025-05-19,117,T1,Pier 1,113,8.1,8.9,International Short-Haul
S25,20,2025-05-19,118,T1,Pier 1,112,8,9,International Short-Haul
S25,20,2025-05-19,119,T1,Pier 1,122,8.7,8.3,International Short-Haul
S25,20,2025-05-19,201,T1,Pier 2,92,7.2,9.8,International Short-Haul
S25,20,2025-05-19,202,T1,Pier 2,87,6.8,10.2,International Short-Haul
S25,20,2025-05-19,203,T1,Pier 2,90,7.1,9.9,International Short-Haul
S25,20,2025-05-19,204,T1,Pier 2,84,6.6,10.4,International Short-Haul
S25,20,2025-05-19,205,T1,Pier 2,81,6.4,10.6,International Short-Haul
S25,20,2025-05-19,206,T1,Pier 2,85,6.7,10.3,International Short-Haul
S25,20,2025-05-19,207,T1,Pier 2,87,6.8,10.2,International Short-Haul
S25,20,2025-05-19,208,T1,Pier 2,81,6.4,10.6,International Short-Haul
S25,20,2025-05-19,209,T1,Pier 2,92,7.2,9.8,International Short-Haul
S25,20,2025-05-19,210,T1,Pier 2,85,6.7,10.3,International Short-Haul
S25,20,2025-05-19,211,T1,Pier 2,89,7,10,International Short-Haul
S25,20,2025-05-19,212,T1,Pier 2,81,6.4,10.6,International Short-Haul
S25,20,2025-05-19,213,T1,Pier 2,83,6.5,10.5,International Short-Haul
S25,20,2025-05-19,214,T1,Pier 2,93,7.3,9.7,International Short-Haul
S25,20,2025-05-19,301,T1,Pier 3,74,6.3,10.7,International Short-Haul
S25,20,2025-05-19,302,T1,Pier 3,78,6.7,10.3,International Short-Haul
S25,20,2025-05-19,303,T1,Pier 3,78,6.7,10.3,International Short-Haul
S25,20,2025-05-19,304,T1,Pier 3,71,6.1,10.9,International Short-Haul
S25,20,2025-05-19,305,T1,Pier 3,70,6,11,International Short-Haul
S25,20,2025-05-19,306,T1,Pier 3,77,6.6,10.4,International Short-Haul
S25,20,2025-05-19,307,T1,Pier 3,78,6.7,10.3,International Short-Haul
S25,20,2025-05-19,308,T1,Pier 3,75,6.4,10.6,International Short-Haul
S25,20,2025-05-19,309,T1,Pier 3,76,6.5,10.5,International Short-Haul
S25,20,2025-05-19,310,T1,Pier 3,76,6.5,10.5,International Short-Haul
S25,20,2025-05-19,311,T1,Pier 3,71,6.1,10.9,International Short-Haul
S25,20,2025-05-19,312,T1,Pier 3,74,6.3,10.7,International Short-Haul
S25,20,2025-05-19,313,T1,Pier 3,77,6.6,10.4,International Short-Haul
S25,20,2025-05-19,314,T1,Pier 3,75,6.4,10.6,International Short-Haul
S25,20,2025-05-19,315,T2,Pier 3,66,5.7,11.3,Transatlantic CBP
S25,20,2025-05-19,316,T2,Pier 3,71,6.1,10.9,Transatlantic CBP
S25,20,2025-05-19,317,T2,Pier 3,69,5.9,11.1,Transatlantic CBP
S25,20,2025-05-19,318,T2,Pier 3,70,6,11,Transatlantic CBP
S25,20,2025-05-19,319,T2,Pier 3,77,6.6,10.4,Transatlantic CBP
S25,20,2025-05-19,320,T2,Pier 3,68,5.8,11.2,Transatlantic CBP
S25,20,2025-05-19,321,T2,Pier 3,69,5.9,11.1,Transatlantic CBP
S25,20,2025-05-19,322,T2,Pier 3,70,6,11,Transatlantic CBP
S25,20,2025-05-19,323,T2,Pier 3,74,6.3,10.7,Transatlantic CBP
S25,20,2025-05-19,401,T2,Pier 4,59,10.1,6.9,Transatlantic CBP
S25,20,2025-05-19,402,T2,Pier 4,56,9.6,7.4,Transatlantic CBP
S25,20,2025-05-19,403,T2,Pier 4,55,9.5,7.5,Transatlantic CBP
S25,20,2025-05-19,404,T2,Pier 4,56,9.6,7.4,Transatlantic CBP
S25,20,2025-05-19,405,T2,Pier 4,59,10.1,6.9,Transatlantic CBP
S25,20,2025-05-19,406,T2,Pier 4,57,9.7,7.3,Transatlantic CBP
S25,20,2025-05-19,407,T2,Pier 4,63,10.8,6.2,Transatlantic CBP
S25,20,2025-05-19,408,T2,Pier 4,58,10,7,Transatlantic CBP
S25,20,2025-05-19,409,T2,Pier 4,54,9.3,7.7,Transatlantic CBP
S25,20,2025-05-19,410,T2,Pier 4,61,10.4,6.6,Transatlantic CBP
S25,20,2025-05-19,411,T2,Pier 4,57,9.8,7.2,Transatlantic CBP
S25,20,2025-05-19,412,T2,Pier 4,60,10.3,6.7,Transatlantic CBP
S25,20,2025-05-19,413,T2,Pier 4,57,9.7,7.3,Transatlantic CBP
S25,20,2025-05-19,414,T2,Pier 4,60,10.2,6.8,Transatlantic CBP
S25,20,2025-05-19,415,T2,Pier 4,61,10.5,6.5,Transatlantic CBP
S25,20,2025-05-19,416,T2,Pier 4,62,10.7,6.3,Transatlantic CBP
S25,20,2025-05-19,417,T2,Pier 4,57,9.7,7.3,Transatlantic CBP
S25,20,2025-05-19,418,T2,Pier 4,57,9.8,7.2,Transatlantic CBP
S25,20,2025-05-19,419,T2,Pier 4,58,10,7,Transatlantic CBP
S25,20,2025-05-19,420,T2,Pier 4,62,10.7,6.3,Transatlantic CBP
S25,20,2025-05-19,421,T2,Pier 4,62,10.7,6.3,Transatlantic CBP
S25,20,2025-05-19,422,T2,Pier 4,55,9.4,7.6,Transatlantic CBP
S25,20,2025-05-19,423,T2,Pier 4,55,9.5,7.5,Transatlantic CBP
S25,20,2025-05-19,424,T2,Pier 4,58,10,7,Transatlantic CBP
S25,20,2025-05-19,425,T2,Pier 4,55,9.4,7.6,Transatlantic CBP
S25,20,2025-05-19,426,T2,Pier 4,57,9.8,7.2,Transatlantic CBP
S25,20,2025-05-19,501,T2,Pier E,38,9.8,7.2,International Long-Haul
S25,20,2025-05-19,502,T2,Pier E,41,10.6,6.4,International Long-Haul
S25,20,2025-05-19,503,T2,Pier E,43,11.1,5.9,International Long-Haul
S25,20,2025-05-19,504,T2,Pier E,44,11.2,5.8,International Long-Haul
S25,20,2025-05-19,505,T2,Pier E,40,10.2,6.8,International Long-Haul
S25,20,2025-05-19,506,T2,Pier E,41,10.5,6.5,International Long-Haul
S25,20,2025-05-19,507,T2,Pier E,43,11,6,International Long-Haul
S25,20,2025-05-19,508,T2,Pier E,38,9.7,7.3,International Long-Haul
S25,20,2025-05-19,509,T2,Pier E,42,10.7,6.3,International Long-Haul
S25,20,2025-05-19,510,T2,Pier E,40,10.2,6.8,International Long-Haul
S25,20,2025-05-19,511,T2,Pier E,38,9.9,7.1,International Long-Haul
S25,20,2025-05-19,512,T2,Pier E,40,10.2,6.8,International Long-Haul
S25,20,2025-05-19,513,T2,Pier E,38,9.7,7.3,International Long-Haul
S25,20,2025-05-19,514,T2,Pier E,42,10.7,6.3,International Long-Haul
S25,20,2025-05-19,515,T2,Pier E,39,10,7,International Long-Haul
S25,20,2025-05-19,601,T1,Remote North,36,2.8,14.2,International Short-Haul
S25,20,2025-05-19,602,T1,Remote North,34,2.7,14.3,International Short-Haul
S25,20,2025-05-19,603,T1,Remote North,38,3,14,International Short-Haul
S25,20,2025-05-19,604,T1,Remote North,36,2.8,14.2,International Short-Haul
S25,20,2025-05-19,605,T1,Remote North,37,2.9,14.1,International Short-Haul
S25,20,2025-05-19,606,T1,Remote North,37,2.9,14.1,International Short-Haul
S25,20,2025-05-19,607,T1,Remote North,36,2.8,14.2,International Short-Haul
S25,20,2025-05-19,608,T1,Remote North,34,2.7,14.3,International Short-Haul
S25,20,2025-05-19,609,T1,Remote North,38,3,14,International Short-Haul
S25,20,2025-05-19,610,T1,Remote North,34,2.7,14.3,International Short-Haul
S25,20,2025-05-19,611,T1,Remote North,34,2.7,14.3,International Short-Haul
S25,20,2025-05-19,612,T1,Remote North,37,2.9,14.1,International Short-Haul
S25,20,2025-05-19,613,T1,Remote North,34,2.7,14.3,International Short-Haul
S25,20,2025-05-19,614,T1,Remote North,36,2.8,14.2,International Short-Haul
S25,20,2025-05-19,615,T1,Remote North,36,2.8,14.2,International Short-Haul
S25,20,2025-05-19,616,T1,Remote North,36,2.8,14.2,International Short-Haul
S25,20,2025-05-19,617,T1,Remote North,37,2.9,14.1,International Short-Haul
S25,20,2025-05-19,618,T1,Remote North,37,2.9,14.1,International Short-Haul
S25,20,2025-05-19,619,T1,Remote North,37,2.9,14.1,International Short-Haul
S25,20,2025-05-19,620,T1,Remote North,37,2.9,14.1,International Short-Haul
S25,20,2025-05-19,621,T1,Remote North,34,2.7,14.3,International Short-Haul
S25,20,2025-05-19,701,T1,Remote South,6,1.8,15.2,Cargo
S25,20,2025-05-19,702,T1,Remote South,6,1.8,15.2,Cargo
S25,20,2025-05-19,703,T1,Remote South,6,1.8,15.2,Cargo
S25,20,2025-05-19,704,T1,Remote South,7,2,15,Cargo
S25,20,2025-05-19,705,T1,Remote South,7,1.9,15.1,Cargo
S25,20,2025-05-19,706,T1,Remote South,6,1.7,15.3,Cargo
S25,20,2025-05-19,707,T1,Remote South,6,1.7,15.3,Cargo
S25,20,2025-05-19,708,T1,Remote South,6,1.7,15.3,Cargo
S25,20,2025-05-19,709,T1,Remote South,6,1.7,15.3,Cargo
S25,20,2025-05-19,710,T1,Remote South,6,1.7,15.3,Cargo
S25,20,2025-05-19,711,T1,Remote South,6,1.8,15.2,Cargo
S25,20,2025-05-19,712,T1,Remote South,7,1.9,15.1,Cargo
S25,21,2025-05-26,101,T1,Pier 1,119,8.5,8.5,International Short-Haul
S25,21,2025-05-26,102,T1,Pier 1,109,7.8,9.2,International Short-Haul
S25,21,2025-05-26,103,T1,Pier 1,113,8.1,8.9,International Short-Haul
S25,21,2025-05-26,104,T1,Pier 1,115,8.2,8.8,International Short-Haul
S25,21,2025-05-26,105,T1,Pier 1,120,8.6,8.4,International Short-Haul
S25,21,2025-05-26,106,T1,Pier 1,120,8.6,8.4,International Short-Haul
S25,21,2025-05-26,107,T1,Pier 1,122,8.7,8.3,International Short-Haul
S25,21,2025-05-26,108,T1,Pier 1,115,8.2,8.8,International Short-Haul
S25,21,2025-05-26,109,T1,Pier 1,118,8.4,8.6,International Short-Haul
S25,21,2025-05-26,110,T1,Pier 1,108,7.7,9.3,International Short-Haul
S25,21,2025-05-26,111,T1,Pier 1,116,8.3,8.7,International Short-Haul
S25,21,2025-05-26,112,T1,Pier 1,111,7.9,9.1,International Short-Haul
S25,21,2025-05-26,113,T1,Pier 1,113,8.1,8.9,International Short-Haul
S25,21,2025-05-26,114,T1,Pier 1,118,8.4,8.6,International Short-Haul
S25,21,2025-05-26,115,T1,Pier 1,111,7.9,9.1,International Short-Haul
S25,21,2025-05-26,116,T1,Pier 1,106,7.6,9.4,International Short-Haul
S25,21,2025-05-26,117,T1,Pier 1,105,7.5,9.5,International Short-Haul
S25,21,2025-05-26,118,T1,Pier 1,106,7.6,9.4,International Short-Haul
S25,21,2025-05-26,119,T1,Pier 1,105,7.5,9.5,International Short-Haul
S25,21,2025-05-26,201,T1,Pier 2,83,6.5,10.5,International Short-Haul
S25,21,2025-05-26,202,T1,Pier 2,85,6.7,10.3,International Short-Haul
S25,21,2025-05-26,203,T1,Pier 2,84,6.6,10.4,International Short-Haul
S25,21,2025-05-26,204,T1,Pier 2,95,7.5,9.5,International Short-Haul
S25,21,2025-05-26,205,T1,Pier 2,85,6.7,10.3,International Short-Haul
S25,21,2025-05-26,206,T1,Pier 2,83,6.5,10.5,International Short-Haul
S25,21,2025-05-26,207,T1,Pier 2,89,7,10,International Short-Haul
S25,21,2025-05-26,208,T1,Pier 2,94,7.4,9.6,International Short-Haul
S25,21,2025-05-26,209,T1,Pier 2,92,7.2,9.8,International Short-Haul
S25,21,2025-05-26,210,T1,Pier 2,85,6.7,10.3,International Short-Haul
S25,21,2025-05-26,211,T1,Pier 2,89,7,10,International Short-Haul
S25,21,2025-05-26,212,T1,Pier 2,92,7.2,9.8,International Short-Haul
S25,21,2025-05-26,213,T1,Pier 2,92,7.2,9.8,International Short-Haul
S25,21,2025-05-26,214,T1,Pier 2,90,7.1,9.9,International Short-Haul
S25,21,2025-05-26,301,T1,Pier 3,78,6.7,10.3,International Short-Haul
S25,21,2025-05-26,302,T1,Pier 3,78,6.7,10.3,International Short-Haul
S25,21,2025-05-26,303,T1,Pier 3,75,6.4,10.6,International Short-Haul
S25,21,2025-05-26,304,T1,Pier 3,72,6.2,10.8,International Short-Haul
S25,21,2025-05-26,305,T1,Pier 3,75,6.4,10.6,International Short-Haul
S25,21,2025-05-26,306,T1,Pier 3,77,6.6,10.4,International Short-Haul
S25,21,2025-05-26,307,T1,Pier 3,68,5.8,11.2,International Short-Haul
S25,21,2025-05-26,308,T1,Pier 3,79,6.8,10.2,International Short-Haul
S25,21,2025-05-26,309,T1,Pier 3,70,6,11,International Short-Haul
S25,21,2025-05-26,310,T1,Pier 3,74,6.3,10.7,International Short-Haul
S25,21,2025-05-26,311,T1,Pier 3,78,6.7,10.3,International Short-Haul
S25,21,2025-05-26,312,T1,Pier 3,70,6,11,International Short-Haul
S25,21,2025-05-26,313,T1,Pier 3,74,6.3,10.7,International Short-Haul
S25,21,2025-05-26,314,T1,Pier 3,69,5.9,11.1,International Short-Haul
S25,21,2025-05-26,315,T2,Pier 3,72,6.2,10.8,Transatlantic CBP
S25,21,2025-05-26,316,T2,Pier 3,70,6,11,Transatlantic CBP
S25,21,2025-05-26,317,T2,Pier 3,71,6.1,10.9,Transatlantic CBP
S25,21,2025-05-26,318,T2,Pier 3,72,6.2,10.8,Transatlantic CBP
S25,21,2025-05-26,319,T2,Pier 3,79,6.8,10.2,Transatlantic CBP
S25,21,2025-05-26,320,T2,Pier 3,79,6.8,10.2,Transatlantic CBP
S25,21,2025-05-26,321,T2,Pier 3,69,5.9,11.1,Transatlantic CBP
S25,21,2025-05-26,322,T2,Pier 3,76,6.5,10.5,Transatlantic CBP
S25,21,2025-05-26,323,T2,Pier 3,68,5.8,11.2,Transatlantic CBP
S25,21,2025-05-26,401,T2,Pier 4,55,9.4,7.6,Transatlantic CBP
S25,21,2025-05-26,402,T2,Pier 4,55,9.5,7.5,Transatlantic CBP
S25,21,2025-05-26,403,T2,Pier 4,64,10.9,6.1,Transatlantic CBP
S25,21,2025-05-26,404,T2,Pier 4,64,10.9,6.1,Transatlantic CBP
S25,21,2025-05-26,405,T2,Pier 4,56,9.6,7.4,Transatlantic CBP
S25,21,2025-05-26,406,T2,Pier 4,56,9.6,7.4,Transatlantic CBP
S25,21,2025-05-26,407,T2,Pier 4,57,9.7,7.3,Transatlantic CBP
S25,21,2025-05-26,408,T2,Pier 4,60,10.2,6.8,Transatlantic CBP
S25,21,2025-05-26,409,T2,Pier 4,60,10.3,6.7,Transatlantic CBP
S25,21,2025-05-26,410,T2,Pier 4,57,9.7,7.3,Transatlantic CBP
S25,21,2025-05-26,411,T2,Pier 4,62,10.6,6.4,Transatlantic CBP
S25,21,2025-05-26,412,T2,Pier 4,57,9.8,7.2,Transatlantic CBP
S25,21,2025-05-26,413,T2,Pier 4,63,10.8,6.2,Transatlantic CBP
S25,21,2025-05-26,414,T2,Pier 4,61,10.4,6.6,Transatlantic CBP
S25,21,2025-05-26,415,T2,Pier 4,58,10,7,Transatlantic CBP
S25,21,2025-05-26,416,T2,Pier 4,62,10.6,6.4,Transatlantic CBP
S25,21,2025-05-26,417,T2,Pier 4,62,10.7,6.3,Transatlantic CBP
S25,21,2025-05-26,418,T2,Pier 4,57,9.8,7.2,Transatlantic CBP
S25,21,2025-05-26,419,T2,Pier 4,58,9.9,7.1,Transatlantic CBP
S25,21,2025-05-26,420,T2,Pier 4,64,10.9,6.1,Transatlantic CBP
S25,21,2025-05-26,421,T2,Pier 4,56,9.6,7.4,Transatlantic CBP
S25,21,2025-05-26,422,T2,Pier 4,55,9.4,7.6,Transatlantic CBP
S25,21,2025-05-26,423,T2,Pier 4,59,10.1,6.9,Transatlantic CBP
S25,21,2025-05-26,424,T2,Pier 4,62,10.6,6.4,Transatlantic CBP
S25,21,2025-05-26,425,T2,Pier 4,62,10.6,6.4,Transatlantic CBP
S25,21,2025-05-26,426,T2,Pier 4,63,10.8,6.2,Transatlantic CBP
S25,21,2025-05-26,501,T2,Pier E,41,10.5,6.5,International Long-Haul
S25,21,2025-05-26,502,T2,Pier E,38,9.8,7.2,International Long-Haul
S25,21,2025-05-26,503,T2,Pier E,41,10.6,6.4,International Long-Haul
S25,21,2025-05-26,504,T2,Pier E,42,10.9,6.1,International Long-Haul
S25,21,2025-05-26,505,T2,Pier E,38,9.8,7.2,International Long-Haul
S25,21,2025-05-26,506,T2,Pier E,38,9.9,7.1,International Long-Haul
S25,21,2025-05-26,507,T2,Pier E,38,9.7,7.3,International Long-Haul
S25,21,2025-05-26,508,T2,Pier E,41,10.6,6.4,International Long-Haul
S25,21,2025-05-26,509,T2,Pier E,43,11.1,5.9,International Long-Haul
S25,21,2025-05-26,510,T2,Pier E,42,10.8,6.2,International Long-Haul
S25,21,2025-05-26,511,T2,Pier E,44,11.3,5.7,International Long-Haul
S25,21,2025-05-26,512,T2,Pier E,38,9.7,7.3,International Long-Haul
S25,21,2025-05-26,513,T2,Pier E,43,11.1,5.9,International Long-Haul
S25,21,2025-05-26,514,T2,Pier E,43,11,6,International Long-Haul
S25,21,2025-05-26,515,T2,Pier E,40,10.2,6.8,International Long-Haul
S25,21,2025-05-26,601,T1,Remote North,39,3.1,13.9,International Short-Haul
S25,21,2025-05-26,602,T1,Remote North,36,2.8,14.2,International Short-Haul
S25,21,2025-05-26,603,T1,Remote North,38,3,14,International Short-Haul
S25,21,2025-05-26,604,T1,Remote North,38,3,14,International Short-Haul
S25,21,2025-05-26,605,T1,Remote North,38,3,14,International Short-Haul
S25,21,2025-05-26,606,T1,Remote North,37,2.9,14.1,International Short-Haul
S25,21,2025-05-26,607,T1,Remote North,34,2.7,14.3,International Short-Haul
S25,21,2025-05-26,608,T1,Remote North,37,2.9,14.1,International Short-Haul
S25,21,2025-05-26,609,T1,Remote North,36,2.8,14.2,International Short-Haul
S25,21,2025-05-26,610,T1,Remote North,38,3,14,International Short-Haul
S25,21,2025-05-26,611,T1,Remote North,38,3,14,International Short-Haul
S25,21,2025-05-26,612,T1,Remote North,39,3.1,13.9,International Short-Haul
S25,21,2025-05-26,613,T1,Remote North,33,2.6,14.4,International Short-Haul
S25,21,2025-05-26,614,T1,Remote North,38,3,14,International Short-Haul
S25,21,2025-05-26,615,T1,Remote North,39,3.1,13.9,International Short-Haul
S25,21,2025-05-26,616,T1,Remote North,38,3,14,International Short-Haul
S25,21,2025-05-26,617,T1,Remote North,34,2.7,14.3,International Short-Haul
S25,21,2025-05-26,618,T1,Remote North,34,2.7,14.3,International Short-Haul
S25,21,2025-05-26,619,T1,Remote North,33,2.6,14.4,International Short-Haul
S25,21,2025-05-26,620,T1,Remote North,37,2.9,14.1,International Short-Haul
S25,21,2025-05-26,621,T1,Remote North,37,2.9,14.1,International Short-Haul
S25,21,2025-05-26,701,T1,Remote South,7,2,15,Cargo
S25,21,2025-05-26,702,T1,Remote South,6,1.8,15.2,Cargo
S25,21,2025-05-26,703,T1,Remote South,6,1.8,15.2,Cargo
S25,21,2025-05-26,704,T1,Remote South,7,1.9,15.1,Cargo
S25,21,2025-05-26,705,T1,Remote South,7,1.9,15.1,Cargo
S25,21,2025-05-26,706,T1,Remote South,7,2,15,Cargo
S25,21,2025-05-26,707,T1,Remote South,7,1.9,15.1,Cargo
S25,21,2025-05-26,708,T1,Remote South,6,1.8,15.2,Cargo
S25,21,2025-05-26,709,T1,Remote South,7,1.9,15.1,Cargo
S25,21,2025-05-26,710,T1,Remote South,7,1.9,15.1,Cargo
S25,21,2025-05-26,711,T1,Remote South,6,1.8,15.2,Cargo
S25,21,2025-05-26,712,T1,Remote South,6,1.8,15.2,Cargo
S25,22,2025-06-02,101,T1,Pier 1,113,8.1,8.9,International Short-Haul
S25,22,2025-06-02,102,T1,Pier 1,111,7.9,9.1,International Short-Haul
S25,22,2025-06-02,103,T1,Pier 1,125,8.9,8.1,International Short-Haul
S25,22,2025-06-02,104,T1,Pier 1,112,8,9,International Short-Haul
S25,22,2025-06-02,105,T1,Pier 1,115,8.2,8.8,International Short-Haul
S25,22,2025-06-02,106,T1,Pier 1,116,8.3,8.7,International Short-Haul
S25,22,2025-06-02,107,T1,Pier 1,122,8.7,8.3,International Short-Haul
S25,22,2025-06-02,108,T1,Pier 1,118,8.4,8.6,International Short-Haul
S25,22,2025-06-02,109,T1,Pier 1,123,8.8,8.2,International Short-Haul
S25,22,2025-06-02,110,T1,Pier 1,112,8,9,International Short-Haul
S25,22,2025-06-02,111,T1,Pier 1,113,8.1,8.9,International Short-Haul
S25,22,2025-06-02,112,T1,Pier 1,120,8.6,8.4,International Short-Haul
S25,22,2025-06-02,113,T1,Pier 1,118,8.4,8.6,International Short-Haul
S25,22,2025-06-02,114,T1,Pier 1,116,8.3,8.7,International Short-Haul
S25,22,2025-06-02,115,T1,Pier 1,112,8,9,International Short-Haul
S25,22,2025-06-02,116,T1,Pier 1,127,9.1,7.9,International Short-Haul
S25,22,2025-06-02,117,T1,Pier 1,123,8.8,8.2,International Short-Haul
S25,22,2025-06-02,118,T1,Pier 1,113,8.1,8.9,International Short-Haul
S25,22,2025-06-02,119,T1,Pier 1,112,8,9,International Short-Haul
S25,22,2025-06-02,201,T1,Pier 2,99,7.8,9.2,International Short-Haul
S25,22,2025-06-02,202,T1,Pier 2,95,7.5,9.5,International Short-Haul
S25,22,2025-06-02,203,T1,Pier 2,92,7.2,9.8,International Short-Haul
S25,22,2025-06-02,204,T1,Pier 2,95,7.5,9.5,International Short-Haul
S25,22,2025-06-02,205,T1,Pier 2,97,7.6,9.4,International Short-Haul
S25,22,2025-06-02,206,T1,Pier 2,97,7.6,9.4,International Short-Haul
S25,22,2025-06-02,207,T1,Pier 2,93,7.3,9.7,International Short-Haul
S25,22,2025-06-02,208,T1,Pier 2,92,7.2,9.8,International Short-Haul
S25,22,2025-06-02,209,T1,Pier 2,85,6.7,10.3,International Short-Haul
S25,22,2025-06-02,210,T1,Pier 2,99,7.8,9.2,International Short-Haul
S25,22,2025-06-02,211,T1,Pier 2,94,7.4,9.6,International Short-Haul
S25,22,2025-06-02,212,T1,Pier 2,88,6.9,10.1,International Short-Haul
S25,22,2025-06-02,213,T1,Pier 2,99,7.8,9.2,International Short-Haul
S25,22,2025-06-02,214,T1,Pier 2,99,7.8,9.2,International Short-Haul
S25,22,2025-06-02,301,T1,Pier 3,83,7.1,9.9,International Short-Haul
S25,22,2025-06-02,302,T1,Pier 3,82,7,10,International Short-Haul
S25,22,2025-06-02,303,T1,Pier 3,83,7.1,9.9,International Short-Haul
S25,22,2025-06-02,304,T1,Pier 3,74,6.3,10.7,International Short-Haul
S25,22,2025-06-02,305,T1,Pier 3,81,6.9,10.1,International Short-Haul
S25,22,2025-06-02,306,T1,Pier 3,81,6.9,10.1,International Short-Haul
S25,22,2025-06-02,307,T1,Pier 3,74,6.3,10.7,International Short-Haul
S25,22,2025-06-02,308,T1,Pier 3,72,6.2,10.8,International Short-Haul
S25,22,2025-06-02,309,T1,Pier 3,83,7.1,9.9,International Short-Haul
S25,22,2025-06-02,310,T1,Pier 3,75,6.4,10.6,International Short-Haul
S25,22,2025-06-02,311,T1,Pier 3,82,7,10,International Short-Haul
S25,22,2025-06-02,312,T1,Pier 3,71,6.1,10.9,International Short-Haul
S25,22,2025-06-02,313,T1,Pier 3,71,6.1,10.9,International Short-Haul
S25,22,2025-06-02,314,T1,Pier 3,76,6.5,10.5,International Short-Haul
S25,22,2025-06-02,315,T2,Pier 3,74,6.3,10.7,Transatlantic CBP
S25,22,2025-06-02,316,T2,Pier 3,79,6.8,10.2,Transatlantic CBP
S25,22,2025-06-02,317,T2,Pier 3,78,6.7,10.3,Transatlantic CBP
S25,22,2025-06-02,318,T2,Pier 3,71,6.1,10.9,Transatlantic CBP
S25,22,2025-06-02,319,T2,Pier 3,72,6.2,10.8,Transatlantic CBP
S25,22,2025-06-02,320,T2,Pier 3,76,6.5,10.5,Transatlantic CBP
S25,22,2025-06-02,321,T2,Pier 3,74,6.3,10.7,Transatlantic CBP
S25,22,2025-06-02,322,T2,Pier 3,81,6.9,10.1,Transatlantic CBP
S25,22,2025-06-02,323,T2,Pier 3,76,6.5,10.5,Transatlantic CBP
S25,22,2025-06-02,401,T2,Pier 4,58,9.9,7.1,Transatlantic CBP
S25,22,2025-06-02,402,T2,Pier 4,62,10.6,6.4,Transatlantic CBP
S25,22,2025-06-02,403,T2,Pier 4,58,9.9,7.1,Transatlantic CBP
S25,22,2025-06-02,404,T2,Pier 4,58,10,7,Transatlantic CBP
S25,22,2025-06-02,405,T2,Pier 4,60,10.2,6.8,Transatlantic CBP
S25,22,2025-06-02,406,T2,Pier 4,65,11.2,5.8,Transatlantic CBP
S25,22,2025-06-02,407,T2,Pier 4,66,11.3,5.7,Transatlantic CBP
S25,22,2025-06-02,408,T2,Pier 4,65,11.2,5.8,Transatlantic CBP
S25,22,2025-06-02,409,T2,Pier 4,60,10.3,6.7,Transatlantic CBP
S25,22,2025-06-02,410,T2,Pier 4,60,10.2,6.8,Transatlantic CBP
S25,22,2025-06-02,411,T2,Pier 4,62,10.7,6.3,Transatlantic CBP
S25,22,2025-06-02,412,T2,Pier 4,64,11,6,Transatlantic CBP
S25,22,2025-06-02,413,T2,Pier 4,67,11.5,5.5,Transatlantic CBP
S25,22,2025-06-02,414,T2,Pier 4,58,10,7,Transatlantic CBP
S25,22,2025-06-02,415,T2,Pier 4,58,9.9,7.1,Transatlantic CBP
S25,22,2025-06-02,416,T2,Pier 4,64,11,6,Transatlantic CBP
S25,22,2025-06-02,417,T2,Pier 4,65,11.2,5.8,Transatlantic CBP
S25,22,2025-06-02,418,T2,Pier 4,65,11.2,5.8,Transatlantic CBP
S25,22,2025-06-02,419,T2,Pier 4,64,10.9,6.1,Transatlantic CBP
S25,22,2025-06-02,420,T2,Pier 4,66,11.4,5.6,Transatlantic CBP
S25,22,2025-06-02,421,T2,Pier 4,62,10.6,6.4,Transatlantic CBP
S25,22,2025-06-02,422,T2,Pier 4,66,11.3,5.7,Transatlantic CBP
S25,22,2025-06-02,423,T2,Pier 4,66,11.4,5.6,Transatlantic CBP
S25,22,2025-06-02,424,T2,Pier 4,65,11.2,5.8,Transatlantic CBP
S25,22,2025-06-02,425,T2,Pier 4,60,10.3,6.7,Transatlantic CBP
S25,22,2025-06-02,426,T2,Pier 4,59,10.1,6.9,Transatlantic CBP
S25,22,2025-06-02,501,T2,Pier E,43,11.1,5.9,International Long-Haul
S25,22,2025-06-02,502,T2,Pier E,42,10.9,6.1,International Long-Haul
S25,22,2025-06-02,503,T2,Pier E,45,11.6,5.4,International Long-Haul
S25,22,2025-06-02,504,T2,Pier E,40,10.3,6.7,International Long-Haul
S25,22,2025-06-02,505,T2,Pier E,41,10.5,6.5,International Long-Haul
S25,22,2025-06-02,506,T2,Pier E,44,11.4,5.6,International Long-Haul
S25,22,2025-06-02,507,T2,Pier E,40,10.3,6.7,International Long-Haul
S25,22,2025-06-02,508,T2,Pier E,42,10.7,6.3,International Long-Haul
S25,22,2025-06-02,509,T2,Pier E,42,10.8,6.2,International Long-Haul
S25,22,2025-06-02,510,T2,Pier E,44,11.2,5.8,International Long-Haul
S25,22,2025-06-02,511,T2,Pier E,40,10.4,6.6,International Long-Haul
S25,22,2025-06-02,512,T2,Pier E,45,11.6,5.4,International Long-Haul
S25,22,2025-06-02,513,T2,Pier E,42,10.9,6.1,International Long-Haul
S25,22,2025-06-02,514,T2,Pier E,45,11.7,5.3,International Long-Haul
S25,22,2025-06-02,515,T2,Pier E,42,10.9,6.1,International Long-Haul
S25,22,2025-06-02,601,T1,Remote North,37,2.9,14.1,International Short-Haul
S25,22,2025-06-02,602,T1,Remote North,36,2.8,14.2,International Short-Haul
S25,22,2025-06-02,603,T1,Remote North,36,2.8,14.2,International Short-Haul
S25,22,2025-06-02,604,T1,Remote North,38,3,14,International Short-Haul
S25,22,2025-06-02,605,T1,Remote North,36,2.8,14.2,International Short-Haul
S25,22,2025-06-02,606,T1,Remote North,38,3,14,International Short-Haul
S25,22,2025-06-02,607,T1,Remote North,38,3,14,International Short-Haul
S25,22,2025-06-02,608,T1,Remote North,37,2.9,14.1,International Short-Haul
S25,22,2025-06-02,609,T1,Remote North,36,2.8,14.2,International Short-Haul
S25,22,2025-06-02,610,T1,Remote North,39,3.1,13.9,International Short-Haul
S25,22,2025-06-02,611,T1,Remote North,41,3.2,13.8,International Short-Haul
S25,22,2025-06-02,612,T1,Remote North,36,2.8,14.2,International Short-Haul
S25,22,2025-06-02,613,T1,Remote North,36,2.8,14.2,International Short-Haul
S25,22,2025-06-02,614,T1,Remote North,41,3.2,13.8,International Short-Haul
S25,22,2025-06-02,615,T1,Remote North,36,2.8,14.2,International Short-Haul
S25,22,2025-06-02,616,T1,Remote North,41,3.2,13.8,International Short-Haul
S25,22,2025-06-02,617,T1,Remote North,36,2.8,14.2,International Short-Haul
S25,22,2025-06-02,618,T1,Remote North,41,3.2,13.8,International Short-Haul
S25,22,2025-06-02,619,T1,Remote North,37,2.9,14.1,International Short-Haul
S25,22,2025-06-02,620,T1,Remote North,41,3.2,13.8,International Short-Haul
S25,22,2025-06-02,621,T1,Remote North,37,2.9,14.1,International Short-Haul
S25,22,2025-06-02,701,T1,Remote South,7,2,15,Cargo
S25,22,2025-06-02,702,T1,Remote South,6,1.8,15.2,Cargo
S25,22,2025-06-02,703,T1,Remote South,6,1.8,15.2,Cargo
S25,22,2025-06-02,704,T1,Remote South,7,2,15,Cargo
S25,22,2025-06-02,705,T1,Remote South,7,1.9,15.1,Cargo
S25,22,2025-06-02,706,T1,Remote South,7,2.1,14.9,Cargo
S25,22,2025-06-02,707,T1,Remote South,7,1.9,15.1,Cargo
S25,22,2025-06-02,708,T1,Remote South,7,2,15,Cargo
S25,22,2025-06-02,709,T1,Remote South,7,1.9,15.1,Cargo
S25,22,2025-06-02,710,T1,Remote South,7,2.1,14.9,Cargo
S25,22,2025-06-02,711,T1,Remote South,7,2.1,14.9,Cargo
S25,22,2025-06-02,712,T1,Remote South,7,1.9,15.1,Cargo
S25,23,2025-06-09,101,T1,Pier 1,132,9.4,7.6,International Short-Haul
S25,23,2025-06-09,102,T1,Pier 1,132,9.4,7.6,International Short-Haul
S25,23,2025-06-09,103,T1,Pier 1,119,8.5,8.5,International Short-Haul
S25,23,2025-06-09,104,T1,Pier 1,127,9.1,7.9,International Short-Haul
S25,23,2025-06-09,105,T1,Pier 1,116,8.3,8.7,International Short-Haul
S25,23,2025-06-09,106,T1,Pier 1,132,9.4,7.6,International Short-Haul
S25,23,2025-06-09,107,T1,Pier 1,118,8.4,8.6,International Short-Haul
S25,23,2025-06-09,108,T1,Pier 1,116,8.3,8.7,International Short-Haul
S25,23,2025-06-09,109,T1,Pier 1,123,8.8,8.2,International Short-Haul
S25,23,2025-06-09,110,T1,Pier 1,126,9,8,International Short-Haul
S25,23,2025-06-09,111,T1,Pier 1,132,9.4,7.6,International Short-Haul
S25,23,2025-06-09,112,T1,Pier 1,134,9.6,7.4,International Short-Haul
S25,23,2025-06-09,113,T1,Pier 1,123,8.8,8.2,International Short-Haul
S25,23,2025-06-09,114,T1,Pier 1,116,8.3,8.7,International Short-Haul
S25,23,2025-06-09,115,T1,Pier 1,129,9.2,7.8,International Short-Haul
S25,23,2025-06-09,116,T1,Pier 1,126,9,8,International Short-Haul
S25,23,2025-06-09,117,T1,Pier 1,123,8.8,8.2,International Short-Haul
S25,23,2025-06-09,118,T1,Pier 1,120,8.6,8.4,International Short-Haul
S25,23,2025-06-09,119,T1,Pier 1,125,8.9,8.1,International Short-Haul
S25,23,2025-06-09,201,T1,Pier 2,94,7.4,9.6,International Short-Haul
S25,23,2025-06-09,202,T1,Pier 2,101,7.9,9.1,International Short-Haul
S25,23,2025-06-09,203,T1,Pier 2,97,7.6,9.4,International Short-Haul
S25,23,2025-06-09,204,T1,Pier 2,102,8,9,International Short-Haul
S25,23,2025-06-09,205,T1,Pier 2,97,7.6,9.4,International Short-Haul
S25,23,2025-06-09,206,T1,Pier 2,92,7.2,9.8,International Short-Haul
S25,23,2025-06-09,207,T1,Pier 2,102,8,9,International Short-Haul
S25,23,2025-06-09,208,T1,Pier 2,97,7.6,9.4,International Short-Haul
S25,23,2025-06-09,209,T1,Pier 2,92,7.2,9.8,International Short-Haul
S25,23,2025-06-09,210,T1,Pier 2,98,7.7,9.3,International Short-Haul
S25,23,2025-06-09,211,T1,Pier 2,94,7.4,9.6,International Short-Haul
S25,23,2025-06-09,212,T1,Pier 2,102,8,9,International Short-Haul
S25,23,2025-06-09,213,T1,Pier 2,95,7.5,9.5,International Short-Haul
S25,23,2025-06-09,214,T1,Pier 2,99,7.8,9.2,International Short-Haul
S25,23,2025-06-09,301,T1,Pier 3,75,6.4,10.6,International Short-Haul
S25,23,2025-06-09,302,T1,Pier 3,78,6.7,10.3,International Short-Haul
S25,23,2025-06-09,303,T1,Pier 3,85,7.3,9.7,International Short-Haul
S25,23,2025-06-09,304,T1,Pier 3,84,7.2,9.8,International Short-Haul
S25,23,2025-06-09,305,T1,Pier 3,76,6.5,10.5,International Short-Haul
S25,23,2025-06-09,306,T1,Pier 3,77,6.6,10.4,International Short-Haul
S25,23,2025-06-09,307,T1,Pier 3,77,6.6,10.4,International Short-Haul
S25,23,2025-06-09,308,T1,Pier 3,82,7,10,International Short-Haul
S25,23,2025-06-09,309,T1,Pier 3,83,7.1,9.9,International Short-Haul
S25,23,2025-06-09,310,T1,Pier 3,83,7.1,9.9,International Short-Haul
S25,23,2025-06-09,311,T1,Pier 3,79,6.8,10.2,International Short-Haul
S25,23,2025-06-09,312,T1,Pier 3,84,7.2,9.8,International Short-Haul
S25,23,2025-06-09,313,T1,Pier 3,79,6.8,10.2,International Short-Haul
S25,23,2025-06-09,314,T1,Pier 3,75,6.4,10.6,International Short-Haul
S25,23,2025-06-09,315,T2,Pier 3,81,6.9,10.1,Transatlantic CBP
S25,23,2025-06-09,316,T2,Pier 3,85,7.3,9.7,Transatlantic CBP
S25,23,2025-06-09,317,T2,Pier 3,83,7.1,9.9,Transatlantic CBP
S25,23,2025-06-09,318,T2,Pier 3,81,6.9,10.1,Transatlantic CBP
S25,23,2025-06-09,319,T2,Pier 3,82,7,10,Transatlantic CBP
S25,23,2025-06-09,320,T2,Pier 3,85,7.3,9.7,Transatlantic CBP
S25,23,2025-06-09,321,T2,Pier 3,78,6.7,10.3,Transatlantic CBP
S25,23,2025-06-09,322,T2,Pier 3,77,6.6,10.4,Transatlantic CBP
S25,23,2025-06-09,323,T2,Pier 3,85,7.3,9.7,Transatlantic CBP
S25,23,2025-06-09,401,T2,Pier 4,68,11.7,5.3,Transatlantic CBP
S25,23,2025-06-09,402,T2,Pier 4,62,10.7,6.3,Transatlantic CBP
S25,23,2025-06-09,403,T2,Pier 4,64,10.9,6.1,Transatlantic CBP
S25,23,2025-06-09,404,T2,Pier 4,64,10.9,6.1,Transatlantic CBP
S25,23,2025-06-09,405,T2,Pier 4,61,10.4,6.6,Transatlantic CBP
S25,23,2025-06-09,406,T2,Pier 4,69,11.8,5.2,Transatlantic CBP
S25,23,2025-06-09,407,T2,Pier 4,63,10.8,6.2,Transatlantic CBP
S25,23,2025-06-09,408,T2,Pier 4,68,11.7,5.3,Transatlantic CBP
S25,23,2025-06-09,409,T2,Pier 4,61,10.5,6.5,Transatlantic CBP
S25,23,2025-06-09,410,T2,Pier 4,65,11.1,5.9,Transatlantic CBP
S25,23,2025-06-09,411,T2,Pier 4,60,10.2,6.8,Transatlantic CBP
S25,23,2025-06-09,412,T2,Pier 4,67,11.5,5.5,Transatlantic CBP
S25,23,2025-06-09,413,T2,Pier 4,65,11.2,5.8,Transatlantic CBP
S25,23,2025-06-09,414,T2,Pier 4,65,11.2,5.8,Transatlantic CBP
S25,23,2025-06-09,415,T2,Pier 4,60,10.2,6.8,Transatlantic CBP
S25,23,2025-06-09,416,T2,Pier 4,61,10.5,6.5,Transatlantic CBP
S25,23,2025-06-09,417,T2,Pier 4,60,10.3,6.7,Transatlantic CBP
S25,23,2025-06-09,418,T2,Pier 4,62,10.6,6.4,Transatlantic CBP
S25,23,2025-06-09,419,T2,Pier 4,65,11.2,5.8,Transatlantic CBP
S25,23,2025-06-09,420,T2,Pier 4,65,11.1,5.9,Transatlantic CBP
S25,23,2025-06-09,421,T2,Pier 4,65,11.2,5.8,Transatlantic CBP
S25,23,2025-06-09,422,T2,Pier 4,65,11.1,5.9,Transatlantic CBP
S25,23,2025-06-09,423,T2,Pier 4,62,10.6,6.4,Transatlantic CBP
S25,23,2025-06-09,424,T2,Pier 4,62,10.6,6.4,Transatlantic CBP
S25,23,2025-06-09,425,T2,Pier 4,61,10.4,6.6,Transatlantic CBP
S25,23,2025-06-09,426,T2,Pier 4,68,11.6,5.4,Transatlantic CBP
S25,23,2025-06-09,501,T2,Pier E,45,11.6,5.4,International Long-Haul
S25,23,2025-06-09,502,T2,Pier E,42,10.8,6.2,International Long-Haul
S25,23,2025-06-09,503,T2,Pier E,42,10.8,6.2,International Long-Haul
S25,23,2025-06-09,504,T2,Pier E,47,12.1,4.9,International Long-Haul
S25,23,2025-06-09,505,T2,Pier E,46,11.8,5.2,International Long-Haul
S25,23,2025-06-09,506,T2,Pier E,45,11.7,5.3,International Long-Haul
S25,23,2025-06-09,507,T2,Pier E,44,11.2,5.8,International Long-Haul
S25,23,2025-06-09,508,T2,Pier E,42,10.9,6.1,International Long-Haul
S25,23,2025-06-09,509,T2,Pier E,47,12.2,4.8,International Long-Haul
S25,23,2025-06-09,510,T2,Pier E,46,11.9,5.1,International Long-Haul
S25,23,2025-06-09,511,T2,Pier E,43,11,6,International Long-Haul
S25,23,2025-06-09,512,T2,Pier E,47,12,5,International Long-Haul
S25,23,2025-06-09,513,T2,Pier E,46,11.8,5.2,International Long-Haul
S25,23,2025-06-09,514,T2,Pier E,43,11,6,International Long-Haul
S25,23,2025-06-09,515,T2,Pier E,44,11.2,5.8,International Long-Haul
S25,23,2025-06-09,601,T1,Remote North,38,3,14,International Short-Haul
S25,23,2025-06-09,602,T1,Remote North,37,2.9,14.1,International Short-Haul
S25,23,2025-06-09,603,T1,Remote North,41,3.2,13.8,International Short-Haul
S25,23,2025-06-09,604,T1,Remote North,38,3,14,International Short-Haul
S25,23,2025-06-09,605,T1,Remote North,42,3.3,13.7,International Short-Haul
S25,23,2025-06-09,606,T1,Remote North,43,3.4,13.6,International Short-Haul
S25,23,2025-06-09,607,T1,Remote North,37,2.9,14.1,International Short-Haul
S25,23,2025-06-09,608,T1,Remote North,39,3.1,13.9,International Short-Haul
S25,23,2025-06-09,609,T1,Remote North,42,3.3,13.7,International Short-Haul
S25,23,2025-06-09,610,T1,Remote North,42,3.3,13.7,International Short-Haul
S25,23,2025-06-09,611,T1,Remote North,41,3.2,13.8,International Short-Haul
S25,23,2025-06-09,612,T1,Remote North,38,3,14,International Short-Haul
S25,23,2025-06-09,613,T1,Remote North,39,3.1,13.9,International Short-Haul
S25,23,2025-06-09,614,T1,Remote North,41,3.2,13.8,International Short-Haul
S25,23,2025-06-09,615,T1,Remote North,42,3.3,13.7,International Short-Haul
S25,23,2025-06-09,616,T1,Remote North,38,3,14,International Short-Haul
S25,23,2025-06-09,617,T1,Remote North,42,3.3,13.7,International Short-Haul
S25,23,2025-06-09,618,T1,Remote North,38,3,14,International Short-Haul
S25,23,2025-06-09,619,T1,Remote North,43,3.4,13.6,International Short-Haul
S25,23,2025-06-09,620,T1,Remote North,41,3.2,13.8,International Short-Haul
S25,23,2025-06-09,621,T1,Remote North,39,3.1,13.9,International Short-Haul
S25,23,2025-06-09,701,T1,Remote South,7,2,15,Cargo
S25,23,2025-06-09,702,T1,Remote South,7,1.9,15.1,Cargo
S25,23,2025-06-09,703,T1,Remote South,7,1.9,15.1,Cargo
S25,23,2025-06-09,704,T1,Remote South,7,1.9,15.1,Cargo
S25,23,2025-06-09,705,T1,Remote South,7,1.9,15.1,Cargo
S25,23,2025-06-09,706,T1,Remote South,7,1.9,15.1,Cargo
S25,23,2025-06-09,707,T1,Remote South,7,2.1,14.9,Cargo
S25,23,2025-06-09,708,T1,Remote South,7,2,15,Cargo
S25,23,2025-06-09,709,T1,Remote South,7,1.9,15.1,Cargo
S25,23,2025-06-09,710,T1,Remote South,7,2.1,14.9,Cargo
S25,23,2025-06-09,711,T1,Remote South,7,2,15,Cargo
S25,23,2025-06-09,712,T1,Remote South,7,2.1,14.9,Cargo
S25,24,2025-06-16,101,T1,Pier 1,134,9.6,7.4,International Short-Haul
S25,24,2025-06-16,102,T1,Pier 1,125,8.9,8.1,International Short-Haul
S25,24,2025-06-16,103,T1,Pier 1,130,9.3,7.7,International Short-Haul
S25,24,2025-06-16,104,T1,Pier 1,134,9.6,7.4,International Short-Haul
S25,24,2025-06-16,105,T1,Pier 1,122,8.7,8.3,International Short-Haul
S25,24,2025-06-16,106,T1,Pier 1,120,8.6,8.4,International Short-Haul
S25,24,2025-06-16,107,T1,Pier 1,123,8.8,8.2,International Short-Haul
S25,24,2025-06-16,108,T1,Pier 1,126,9,8,International Short-Haul
S25,24,2025-06-16,109,T1,Pier 1,130,9.3,7.7,International Short-Haul
S25,24,2025-06-16,110,T1,Pier 1,130,9.3,7.7,International Short-Haul
S25,24,2025-06-16,111,T1,Pier 1,123,8.8,8.2,International Short-Haul
S25,24,2025-06-16,112,T1,Pier 1,134,9.6,7.4,International Short-Haul
S25,24,2025-06-16,113,T1,Pier 1,133,9.5,7.5,International Short-Haul
S25,24,2025-06-16,114,T1,Pier 1,127,9.1,7.9,International Short-Haul
S25,24,2025-06-16,115,T1,Pier 1,120,8.6,8.4,International Short-Haul
S25,24,2025-06-16,116,T1,Pier 1,122,8.7,8.3,International Short-Haul
S25,24,2025-06-16,117,T1,Pier 1,129,9.2,7.8,International Short-Haul
S25,24,2025-06-16,118,T1,Pier 1,123,8.8,8.2,International Short-Haul
S25,24,2025-06-16,119,T1,Pier 1,129,9.2,7.8,International Short-Haul
S25,24,2025-06-16,201,T1,Pier 2,103,8.1,8.9,International Short-Haul
S25,24,2025-06-16,202,T1,Pier 2,102,8,9,International Short-Haul
S25,24,2025-06-16,203,T1,Pier 2,97,7.6,9.4,International Short-Haul
S25,24,2025-06-16,204,T1,Pier 2,99,7.8,9.2,International Short-Haul
S25,24,2025-06-16,205,T1,Pier 2,103,8.1,8.9,International Short-Haul
S25,24,2025-06-16,206,T1,Pier 2,107,8.4,8.6,International Short-Haul
S25,24,2025-06-16,207,T1,Pier 2,106,8.3,8.7,International Short-Haul
S25,24,2025-06-16,208,T1,Pier 2,102,8,9,International Short-Haul
S25,24,2025-06-16,209,T1,Pier 2,99,7.8,9.2,International Short-Haul
S25,24,2025-06-16,210,T1,Pier 2,99,7.8,9.2,International Short-Haul
S25,24,2025-06-16,211,T1,Pier 2,107,8.4,8.6,International Short-Haul
S25,24,2025-06-16,212,T1,Pier 2,94,7.4,9.6,International Short-Haul
S25,24,2025-06-16,213,T1,Pier 2,109,8.6,8.4,International Short-Haul
S25,24,2025-06-16,214,T1,Pier 2,104,8.2,8.8,International Short-Haul
S25,24,2025-06-16,301,T1,Pier 3,86,7.4,9.6,International Short-Haul
S25,24,2025-06-16,302,T1,Pier 3,77,6.6,10.4,International Short-Haul
S25,24,2025-06-16,303,T1,Pier 3,85,7.3,9.7,International Short-Haul
S25,24,2025-06-16,304,T1,Pier 3,84,7.2,9.8,International Short-Haul
S25,24,2025-06-16,305,T1,Pier 3,78,6.7,10.3,International Short-Haul
S25,24,2025-06-16,306,T1,Pier 3,81,6.9,10.1,International Short-Haul
S25,24,2025-06-16,307,T1,Pier 3,89,7.6,9.4,International Short-Haul
S25,24,2025-06-16,308,T1,Pier 3,84,7.2,9.8,International Short-Haul
S25,24,2025-06-16,309,T1,Pier 3,83,7.1,9.9,International Short-Haul
S25,24,2025-06-16,310,T1,Pier 3,78,6.7,10.3,International Short-Haul
S25,24,2025-06-16,311,T1,Pier 3,86,7.4,9.6,International Short-Haul
S25,24,2025-06-16,312,T1,Pier 3,86,7.4,9.6,International Short-Haul
S25,24,2025-06-16,313,T1,Pier 3,85,7.3,9.7,International Short-Haul
S25,24,2025-06-16,314,T1,Pier 3,84,7.2,9.8,International Short-Haul
S25,24,2025-06-16,315,T2,Pier 3,83,7.1,9.9,Transatlantic CBP
S25,24,2025-06-16,316,T2,Pier 3,85,7.3,9.7,Transatlantic CBP
S25,24,2025-06-16,317,T2,Pier 3,81,6.9,10.1,Transatlantic CBP
S25,24,2025-06-16,318,T2,Pier 3,90,7.7,9.3,Transatlantic CBP
S25,24,2025-06-16,319,T2,Pier 3,85,7.3,9.7,Transatlantic CBP
S25,24,2025-06-16,320,T2,Pier 3,82,7,10,Transatlantic CBP
S25,24,2025-06-16,321,T2,Pier 3,83,7.1,9.9,Transatlantic CBP
S25,24,2025-06-16,322,T2,Pier 3,88,7.5,9.5,Transatlantic CBP
S25,24,2025-06-16,323,T2,Pier 3,79,6.8,10.2,Transatlantic CBP
S25,24,2025-06-16,401,T2,Pier 4,65,11.2,5.8,Transatlantic CBP
S25,24,2025-06-16,402,T2,Pier 4,69,11.9,5.1,Transatlantic CBP
S25,24,2025-06-16,403,T2,Pier 4,65,11.2,5.8,Transatlantic CBP
S25,24,2025-06-16,404,T2,Pier 4,71,12.1,4.9,Transatlantic CBP
S25,24,2025-06-16,405,T2,Pier 4,64,10.9,6.1,Transatlantic CBP
S25,24,2025-06-16,406,T2,Pier 4,71,12.1,4.9,Transatlantic CBP
S25,24,2025-06-16,407,T2,Pier 4,63,10.8,6.2,Transatlantic CBP
S25,24,2025-06-16,408,T2,Pier 4,62,10.7,6.3,Transatlantic CBP
S25,24,2025-06-16,409,T2,Pier 4,72,12.3,4.7,Transatlantic CBP
S25,24,2025-06-16,410,T2,Pier 4,68,11.7,5.3,Transatlantic CBP
S25,24,2025-06-16,411,T2,Pier 4,66,11.3,5.7,Transatlantic CBP
S25,24,2025-06-16,412,T2,Pier 4,65,11.1,5.9,Transatlantic CBP
S25,24,2025-06-16,413,T2,Pier 4,69,11.8,5.2,Transatlantic CBP
S25,24,2025-06-16,414,T2,Pier 4,68,11.6,5.4,Transatlantic CBP
S25,24,2025-06-16,415,T2,Pier 4,73,12.5,4.5,Transatlantic CBP
S25,24,2025-06-16,416,T2,Pier 4,73,12.5,4.5,Transatlantic CBP
S25,24,2025-06-16,417,T2,Pier 4,69,11.8,5.2,Transatlantic CBP
S25,24,2025-06-16,418,T2,Pier 4,67,11.5,5.5,Transatlantic CBP
S25,24,2025-06-16,419,T2,Pier 4,68,11.6,5.4,Transatlantic CBP
S25,24,2025-06-16,420,T2,Pier 4,69,11.9,5.1,Transatlantic CBP
S25,24,2025-06-16,421,T2,Pier 4,64,10.9,6.1,Transatlantic CBP
S25,24,2025-06-16,422,T2,Pier 4,66,11.3,5.7,Transatlantic CBP
S25,24,2025-06-16,423,T2,Pier 4,63,10.8,6.2,Transatlantic CBP
S25,24,2025-06-16,424,T2,Pier 4,63,10.8,6.2,Transatlantic CBP
S25,24,2025-06-16,425,T2,Pier 4,64,11,6,Transatlantic CBP
S25,24,2025-06-16,426,T2,Pier 4,68,11.6,5.4,Transatlantic CBP
S25,24,2025-06-16,501,T2,Pier E,49,12.5,4.5,International Long-Haul
S25,24,2025-06-16,502,T2,Pier E,46,11.9,5.1,International Long-Haul
S25,24,2025-06-16,503,T2,Pier E,45,11.7,5.3,International Long-Haul
S25,24,2025-06-16,504,T2,Pier E,44,11.2,5.8,International Long-Haul
S25,24,2025-06-16,505,T2,Pier E,47,12.1,4.9,International Long-Haul
S25,24,2025-06-16,506,T2,Pier E,45,11.5,5.5,International Long-Haul
S25,24,2025-06-16,507,T2,Pier E,47,12.2,4.8,International Long-Haul
S25,24,2025-06-16,508,T2,Pier E,50,12.9,4.1,International Long-Haul
S25,24,2025-06-16,509,T2,Pier E,44,11.2,5.8,International Long-Haul
S25,24,2025-06-16,510,T2,Pier E,44,11.4,5.6,International Long-Haul
S25,24,2025-06-16,511,T2,Pier E,46,11.9,5.1,International Long-Haul
S25,24,2025-06-16,512,T2,Pier E,50,12.9,4.1,International Long-Haul
S25,24,2025-06-16,513,T2,Pier E,49,12.5,4.5,International Long-Haul
S25,24,2025-06-16,514,T2,Pier E,49,12.7,4.3,International Long-Haul
S25,24,2025-06-16,515,T2,Pier E,45,11.7,5.3,International Long-Haul
S25,24,2025-06-16,601,T1,Remote North,45,3.5,13.5,International Short-Haul
S25,24,2025-06-16,602,T1,Remote North,39,3.1,13.9,International Short-Haul
S25,24,2025-06-16,603,T1,Remote North,38,3,14,International Short-Haul
S25,24,2025-06-16,604,T1,Remote North,45,3.5,13.5,International Short-Haul
S25,24,2025-06-16,605,T1,Remote North,45,3.5,13.5,International Short-Haul
S25,24,2025-06-16,606,T1,Remote North,39,3.1,13.9,International Short-Haul
S25,24,2025-06-16,607,T1,Remote North,39,3.1,13.9,International Short-Haul
S25,24,2025-06-16,608,T1,Remote North,38,3,14,International Short-Haul
S25,24,2025-06-16,609,T1,Remote North,39,3.1,13.9,International Short-Haul
S25,24,2025-06-16,610,T1,Remote North,39,3.1,13.9,International Short-Haul
S25,24,2025-06-16,611,T1,Remote North,45,3.5,13.5,International Short-Haul
S25,24,2025-06-16,612,T1,Remote North,43,3.4,13.6,International Short-Haul
S25,24,2025-06-16,613,T1,Remote North,43,3.4,13.6,International Short-Haul
S25,24,2025-06-16,614,T1,Remote North,43,3.4,13.6,International Short-Haul
S25,24,2025-06-16,615,T1,Remote North,42,3.3,13.7,International Short-Haul
S25,24,2025-06-16,616,T1,Remote North,43,3.4,13.6,International Short-Haul
S25,24,2025-06-16,617,T1,Remote North,42,3.3,13.7,International Short-Haul
S25,24,2025-06-16,618,T1,Remote North,41,3.2,13.8,International Short-Haul
S25,24,2025-06-16,619,T1,Remote North,42,3.3,13.7,International Short-Haul
S25,24,2025-06-16,620,T1,Remote North,42,3.3,13.7,International Short-Haul
S25,24,2025-06-16,621,T1,Remote North,43,3.4,13.6,International Short-Haul
S25,24,2025-06-16,701,T1,Remote South,8,2.3,14.7,Cargo
S25,24,2025-06-16,702,T1,Remote South,7,2.1,14.9,Cargo
S25,24,2025-06-16,703,T1,Remote South,8,2.2,14.8,Cargo
S25,24,2025-06-16,704,T1,Remote South,7,2,15,Cargo
S25,24,2025-06-16,705,T1,Remote South,8,2.2,14.8,Cargo
S25,24,2025-06-16,706,T1,Remote South,7,2.1,14.9,Cargo
S25,24,2025-06-16,707,T1,Remote South,7,1.9,15.1,Cargo
S25,24,2025-06-16,708,T1,Remote South,7,2.1,14.9,Cargo
S25,24,2025-06-16,709,T1,Remote South,7,2.1,14.9,Cargo
S25,24,2025-06-16,710,T1,Remote South,7,2,15,Cargo
S25,24,2025-06-16,711,T1,Remote South,8,2.2,14.8,Cargo
S25,24,2025-06-16,712,T1,Remote South,7,2,15,Cargo
S25,25,2025-06-23,101,T1,Pier 1,144,10.3,6.7,International Short-Haul
S25,25,2025-06-23,102,T1,Pier 1,140,10,7,International Short-Haul
S25,25,2025-06-23,103,T1,Pier 1,132,9.4,7.6,International Short-Haul
S25,25,2025-06-23,104,T1,Pier 1,133,9.5,7.5,International Short-Haul
S25,25,2025-06-23,105,T1,Pier 1,140,10,7,International Short-Haul
S25,25,2025-06-23,106,T1,Pier 1,137,9.8,7.2,International Short-Haul
S25,25,2025-06-23,107,T1,Pier 1,139,9.9,7.1,International Short-Haul
S25,25,2025-06-23,108,T1,Pier 1,133,9.5,7.5,International Short-Haul
S25,25,2025-06-23,109,T1,Pier 1,136,9.7,7.3,International Short-Haul
S25,25,2025-06-23,110,T1,Pier 1,146,10.4,6.6,International Short-Haul
S25,25,2025-06-23,111,T1,Pier 1,129,9.2,7.8,International Short-Haul
S25,25,2025-06-23,112,T1,Pier 1,133,9.5,7.5,International Short-Haul
S25,25,2025-06-23,113,T1,Pier 1,130,9.3,7.7,International Short-Haul
S25,25,2025-06-23,114,T1,Pier 1,141,10.1,6.9,International Short-Haul
S25,25,2025-06-23,115,T1,Pier 1,141,10.1,6.9,International Short-Haul
S25,25,2025-06-23,116,T1,Pier 1,132,9.4,7.6,International Short-Haul
S25,25,2025-06-23,117,T1,Pier 1,126,9,8,International Short-Haul
S25,25,2025-06-23,118,T1,Pier 1,125,8.9,8.1,International Short-Haul
S25,25,2025-06-23,119,T1,Pier 1,134,9.6,7.4,International Short-Haul
S25,25,2025-06-23,201,T1,Pier 2,103,8.1,8.9,International Short-Haul
S25,25,2025-06-23,202,T1,Pier 2,113,8.9,8.1,International Short-Haul
S25,25,2025-06-23,203,T1,Pier 2,104,8.2,8.8,International Short-Haul
S25,25,2025-06-23,204,T1,Pier 2,101,7.9,9.1,International Short-Haul
S25,25,2025-06-23,205,T1,Pier 2,111,8.7,8.3,International Short-Haul
S25,25,2025-06-23,206,T1,Pier 2,104,8.2,8.8,International Short-Haul
S25,25,2025-06-23,207,T1,Pier 2,106,8.3,8.7,International Short-Haul
S25,25,2025-06-23,208,T1,Pier 2,98,7.7,9.3,International Short-Haul
S25,25,2025-06-23,209,T1,Pier 2,103,8.1,8.9,International Short-Haul
S25,25,2025-06-23,210,T1,Pier 2,112,8.8,8.2,International Short-Haul
S25,25,2025-06-23,211,T1,Pier 2,106,8.3,8.7,International Short-Haul
S25,25,2025-06-23,212,T1,Pier 2,102,8,9,International Short-Haul
S25,25,2025-06-23,213,T1,Pier 2,107,8.4,8.6,International Short-Haul
S25,25,2025-06-23,214,T1,Pier 2,112,8.8,8.2,International Short-Haul
S25,25,2025-06-23,301,T1,Pier 3,84,7.2,9.8,International Short-Haul
S25,25,2025-06-23,302,T1,Pier 3,86,7.4,9.6,International Short-Haul
S25,25,2025-06-23,303,T1,Pier 3,93,8,9,International Short-Haul
S25,25,2025-06-23,304,T1,Pier 3,82,7,10,International Short-Haul
S25,25,2025-06-23,305,T1,Pier 3,90,7.7,9.3,International Short-Haul
S25,25,2025-06-23,306,T1,Pier 3,89,7.6,9.4,International Short-Haul
S25,25,2025-06-23,307,T1,Pier 3,89,7.6,9.4,International Short-Haul
S25,25,2025-06-23,308,T1,Pier 3,84,7.2,9.8,International Short-Haul
S25,25,2025-06-23,309,T1,Pier 3,84,7.2,9.8,International Short-Haul
S25,25,2025-06-23,310,T1,Pier 3,89,7.6,9.4,International Short-Haul
S25,25,2025-06-23,311,T1,Pier 3,83,7.1,9.9,International Short-Haul
S25,25,2025-06-23,312,T1,Pier 3,85,7.3,9.7,International Short-Haul
S25,25,2025-06-23,313,T1,Pier 3,82,7,10,International Short-Haul
S25,25,2025-06-23,314,T1,Pier 3,79,6.8,10.2,International Short-Haul
S25,25,2025-06-23,315,T2,Pier 3,93,8,9,Transatlantic CBP
S25,25,2025-06-23,316,T2,Pier 3,85,7.3,9.7,Transatlantic CBP
S25,25,2025-06-23,317,T2,Pier 3,93,8,9,Transatlantic CBP
S25,25,2025-06-23,318,T2,Pier 3,82,7,10,Transatlantic CBP
S25,25,2025-06-23,319,T2,Pier 3,88,7.5,9.5,Transatlantic CBP
S25,25,2025-06-23,320,T2,Pier 3,83,7.1,9.9,Transatlantic CBP
S25,25,2025-06-23,321,T2,Pier 3,91,7.8,9.2,Transatlantic CBP
S25,25,2025-06-23,322,T2,Pier 3,91,7.8,9.2,Transatlantic CBP
S25,25,2025-06-23,323,T2,Pier 3,82,7,10,Transatlantic CBP
S25,25,2025-06-23,401,T2,Pier 4,75,12.8,4.2,Transatlantic CBP
S25,25,2025-06-23,402,T2,Pier 4,66,11.4,5.6,Transatlantic CBP
S25,25,2025-06-23,403,T2,Pier 4,71,12.2,4.8,Transatlantic CBP
S25,25,2025-06-23,404,T2,Pier 4,75,12.9,4.1,Transatlantic CBP
S25,25,2025-06-23,405,T2,Pier 4,74,12.7,4.3,Transatlantic CBP
S25,25,2025-06-23,406,T2,Pier 4,75,12.9,4.1,Transatlantic CBP
S25,25,2025-06-23,407,T2,Pier 4,68,11.7,5.3,Transatlantic CBP
S25,25,2025-06-23,408,T2,Pier 4,65,11.2,5.8,Transatlantic CBP
S25,25,2025-06-23,409,T2,Pier 4,66,11.4,5.6,Transatlantic CBP
S25,25,2025-06-23,410,T2,Pier 4,70,12,5,Transatlantic CBP
S25,25,2025-06-23,411,T2,Pier 4,73,12.5,4.5,Transatlantic CBP
S25,25,2025-06-23,412,T2,Pier 4,66,11.3,5.7,Transatlantic CBP
S25,25,2025-06-23,413,T2,Pier 4,72,12.3,4.7,Transatlantic CBP
S25,25,2025-06-23,414,T2,Pier 4,68,11.6,5.4,Transatlantic CBP
S25,25,2025-06-23,415,T2,Pier 4,68,11.7,5.3,Transatlantic CBP
S25,25,2025-06-23,416,T2,Pier 4,72,12.3,4.7,Transatlantic CBP
S25,25,2025-06-23,417,T2,Pier 4,69,11.9,5.1,Transatlantic CBP
S25,25,2025-06-23,418,T2,Pier 4,74,12.6,4.4,Transatlantic CBP
S25,25,2025-06-23,419,T2,Pier 4,66,11.3,5.7,Transatlantic CBP
S25,25,2025-06-23,420,T2,Pier 4,73,12.5,4.5,Transatlantic CBP
S25,25,2025-06-23,421,T2,Pier 4,65,11.1,5.9,Transatlantic CBP
S25,25,2025-06-23,422,T2,Pier 4,66,11.4,5.6,Transatlantic CBP
S25,25,2025-06-23,423,T2,Pier 4,72,12.3,4.7,Transatlantic CBP
S25,25,2025-06-23,424,T2,Pier 4,74,12.7,4.3,Transatlantic CBP
S25,25,2025-06-23,425,T2,Pier 4,67,11.5,5.5,Transatlantic CBP
S25,25,2025-06-23,426,T2,Pier 4,68,11.6,5.4,Transatlantic CBP
S25,25,2025-06-23,501,T2,Pier E,48,12.4,4.6,International Long-Haul
S25,25,2025-06-23,502,T2,Pier E,46,11.8,5.2,International Long-Haul
S25,25,2025-06-23,503,T2,Pier E,51,13,4,International Long-Haul
S25,25,2025-06-23,504,T2,Pier E,50,12.9,4.1,International Long-Haul
S25,25,2025-06-23,505,T2,Pier E,45,11.7,5.3,International Long-Haul
S25,25,2025-06-23,506,T2,Pier E,48,12.3,4.7,International Long-Haul
S25,25,2025-06-23,507,T2,Pier E,50,12.9,4.1,International Long-Haul
S25,25,2025-06-23,508,T2,Pier E,47,12,5,International Long-Haul
S25,25,2025-06-23,509,T2,Pier E,49,12.6,4.4,International Long-Haul
S25,25,2025-06-23,510,T2,Pier E,45,11.5,5.5,International Long-Haul
S25,25,2025-06-23,511,T2,Pier E,49,12.6,4.4,International Long-Haul
S25,25,2025-06-23,512,T2,Pier E,45,11.7,5.3,International Long-Haul
S25,25,2025-06-23,513,T2,Pier E,51,13,4,International Long-Haul
S25,25,2025-06-23,514,T2,Pier E,47,12.1,4.9,International Long-Haul
S25,25,2025-06-23,515,T2,Pier E,46,11.9,5.1,International Long-Haul
S25,25,2025-06-23,601,T1,Remote North,46,3.6,13.4,International Short-Haul
S25,25,2025-06-23,602,T1,Remote North,39,3.1,13.9,International Short-Haul
S25,25,2025-06-23,603,T1,Remote North,42,3.3,13.7,International Short-Haul
S25,25,2025-06-23,604,T1,Remote North,42,3.3,13.7,International Short-Haul
S25,25,2025-06-23,605,T1,Remote North,42,3.3,13.7,International Short-Haul
S25,25,2025-06-23,606,T1,Remote North,46,3.6,13.4,International Short-Haul
S25,25,2025-06-23,607,T1,Remote North,45,3.5,13.5,International Short-Haul
S25,25,2025-06-23,608,T1,Remote North,39,3.1,13.9,International Short-Haul
S25,25,2025-06-23,609,T1,Remote North,45,3.5,13.5,International Short-Haul
S25,25,2025-06-23,610,T1,Remote North,43,3.4,13.6,International Short-Haul
S25,25,2025-06-23,611,T1,Remote North,46,3.6,13.4,International Short-Haul
S25,25,2025-06-23,612,T1,Remote North,42,3.3,13.7,International Short-Haul
S25,25,2025-06-23,613,T1,Remote North,43,3.4,13.6,International Short-Haul
S25,25,2025-06-23,614,T1,Remote North,43,3.4,13.6,International Short-Haul
S25,25,2025-06-23,615,T1,Remote North,43,3.4,13.6,International Short-Haul
S25,25,2025-06-23,616,T1,Remote North,43,3.4,13.6,International Short-Haul
S25,25,2025-06-23,617,T1,Remote North,41,3.2,13.8,International Short-Haul
S25,25,2025-06-23,618,T1,Remote North,45,3.5,13.5,International Short-Haul
S25,25,2025-06-23,619,T1,Remote North,43,3.4,13.6,International Short-Haul
S25,25,2025-06-23,620,T1,Remote North,46,3.6,13.4,International Short-Haul
S25,25,2025-06-23,621,T1,Remote North,42,3.3,13.7,International Short-Haul
S25,25,2025-06-23,701,T1,Remote South,8,2.2,14.8,Cargo
S25,25,2025-06-23,702,T1,Remote South,8,2.3,14.7,Cargo
S25,25,2025-06-23,703,T1,Remote South,8,2.2,14.8,Cargo
S25,25,2025-06-23,704,T1,Remote South,8,2.3,14.7,Cargo
S25,25,2025-06-23,705,T1,Remote South,8,2.3,14.7,Cargo
S25,25,2025-06-23,706,T1,Remote South,7,2.1,14.9,Cargo
S25,25,2025-06-23,707,T1,Remote South,8,2.2,14.8,Cargo
S25,25,2025-06-23,708,T1,Remote South,7,2.1,14.9,Cargo
S25,25,2025-06-23,709,T1,Remote South,8,2.2,14.8,Cargo
S25,25,2025-06-23,710,T1,Remote South,7,2.1,14.9,Cargo
S25,25,2025-06-23,711,T1,Remote South,8,2.3,14.7,Cargo
S25,25,2025-06-23,712,T1,Remote South,8,2.2,14.8,Cargo
S25,26,2025-06-30,101,T1,Pier 1,136,9.7,7.3,International Short-Haul
S25,26,2025-06-30,102,T1,Pier 1,133,9.5,7.5,International Short-Haul
S25,26,2025-06-30,103,T1,Pier 1,148,10.6,6.4,International Short-Haul
S25,26,2025-06-30,104,T1,Pier 1,129,9.2,7.8,International Short-Haul
S25,26,2025-06-30,105,T1,Pier 1,127,9.1,7.9,International Short-Haul
S25,26,2025-06-30,106,T1,Pier 1,132,9.4,7.6,International Short-Haul
S25,26,2025-06-30,107,T1,Pier 1,148,10.6,6.4,International Short-Haul
S25,26,2025-06-30,108,T1,Pier 1,148,10.6,6.4,International Short-Haul
S25,26,2025-06-30,109,T1,Pier 1,141,10.1,6.9,International Short-Haul
S25,26,2025-06-30,110,T1,Pier 1,146,10.4,6.6,International Short-Haul
S25,26,2025-06-30,111,T1,Pier 1,132,9.4,7.6,International Short-Haul
S25,26,2025-06-30,112,T1,Pier 1,148,10.6,6.4,International Short-Haul
S25,26,2025-06-30,113,T1,Pier 1,130,9.3,7.7,International Short-Haul
S25,26,2025-06-30,114,T1,Pier 1,129,9.2,7.8,International Short-Haul
S25,26,2025-06-30,115,T1,Pier 1,129,9.2,7.8,International Short-Haul
S25,26,2025-06-30,116,T1,Pier 1,139,9.9,7.1,International Short-Haul
S25,26,2025-06-30,117,T1,Pier 1,144,10.3,6.7,International Short-Haul
S25,26,2025-06-30,118,T1,Pier 1,134,9.6,7.4,International Short-Haul
S25,26,2025-06-30,119,T1,Pier 1,148,10.6,6.4,International Short-Haul
S25,26,2025-06-30,201,T1,Pier 2,106,8.3,8.7,International Short-Haul
S25,26,2025-06-30,202,T1,Pier 2,101,7.9,9.1,International Short-Haul
S25,26,2025-06-30,203,T1,Pier 2,106,8.3,8.7,International Short-Haul
S25,26,2025-06-30,204,T1,Pier 2,109,8.6,8.4,International Short-Haul
S25,26,2025-06-30,205,T1,Pier 2,112,8.8,8.2,International Short-Haul
S25,26,2025-06-30,206,T1,Pier 2,106,8.3,8.7,International Short-Haul
S25,26,2025-06-30,207,T1,Pier 2,108,8.5,8.5,International Short-Haul
S25,26,2025-06-30,208,T1,Pier 2,102,8,9,International Short-Haul
S25,26,2025-06-30,209,T1,Pier 2,108,8.5,8.5,International Short-Haul
S25,26,2025-06-30,210,T1,Pier 2,115,9,8,International Short-Haul
S25,26,2025-06-30,211,T1,Pier 2,98,7.7,9.3,International Short-Haul
S25,26,2025-06-30,212,T1,Pier 2,113,8.9,8.1,International Short-Haul
S25,26,2025-06-30,213,T1,Pier 2,107,8.4,8.6,International Short-Haul
S25,26,2025-06-30,214,T1,Pier 2,102,8,9,International Short-Haul
S25,26,2025-06-30,301,T1,Pier 3,94,8.1,8.9,International Short-Haul
S25,26,2025-06-30,302,T1,Pier 3,88,7.5,9.5,International Short-Haul
S25,26,2025-06-30,303,T1,Pier 3,85,7.3,9.7,International Short-Haul
S25,26,2025-06-30,304,T1,Pier 3,84,7.2,9.8,International Short-Haul
S25,26,2025-06-30,305,T1,Pier 3,84,7.2,9.8,International Short-Haul
S25,26,2025-06-30,306,T1,Pier 3,92,7.9,9.1,International Short-Haul
S25,26,2025-06-30,307,T1,Pier 3,90,7.7,9.3,International Short-Haul
S25,26,2025-06-30,308,T1,Pier 3,93,8,9,International Short-Haul
S25,26,2025-06-30,309,T1,Pier 3,84,7.2,9.8,International Short-Haul
S25,26,2025-06-30,310,T1,Pier 3,83,7.1,9.9,International Short-Haul
S25,26,2025-06-30,311,T1,Pier 3,81,6.9,10.1,International Short-Haul
S25,26,2025-06-30,312,T1,Pier 3,88,7.5,9.5,International Short-Haul
S25,26,2025-06-30,313,T1,Pier 3,94,8.1,8.9,International Short-Haul
S25,26,2025-06-30,314,T1,Pier 3,91,7.8,9.2,International Short-Haul
S25,26,2025-06-30,315,T2,Pier 3,85,7.3,9.7,Transatlantic CBP
S25,26,2025-06-30,316,T2,Pier 3,93,8,9,Transatlantic CBP
S25,26,2025-06-30,317,T2,Pier 3,92,7.9,9.1,Transatlantic CBP
S25,26,2025-06-30,318,T2,Pier 3,82,7,10,Transatlantic CBP
S25,26,2025-06-30,319,T2,Pier 3,92,7.9,9.1,Transatlantic CBP
S25,26,2025-06-30,320,T2,Pier 3,85,7.3,9.7,Transatlantic CBP
S25,26,2025-06-30,321,T2,Pier 3,83,7.1,9.9,Transatlantic CBP
S25,26,2025-06-30,322,T2,Pier 3,84,7.2,9.8,Transatlantic CBP
S25,26,2025-06-30,323,T2,Pier 3,88,7.5,9.5,Transatlantic CBP
S25,26,2025-06-30,401,T2,Pier 4,70,12,5,Transatlantic CBP
S25,26,2025-06-30,402,T2,Pier 4,69,11.8,5.2,Transatlantic CBP
S25,26,2025-06-30,403,T2,Pier 4,67,11.5,5.5,Transatlantic CBP
S25,26,2025-06-30,404,T2,Pier 4,74,12.7,4.3,Transatlantic CBP
S25,26,2025-06-30,405,T2,Pier 4,76,13.1,3.9,Transatlantic CBP
S25,26,2025-06-30,406,T2,Pier 4,74,12.7,4.3,Transatlantic CBP
S25,26,2025-06-30,407,T2,Pier 4,69,11.8,5.2,Transatlantic CBP
S25,26,2025-06-30,408,T2,Pier 4,68,11.7,5.3,Transatlantic CBP
S25,26,2025-06-30,409,T2,Pier 4,68,11.6,5.4,Transatlantic CBP
S25,26,2025-06-30,410,T2,Pier 4,67,11.5,5.5,Transatlantic CBP
S25,26,2025-06-30,411,T2,Pier 4,72,12.3,4.7,Transatlantic CBP
S25,26,2025-06-30,412,T2,Pier 4,72,12.4,4.6,Transatlantic CBP
S25,26,2025-06-30,413,T2,Pier 4,74,12.6,4.4,Transatlantic CBP
S25,26,2025-06-30,414,T2,Pier 4,73,12.5,4.5,Transatlantic CBP
S25,26,2025-06-30,415,T2,Pier 4,69,11.8,5.2,Transatlantic CBP
S25,26,2025-06-30,416,T2,Pier 4,69,11.8,5.2,Transatlantic CBP
S25,26,2025-06-30,417,T2,Pier 4,73,12.5,4.5,Transatlantic CBP
S25,26,2025-06-30,418,T2,Pier 4,69,11.9,5.1,Transatlantic CBP
S25,26,2025-06-30,419,T2,Pier 4,68,11.6,5.4,Transatlantic CBP
S25,26,2025-06-30,420,T2,Pier 4,69,11.9,5.1,Transatlantic CBP
S25,26,2025-06-30,421,T2,Pier 4,68,11.7,5.3,Transatlantic CBP
S25,26,2025-06-30,422,T2,Pier 4,66,11.4,5.6,Transatlantic CBP
S25,26,2025-06-30,423,T2,Pier 4,75,12.8,4.2,Transatlantic CBP
S25,26,2025-06-30,424,T2,Pier 4,75,12.9,4.1,Transatlantic CBP
S25,26,2025-06-30,425,T2,Pier 4,68,11.6,5.4,Transatlantic CBP
S25,26,2025-06-30,426,T2,Pier 4,66,11.3,5.7,Transatlantic CBP
S25,26,2025-06-30,501,T2,Pier E,51,13,4,International Long-Haul
S25,26,2025-06-30,502,T2,Pier E,47,12,5,International Long-Haul
S25,26,2025-06-30,503,T2,Pier E,48,12.4,4.6,International Long-Haul
S25,26,2025-06-30,504,T2,Pier E,45,11.7,5.3,International Long-Haul
S25,26,2025-06-30,505,T2,Pier E,47,12,5,International Long-Haul
S25,26,2025-06-30,506,T2,Pier E,51,13.2,3.8,International Long-Haul
S25,26,2025-06-30,507,T2,Pier E,51,13.2,3.8,International Long-Haul
S25,26,2025-06-30,508,T2,Pier E,47,12,5,International Long-Haul
S25,26,2025-06-30,509,T2,Pier E,47,12.2,4.8,International Long-Haul
S25,26,2025-06-30,510,T2,Pier E,46,11.8,5.2,International Long-Haul
S25,26,2025-06-30,511,T2,Pier E,45,11.7,5.3,International Long-Haul
S25,26,2025-06-30,512,T2,Pier E,53,13.6,3.4,International Long-Haul
S25,26,2025-06-30,513,T2,Pier E,50,12.9,4.1,International Long-Haul
S25,26,2025-06-30,514,T2,Pier E,49,12.7,4.3,International Long-Haul
S25,26,2025-06-30,515,T2,Pier E,51,13.1,3.9,International Long-Haul
S25,26,2025-06-30,601,T1,Remote North,46,3.6,13.4,International Short-Haul
S25,26,2025-06-30,602,T1,Remote North,46,3.6,13.4,International Short-Haul
S25,26,2025-06-30,603,T1,Remote North,41,3.2,13.8,International Short-Haul
S25,26,2025-06-30,604,T1,Remote North,42,3.3,13.7,International Short-Haul
S25,26,2025-06-30,605,T1,Remote North,45,3.5,13.5,International Short-Haul
S25,26,2025-06-30,606,T1,Remote North,43,3.4,13.6,International Short-Haul
S25,26,2025-06-30,607,T1,Remote North,47,3.7,13.3,International Short-Haul
S25,26,2025-06-30,608,T1,Remote North,45,3.5,13.5,International Short-Haul
S25,26,2025-06-30,609,T1,Remote North,47,3.7,13.3,International Short-Haul
S25,26,2025-06-30,610,T1,Remote North,42,3.3,13.7,International Short-Haul
S25,26,2025-06-30,611,T1,Remote North,46,3.6,13.4,International Short-Haul
S25,26,2025-06-30,612,T1,Remote North,42,3.3,13.7,International Short-Haul
S25,26,2025-06-30,613,T1,Remote North,47,3.7,13.3,International Short-Haul
S25,26,2025-06-30,614,T1,Remote North,42,3.3,13.7,International Short-Haul
S25,26,2025-06-30,615,T1,Remote North,43,3.4,13.6,International Short-Haul
S25,26,2025-06-30,616,T1,Remote North,46,3.6,13.4,International Short-Haul
S25,26,2025-06-30,617,T1,Remote North,43,3.4,13.6,International Short-Haul
S25,26,2025-06-30,618,T1,Remote North,43,3.4,13.6,International Short-Haul
S25,26,2025-06-30,619,T1,Remote North,47,3.7,13.3,International Short-Haul
S25,26,2025-06-30,620,T1,Remote North,43,3.4,13.6,International Short-Haul
S25,26,2025-06-30,621,T1,Remote North,45,3.5,13.5,International Short-Haul
S25,26,2025-06-30,701,T1,Remote South,7,2,15,Cargo
S25,26,2025-06-30,702,T1,Remote South,8,2.3,14.7,Cargo
S25,26,2025-06-30,703,T1,Remote South,8,2.3,14.7,Cargo
S25,26,2025-06-30,704,T1,Remote South,8,2.2,14.8,Cargo
S25,26,2025-06-30,705,T1,Remote South,7,2,15,Cargo
S25,26,2025-06-30,706,T1,Remote South,8,2.2,14.8,Cargo
S25,26,2025-06-30,707,T1,Remote South,7,2,15,Cargo
S25,26,2025-06-30,708,T1,Remote South,7,2,15,Cargo
S25,26,2025-06-30,709,T1,Remote South,8,2.2,14.8,Cargo
S25,26,2025-06-30,710,T1,Remote South,7,2.1,14.9,Cargo
S25,26,2025-06-30,711,T1,Remote South,7,2.1,14.9,Cargo
S25,26,2025-06-30,712,T1,Remote South,8,2.3,14.7,Cargo
S25,27,2025-07-07,101,T1,Pier 1,132,9.4,7.6,International Short-Haul
S25,27,2025-07-07,102,T1,Pier 1,137,9.8,7.2,International Short-Haul
S25,27,2025-07-07,103,T1,Pier 1,134,9.6,7.4,International Short-Haul
S25,27,2025-07-07,104,T1,Pier 1,144,10.3,6.7,International Short-Haul
S25,27,2025-07-07,105,T1,Pier 1,146,10.4,6.6,International Short-Haul
S25,27,2025-07-07,106,T1,Pier 1,147,10.5,6.5,International Short-Haul
S25,27,2025-07-07,107,T1,Pier 1,136,9.7,7.3,International Short-Haul
S25,27,2025-07-07,108,T1,Pier 1,133,9.5,7.5,International Short-Haul
S25,27,2025-07-07,109,T1,Pier 1,133,9.5,7.5,International Short-Haul
S25,27,2025-07-07,110,T1,Pier 1,140,10,7,International Short-Haul
S25,27,2025-07-07,111,T1,Pier 1,153,10.9,6.1,International Short-Haul
S25,27,2025-07-07,112,T1,Pier 1,136,9.7,7.3,International Short-Haul
S25,27,2025-07-07,113,T1,Pier 1,136,9.7,7.3,International Short-Haul
S25,27,2025-07-07,114,T1,Pier 1,133,9.5,7.5,International Short-Haul
S25,27,2025-07-07,115,T1,Pier 1,144,10.3,6.7,International Short-Haul
S25,27,2025-07-07,116,T1,Pier 1,146,10.4,6.6,International Short-Haul
S25,27,2025-07-07,117,T1,Pier 1,146,10.4,6.6,International Short-Haul
S25,27,2025-07-07,118,T1,Pier 1,150,10.7,6.3,International Short-Haul
S25,27,2025-07-07,119,T1,Pier 1,141,10.1,6.9,International Short-Haul
S25,27,2025-07-07,201,T1,Pier 2,103,8.1,8.9,International Short-Haul
S25,27,2025-07-07,202,T1,Pier 2,106,8.3,8.7,International Short-Haul
S25,27,2025-07-07,203,T1,Pier 2,112,8.8,8.2,International Short-Haul
S25,27,2025-07-07,204,T1,Pier 2,112,8.8,8.2,International Short-Haul
S25,27,2025-07-07,205,T1,Pier 2,111,8.7,8.3,International Short-Haul
S25,27,2025-07-07,206,T1,Pier 2,113,8.9,8.1,International Short-Haul
S25,27,2025-07-07,207,T1,Pier 2,112,8.8,8.2,International Short-Haul
S25,27,2025-07-07,208,T1,Pier 2,116,9.1,7.9,International Short-Haul
S25,27,2025-07-07,209,T1,Pier 2,111,8.7,8.3,International Short-Haul
S25,27,2025-07-07,210,T1,Pier 2,115,9,8,International Short-Haul
S25,27,2025-07-07,211,T1,Pier 2,106,8.3,8.7,International Short-Haul
S25,27,2025-07-07,212,T1,Pier 2,113,8.9,8.1,International Short-Haul
S25,27,2025-07-07,213,T1,Pier 2,117,9.2,7.8,International Short-Haul
S25,27,2025-07-07,214,T1,Pier 2,108,8.5,8.5,International Short-Haul
S25,27,2025-07-07,301,T1,Pier 3,94,8.1,8.9,International Short-Haul
S25,27,2025-07-07,302,T1,Pier 3,94,8.1,8.9,International Short-Haul
S25,27,2025-07-07,303,T1,Pier 3,84,7.2,9.8,International Short-Haul
S25,27,2025-07-07,304,T1,Pier 3,92,7.9,9.1,International Short-Haul
S25,27,2025-07-07,305,T1,Pier 3,85,7.3,9.7,International Short-Haul
S25,27,2025-07-07,306,T1,Pier 3,98,8.4,8.6,International Short-Haul
S25,27,2025-07-07,307,T1,Pier 3,96,8.2,8.8,International Short-Haul
S25,27,2025-07-07,308,T1,Pier 3,85,7.3,9.7,International Short-Haul
S25,27,2025-07-07,309,T1,Pier 3,85,7.3,9.7,International Short-Haul
S25,27,2025-07-07,310,T1,Pier 3,92,7.9,9.1,International Short-Haul
S25,27,2025-07-07,311,T1,Pier 3,89,7.6,9.4,International Short-Haul
S25,27,2025-07-07,312,T1,Pier 3,84,7.2,9.8,International Short-Haul
S25,27,2025-07-07,313,T1,Pier 3,91,7.8,9.2,International Short-Haul
S25,27,2025-07-07,314,T1,Pier 3,89,7.6,9.4,International Short-Haul
S25,27,2025-07-07,315,T2,Pier 3,85,7.3,9.7,Transatlantic CBP
S25,27,2025-07-07,316,T2,Pier 3,96,8.2,8.8,Transatlantic CBP
S25,27,2025-07-07,317,T2,Pier 3,97,8.3,8.7,Transatlantic CBP
S25,27,2025-07-07,318,T2,Pier 3,94,8.1,8.9,Transatlantic CBP
S25,27,2025-07-07,319,T2,Pier 3,96,8.2,8.8,Transatlantic CBP
S25,27,2025-07-07,320,T2,Pier 3,86,7.4,9.6,Transatlantic CBP
S25,27,2025-07-07,321,T2,Pier 3,88,7.5,9.5,Transatlantic CBP
S25,27,2025-07-07,322,T2,Pier 3,86,7.4,9.6,Transatlantic CBP
S25,27,2025-07-07,323,T2,Pier 3,94,8.1,8.9,Transatlantic CBP
S25,27,2025-07-07,401,T2,Pier 4,79,13.5,3.5,Transatlantic CBP
S25,27,2025-07-07,402,T2,Pier 4,76,13,4,Transatlantic CBP
S25,27,2025-07-07,403,T2,Pier 4,78,13.3,3.7,Transatlantic CBP
S25,27,2025-07-07,404,T2,Pier 4,75,12.8,4.2,Transatlantic CBP
S25,27,2025-07-07,405,T2,Pier 4,72,12.3,4.7,Transatlantic CBP
S25,27,2025-07-07,406,T2,Pier 4,72,12.4,4.6,Transatlantic CBP
S25,27,2025-07-07,407,T2,Pier 4,68,11.7,5.3,Transatlantic CBP
S25,27,2025-07-07,408,T2,Pier 4,68,11.6,5.4,Transatlantic CBP
S25,27,2025-07-07,409,T2,Pier 4,76,13,4,Transatlantic CBP
S25,27,2025-07-07,410,T2,Pier 4,72,12.4,4.6,Transatlantic CBP
S25,27,2025-07-07,411,T2,Pier 4,74,12.7,4.3,Transatlantic CBP
S25,27,2025-07-07,412,T2,Pier 4,74,12.7,4.3,Transatlantic CBP
S25,27,2025-07-07,413,T2,Pier 4,71,12.1,4.9,Transatlantic CBP
S25,27,2025-07-07,414,T2,Pier 4,73,12.5,4.5,Transatlantic CBP
S25,27,2025-07-07,415,T2,Pier 4,73,12.5,4.5,Transatlantic CBP
S25,27,2025-07-07,416,T2,Pier 4,72,12.3,4.7,Transatlantic CBP
S25,27,2025-07-07,417,T2,Pier 4,77,13.2,3.8,Transatlantic CBP
S25,27,2025-07-07,418,T2,Pier 4,73,12.5,4.5,Transatlantic CBP
S25,27,2025-07-07,419,T2,Pier 4,75,12.8,4.2,Transatlantic CBP
S25,27,2025-07-07,420,T2,Pier 4,78,13.4,3.6,Transatlantic CBP
S25,27,2025-07-07,421,T2,Pier 4,78,13.3,3.7,Transatlantic CBP
S25,27,2025-07-07,422,T2,Pier 4,78,13.3,3.7,Transatlantic CBP
S25,27,2025-07-07,423,T2,Pier 4,71,12.1,4.9,Transatlantic CBP
S25,27,2025-07-07,424,T2,Pier 4,68,11.6,5.4,Transatlantic CBP
S25,27,2025-07-07,425,T2,Pier 4,71,12.1,4.9,Transatlantic CBP
S25,27,2025-07-07,426,T2,Pier 4,71,12.1,4.9,Transatlantic CBP
S25,27,2025-07-07,501,T2,Pier E,54,13.8,3.2,International Long-Haul
S25,27,2025-07-07,502,T2,Pier E,52,13.3,3.7,International Long-Haul
S25,27,2025-07-07,503,T2,Pier E,47,12.1,4.9,International Long-Haul
S25,27,2025-07-07,504,T2,Pier E,47,12.2,4.8,International Long-Haul
S25,27,2025-07-07,505,T2,Pier E,48,12.3,4.7,International Long-Haul
S25,27,2025-07-07,506,T2,Pier E,51,13.2,3.8,International Long-Haul
S25,27,2025-07-07,507,T2,Pier E,52,13.5,3.5,International Long-Haul
S25,27,2025-07-07,508,T2,Pier E,53,13.7,3.3,International Long-Haul
S25,27,2025-07-07,509,T2,Pier E,54,13.9,3.1,International Long-Haul
S25,27,2025-07-07,510,T2,Pier E,48,12.3,4.7,International Long-Haul
S25,27,2025-07-07,511,T2,Pier E,49,12.6,4.4,International Long-Haul
S25,27,2025-07-07,512,T2,Pier E,48,12.4,4.6,International Long-Haul
S25,27,2025-07-07,513,T2,Pier E,49,12.7,4.3,International Long-Haul
S25,27,2025-07-07,514,T2,Pier E,54,13.8,3.2,International Long-Haul
S25,27,2025-07-07,515,T2,Pier E,51,13.1,3.9,International Long-Haul
S25,27,2025-07-07,601,T1,Remote North,47,3.7,13.3,International Short-Haul
S25,27,2025-07-07,602,T1,Remote North,45,3.5,13.5,International Short-Haul
S25,27,2025-07-07,603,T1,Remote North,42,3.3,13.7,International Short-Haul
S25,27,2025-07-07,604,T1,Remote North,42,3.3,13.7,International Short-Haul
S25,27,2025-07-07,605,T1,Remote North,46,3.6,13.4,International Short-Haul
S25,27,2025-07-07,606,T1,Remote North,47,3.7,13.3,International Short-Haul
S25,27,2025-07-07,607,T1,Remote North,43,3.4,13.6,International Short-Haul
S25,27,2025-07-07,608,T1,Remote North,47,3.7,13.3,International Short-Haul
S25,27,2025-07-07,609,T1,Remote North,47,3.7,13.3,International Short-Haul
S25,27,2025-07-07,610,T1,Remote North,45,3.5,13.5,International Short-Haul
S25,27,2025-07-07,611,T1,Remote North,47,3.7,13.3,International Short-Haul
S25,27,2025-07-07,612,T1,Remote North,45,3.5,13.5,International Short-Haul
S25,27,2025-07-07,613,T1,Remote North,47,3.7,13.3,International Short-Haul
S25,27,2025-07-07,614,T1,Remote North,47,3.7,13.3,International Short-Haul
S25,27,2025-07-07,615,T1,Remote North,48,3.8,13.2,International Short-Haul
S25,27,2025-07-07,616,T1,Remote North,45,3.5,13.5,International Short-Haul
S25,27,2025-07-07,617,T1,Remote North,45,3.5,13.5,International Short-Haul
S25,27,2025-07-07,618,T1,Remote North,43,3.4,13.6,International Short-Haul
S25,27,2025-07-07,619,T1,Remote North,43,3.4,13.6,International Short-Haul
S25,27,2025-07-07,620,T1,Remote North,47,3.7,13.3,International Short-Haul
S25,27,2025-07-07,621,T1,Remote North,48,3.8,13.2,International Short-Haul
S25,27,2025-07-07,701,T1,Remote South,8,2.2,14.8,Cargo
S25,27,2025-07-07,702,T1,Remote South,8,2.2,14.8,Cargo
S25,27,2025-07-07,703,T1,Remote South,8,2.2,14.8,Cargo
S25,27,2025-07-07,704,T1,Remote South,8,2.3,14.7,Cargo
S25,27,2025-07-07,705,T1,Remote South,8,2.2,14.8,Cargo
S25,27,2025-07-07,706,T1,Remote South,8,2.2,14.8,Cargo
S25,27,2025-07-07,707,T1,Remote South,8,2.4,14.6,Cargo
S25,27,2025-07-07,708,T1,Remote South,7,2.1,14.9,Cargo
S25,27,2025-07-07,709,T1,Remote South,8,2.3,14.7,Cargo
S25,27,2025-07-07,710,T1,Remote South,8,2.4,14.6,Cargo
S25,27,2025-07-07,711,T1,Remote South,8,2.2,14.8,Cargo
S25,27,2025-07-07,712,T1,Remote South,8,2.3,14.7,Cargo
S25,28,2025-07-14,101,T1,Pier 1,150,10.7,6.3,International Short-Haul
S25,28,2025-07-14,102,T1,Pier 1,148,10.6,6.4,International Short-Haul
S25,28,2025-07-14,103,T1,Pier 1,144,10.3,6.7,International Short-Haul
S25,28,2025-07-14,104,T1,Pier 1,141,10.1,6.9,International Short-Haul
S25,28,2025-07-14,105,T1,Pier 1,153,10.9,6.1,International Short-Haul
S25,28,2025-07-14,106,T1,Pier 1,151,10.8,6.2,International Short-Haul
S25,28,2025-07-14,107,T1,Pier 1,141,10.1,6.9,International Short-Haul
S25,28,2025-07-14,108,T1,Pier 1,136,9.7,7.3,International Short-Haul
S25,28,2025-07-14,109,T1,Pier 1,136,9.7,7.3,International Short-Haul
S25,28,2025-07-14,110,T1,Pier 1,136,9.7,7.3,International Short-Haul
S25,28,2025-07-14,111,T1,Pier 1,147,10.5,6.5,International Short-Haul
S25,28,2025-07-14,112,T1,Pier 1,134,9.6,7.4,International Short-Haul
S25,28,2025-07-14,113,T1,Pier 1,141,10.1,6.9,International Short-Haul
S25,28,2025-07-14,114,T1,Pier 1,151,10.8,6.2,International Short-Haul
S25,28,2025-07-14,115,T1,Pier 1,140,10,7,International Short-Haul
S25,28,2025-07-14,116,T1,Pier 1,151,10.8,6.2,International Short-Haul
S25,28,2025-07-14,117,T1,Pier 1,151,10.8,6.2,International Short-Haul
S25,28,2025-07-14,118,T1,Pier 1,140,10,7,International Short-Haul
S25,28,2025-07-14,119,T1,Pier 1,151,10.8,6.2,International Short-Haul
S25,28,2025-07-14,201,T1,Pier 2,117,9.2,7.8,International Short-Haul
S25,28,2025-07-14,202,T1,Pier 2,111,8.7,8.3,International Short-Haul
S25,28,2025-07-14,203,T1,Pier 2,107,8.4,8.6,International Short-Haul
S25,28,2025-07-14,204,T1,Pier 2,112,8.8,8.2,International Short-Haul
S25,28,2025-07-14,205,T1,Pier 2,120,9.4,7.6,International Short-Haul
S25,28,2025-07-14,206,T1,Pier 2,115,9,8,International Short-Haul
S25,28,2025-07-14,207,T1,Pier 2,106,8.3,8.7,International Short-Haul
S25,28,2025-07-14,208,T1,Pier 2,116,9.1,7.9,International Short-Haul
S25,28,2025-07-14,209,T1,Pier 2,111,8.7,8.3,International Short-Haul
S25,28,2025-07-14,210,T1,Pier 2,113,8.9,8.1,International Short-Haul
S25,28,2025-07-14,211,T1,Pier 2,116,9.1,7.9,International Short-Haul
S25,28,2025-07-14,212,T1,Pier 2,112,8.8,8.2,International Short-Haul
S25,28,2025-07-14,213,T1,Pier 2,118,9.3,7.7,International Short-Haul
S25,28,2025-07-14,214,T1,Pier 2,116,9.1,7.9,International Short-Haul
S25,28,2025-07-14,301,T1,Pier 3,94,8.1,8.9,International Short-Haul
S25,28,2025-07-14,302,T1,Pier 3,88,7.5,9.5,International Short-Haul
S25,28,2025-07-14,303,T1,Pier 3,98,8.4,8.6,International Short-Haul
S25,28,2025-07-14,304,T1,Pier 3,99,8.5,8.5,International Short-Haul
S25,28,2025-07-14,305,T1,Pier 3,88,7.5,9.5,International Short-Haul
S25,28,2025-07-14,306,T1,Pier 3,92,7.9,9.1,International Short-Haul
S25,28,2025-07-14,307,T1,Pier 3,90,7.7,9.3,International Short-Haul
S25,28,2025-07-14,308,T1,Pier 3,97,8.3,8.7,International Short-Haul
S25,28,2025-07-14,309,T1,Pier 3,96,8.2,8.8,International Short-Haul
S25,28,2025-07-14,310,T1,Pier 3,88,7.5,9.5,International Short-Haul
S25,28,2025-07-14,311,T1,Pier 3,98,8.4,8.6,International Short-Haul
S25,28,2025-07-14,312,T1,Pier 3,89,7.6,9.4,International Short-Haul
S25,28,2025-07-14,313,T1,Pier 3,97,8.3,8.7,International Short-Haul
S25,28,2025-07-14,314,T1,Pier 3,92,7.9,9.1,International Short-Haul
S25,28,2025-07-14,315,T2,Pier 3,90,7.7,9.3,Transatlantic CBP
S25,28,2025-07-14,316,T2,Pier 3,88,7.5,9.5,Transatlantic CBP
S25,28,2025-07-14,317,T2,Pier 3,88,7.5,9.5,Transatlantic CBP
S25,28,2025-07-14,318,T2,Pier 3,96,8.2,8.8,Transatlantic CBP
S25,28,2025-07-14,319,T2,Pier 3,93,8,9,Transatlantic CBP
S25,28,2025-07-14,320,T2,Pier 3,88,7.5,9.5,Transatlantic CBP
S25,28,2025-07-14,321,T2,Pier 3,88,7.5,9.5,Transatlantic CBP
S25,28,2025-07-14,322,T2,Pier 3,86,7.4,9.6,Transatlantic CBP
S25,28,2025-07-14,323,T2,Pier 3,97,8.3,8.7,Transatlantic CBP
S25,28,2025-07-14,401,T2,Pier 4,78,13.3,3.7,Transatlantic CBP
S25,28,2025-07-14,402,T2,Pier 4,69,11.9,5.1,Transatlantic CBP
S25,28,2025-07-14,403,T2,Pier 4,76,13,4,Transatlantic CBP
S25,28,2025-07-14,404,T2,Pier 4,70,12,5,Transatlantic CBP
S25,28,2025-07-14,405,T2,Pier 4,80,13.7,3.3,Transatlantic CBP
S25,28,2025-07-14,406,T2,Pier 4,80,13.7,3.3,Transatlantic CBP
S25,28,2025-07-14,407,T2,Pier 4,78,13.3,3.7,Transatlantic CBP
S25,28,2025-07-14,408,T2,Pier 4,80,13.7,3.3,Transatlantic CBP
S25,28,2025-07-14,409,T2,Pier 4,79,13.5,3.5,Transatlantic CBP
S25,28,2025-07-14,410,T2,Pier 4,79,13.5,3.5,Transatlantic CBP
S25,28,2025-07-14,411,T2,Pier 4,76,13,4,Transatlantic CBP
S25,28,2025-07-14,412,T2,Pier 4,72,12.4,4.6,Transatlantic CBP
S25,28,2025-07-14,413,T2,Pier 4,72,12.3,4.7,Transatlantic CBP
S25,28,2025-07-14,414,T2,Pier 4,73,12.5,4.5,Transatlantic CBP
S25,28,2025-07-14,415,T2,Pier 4,76,13.1,3.9,Transatlantic CBP
S25,28,2025-07-14,416,T2,Pier 4,71,12.2,4.8,Transatlantic CBP
S25,28,2025-07-14,417,T2,Pier 4,72,12.4,4.6,Transatlantic CBP
S25,28,2025-07-14,418,T2,Pier 4,75,12.8,4.2,Transatlantic CBP
S25,28,2025-07-14,419,T2,Pier 4,72,12.3,4.7,Transatlantic CBP
S25,28,2025-07-14,420,T2,Pier 4,76,13,4,Transatlantic CBP
S25,28,2025-07-14,421,T2,Pier 4,80,13.7,3.3,Transatlantic CBP
S25,28,2025-07-14,422,T2,Pier 4,78,13.4,3.6,Transatlantic CBP
S25,28,2025-07-14,423,T2,Pier 4,77,13.2,3.8,Transatlantic CBP
S25,28,2025-07-14,424,T2,Pier 4,76,13,4,Transatlantic CBP
S25,28,2025-07-14,425,T2,Pier 4,75,12.8,4.2,Transatlantic CBP
S25,28,2025-07-14,426,T2,Pier 4,71,12.2,4.8,Transatlantic CBP
S25,28,2025-07-14,501,T2,Pier E,55,14.1,2.9,International Long-Haul
S25,28,2025-07-14,502,T2,Pier E,49,12.7,4.3,International Long-Haul
S25,28,2025-07-14,503,T2,Pier E,48,12.4,4.6,International Long-Haul
S25,28,2025-07-14,504,T2,Pier E,54,13.8,3.2,International Long-Haul
S25,28,2025-07-14,505,T2,Pier E,49,12.6,4.4,International Long-Haul
S25,28,2025-07-14,506,T2,Pier E,51,13,4,International Long-Haul
S25,28,2025-07-14,507,T2,Pier E,48,12.3,4.7,International Long-Haul
S25,28,2025-07-14,508,T2,Pier E,49,12.5,4.5,International Long-Haul
S25,28,2025-07-14,509,T2,Pier E,49,12.6,4.4,International Long-Haul
S25,28,2025-07-14,510,T2,Pier E,48,12.3,4.7,International Long-Haul
S25,28,2025-07-14,511,T2,Pier E,53,13.6,3.4,International Long-Haul
S25,28,2025-07-14,512,T2,Pier E,54,14,3,International Long-Haul
S25,28,2025-07-14,513,T2,Pier E,51,13,4,International Long-Haul
S25,28,2025-07-14,514,T2,Pier E,55,14.1,2.9,International Long-Haul
S25,28,2025-07-14,515,T2,Pier E,49,12.7,4.3,International Long-Haul
S25,28,2025-07-14,601,T1,Remote North,45,3.5,13.5,International Short-Haul
S25,28,2025-07-14,602,T1,Remote North,43,3.4,13.6,International Short-Haul
S25,28,2025-07-14,603,T1,Remote North,47,3.7,13.3,International Short-Haul
S25,28,2025-07-14,604,T1,Remote North,46,3.6,13.4,International Short-Haul
S25,28,2025-07-14,605,T1,Remote North,47,3.7,13.3,International Short-Haul
S25,28,2025-07-14,606,T1,Remote North,48,3.8,13.2,International Short-Haul
S25,28,2025-07-14,607,T1,Remote North,47,3.7,13.3,International Short-Haul
S25,28,2025-07-14,608,T1,Remote North,47,3.7,13.3,International Short-Haul
S25,28,2025-07-14,609,T1,Remote North,50,3.9,13.1,International Short-Haul
S25,28,2025-07-14,610,T1,Remote North,45,3.5,13.5,International Short-Haul
S25,28,2025-07-14,611,T1,Remote North,45,3.5,13.5,International Short-Haul
S25,28,2025-07-14,612,T1,Remote North,48,3.8,13.2,International Short-Haul
S25,28,2025-07-14,613,T1,Remote North,47,3.7,13.3,International Short-Haul
S25,28,2025-07-14,614,T1,Remote North,43,3.4,13.6,International Short-Haul
S25,28,2025-07-14,615,T1,Remote North,46,3.6,13.4,International Short-Haul
S25,28,2025-07-14,616,T1,Remote North,46,3.6,13.4,International Short-Haul
S25,28,2025-07-14,617,T1,Remote North,46,3.6,13.4,International Short-Haul
S25,28,2025-07-14,618,T1,Remote North,43,3.4,13.6,International Short-Haul
S25,28,2025-07-14,619,T1,Remote North,50,3.9,13.1,International Short-Haul
S25,28,2025-07-14,620,T1,Remote North,48,3.8,13.2,International Short-Haul
S25,28,2025-07-14,621,T1,Remote North,46,3.6,13.4,International Short-Haul
S25,28,2025-07-14,701,T1,Remote South,8,2.4,14.6,Cargo
S25,28,2025-07-14,702,T1,Remote South,9,2.5,14.5,Cargo
S25,28,2025-07-14,703,T1,Remote South,8,2.2,14.8,Cargo
S25,28,2025-07-14,704,T1,Remote South,8,2.2,14.8,Cargo
S25,28,2025-07-14,705,T1,Remote South,8,2.3,14.7,Cargo
S25,28,2025-07-14,706,T1,Remote South,8,2.4,14.6,Cargo
S25,28,2025-07-14,707,T1,Remote South,8,2.2,14.8,Cargo
S25,28,2025-07-14,708,T1,Remote South,9,2.5,14.5,Cargo
S25,28,2025-07-14,709,T1,Remote South,8,2.3,14.7,Cargo
S25,28,2025-07-14,710,T1,Remote South,8,2.3,14.7,Cargo
S25,28,2025-07-14,711,T1,Remote South,8,2.3,14.7,Cargo
S25,28,2025-07-14,712,T1,Remote South,8,2.2,14.8,Cargo
S25,29,2025-07-21,101,T1,Pier 1,154,11,6,International Short-Haul
S25,29,2025-07-21,102,T1,Pier 1,158,11.3,5.7,International Short-Haul
S25,29,2025-07-21,103,T1,Pier 1,146,10.4,6.6,International Short-Haul
S25,29,2025-07-21,104,T1,Pier 1,158,11.3,5.7,International Short-Haul
S25,29,2025-07-21,105,T1,Pier 1,155,11.1,5.9,International Short-Haul
S25,29,2025-07-21,106,T1,Pier 1,147,10.5,6.5,International Short-Haul
S25,29,2025-07-21,107,T1,Pier 1,151,10.8,6.2,International Short-Haul
S25,29,2025-07-21,108,T1,Pier 1,146,10.4,6.6,International Short-Haul
S25,29,2025-07-21,109,T1,Pier 1,148,10.6,6.4,International Short-Haul
S25,29,2025-07-21,110,T1,Pier 1,137,9.8,7.2,International Short-Haul
S25,29,2025-07-21,111,T1,Pier 1,153,10.9,6.1,International Short-Haul
S25,29,2025-07-21,112,T1,Pier 1,137,9.8,7.2,International Short-Haul
S25,29,2025-07-21,113,T1,Pier 1,155,11.1,5.9,International Short-Haul
S25,29,2025-07-21,114,T1,Pier 1,155,11.1,5.9,International Short-Haul
S25,29,2025-07-21,115,T1,Pier 1,141,10.1,6.9,International Short-Haul
S25,29,2025-07-21,116,T1,Pier 1,143,10.2,6.8,International Short-Haul
S25,29,2025-07-21,117,T1,Pier 1,147,10.5,6.5,International Short-Haul
S25,29,2025-07-21,118,T1,Pier 1,150,10.7,6.3,International Short-Haul
S25,29,2025-07-21,119,T1,Pier 1,143,10.2,6.8,International Short-Haul
S25,29,2025-07-21,201,T1,Pier 2,116,9.1,7.9,International Short-Haul
S25,29,2025-07-21,202,T1,Pier 2,111,8.7,8.3,International Short-Haul
S25,29,2025-07-21,203,T1,Pier 2,106,8.3,8.7,International Short-Haul
S25,29,2025-07-21,204,T1,Pier 2,104,8.2,8.8,International Short-Haul
S25,29,2025-07-21,205,T1,Pier 2,107,8.4,8.6,International Short-Haul
S25,29,2025-07-21,206,T1,Pier 2,120,9.4,7.6,International Short-Haul
S25,29,2025-07-21,207,T1,Pier 2,122,9.6,7.4,International Short-Haul
S25,29,2025-07-21,208,T1,Pier 2,112,8.8,8.2,International Short-Haul
S25,29,2025-07-21,209,T1,Pier 2,115,9,8,International Short-Haul
S25,29,2025-07-21,210,T1,Pier 2,107,8.4,8.6,International Short-Haul
S25,29,2025-07-21,211,T1,Pier 2,115,9,8,International Short-Haul
S25,29,2025-07-21,212,T1,Pier 2,107,8.4,8.6,International Short-Haul
S25,29,2025-07-21,213,T1,Pier 2,116,9.1,7.9,International Short-Haul
S25,29,2025-07-21,214,T1,Pier 2,122,9.6,7.4,International Short-Haul
S25,29,2025-07-21,301,T1,Pier 3,90,7.7,9.3,International Short-Haul
S25,29,2025-07-21,302,T1,Pier 3,98,8.4,8.6,International Short-Haul
S25,29,2025-07-21,303,T1,Pier 3,88,7.5,9.5,International Short-Haul
S25,29,2025-07-21,304,T1,Pier 3,92,7.9,9.1,International Short-Haul
S25,29,2025-07-21,305,T1,Pier 3,89,7.6,9.4,International Short-Haul
S25,29,2025-07-21,306,T1,Pier 3,92,7.9,9.1,International Short-Haul
S25,29,2025-07-21,307,T1,Pier 3,90,7.7,9.3,International Short-Haul
S25,29,2025-07-21,308,T1,Pier 3,92,7.9,9.1,International Short-Haul
S25,29,2025-07-21,309,T1,Pier 3,93,8,9,International Short-Haul
S25,29,2025-07-21,310,T1,Pier 3,91,7.8,9.2,International Short-Haul
S25,29,2025-07-21,311,T1,Pier 3,97,8.3,8.7,International Short-Haul
S25,29,2025-07-21,312,T1,Pier 3,100,8.6,8.4,International Short-Haul
S25,29,2025-07-21,313,T1,Pier 3,92,7.9,9.1,International Short-Haul
S25,29,2025-07-21,314,T1,Pier 3,90,7.7,9.3,International Short-Haul
S25,29,2025-07-21,315,T2,Pier 3,91,7.8,9.2,Transatlantic CBP
S25,29,2025-07-21,316,T2,Pier 3,99,8.5,8.5,Transatlantic CBP
S25,29,2025-07-21,317,T2,Pier 3,96,8.2,8.8,Transatlantic CBP
S25,29,2025-07-21,318,T2,Pier 3,93,8,9,Transatlantic CBP
S25,29,2025-07-21,319,T2,Pier 3,89,7.6,9.4,Transatlantic CBP
S25,29,2025-07-21,320,T2,Pier 3,93,8,9,Transatlantic CBP
S25,29,2025-07-21,321,T2,Pier 3,91,7.8,9.2,Transatlantic CBP
S25,29,2025-07-21,322,T2,Pier 3,102,8.7,8.3,Transatlantic CBP
S25,29,2025-07-21,323,T2,Pier 3,100,8.6,8.4,Transatlantic CBP
S25,29,2025-07-21,401,T2,Pier 4,71,12.2,4.8,Transatlantic CBP
S25,29,2025-07-21,402,T2,Pier 4,76,13.1,3.9,Transatlantic CBP
S25,29,2025-07-21,403,T2,Pier 4,73,12.5,4.5,Transatlantic CBP
S25,29,2025-07-21,404,T2,Pier 4,75,12.9,4.1,Transatlantic CBP
S25,29,2025-07-21,405,T2,Pier 4,81,13.8,3.2,Transatlantic CBP
S25,29,2025-07-21,406,T2,Pier 4,76,13.1,3.9,Transatlantic CBP
S25,29,2025-07-21,407,T2,Pier 4,74,12.7,4.3,Transatlantic CBP
S25,29,2025-07-21,408,T2,Pier 4,72,12.4,4.6,Transatlantic CBP
S25,29,2025-07-21,409,T2,Pier 4,80,13.7,3.3,Transatlantic CBP
S25,29,2025-07-21,410,T2,Pier 4,78,13.3,3.7,Transatlantic CBP
S25,29,2025-07-21,411,T2,Pier 4,76,13,4,Transatlantic CBP
S25,29,2025-07-21,412,T2,Pier 4,73,12.5,4.5,Transatlantic CBP
S25,29,2025-07-21,413,T2,Pier 4,74,12.7,4.3,Transatlantic CBP
S25,29,2025-07-21,414,T2,Pier 4,82,14,3,Transatlantic CBP
S25,29,2025-07-21,415,T2,Pier 4,76,13.1,3.9,Transatlantic CBP
S25,29,2025-07-21,416,T2,Pier 4,75,12.8,4.2,Transatlantic CBP
S25,29,2025-07-21,417,T2,Pier 4,76,13.1,3.9,Transatlantic CBP
S25,29,2025-07-21,418,T2,Pier 4,79,13.6,3.4,Transatlantic CBP
S25,29,2025-07-21,419,T2,Pier 4,74,12.7,4.3,Transatlantic CBP
S25,29,2025-07-21,420,T2,Pier 4,72,12.4,4.6,Transatlantic CBP
S25,29,2025-07-21,421,T2,Pier 4,77,13.2,3.8,Transatlantic CBP
S25,29,2025-07-21,422,T2,Pier 4,78,13.4,3.6,Transatlantic CBP
S25,29,2025-07-21,423,T2,Pier 4,79,13.5,3.5,Transatlantic CBP
S25,29,2025-07-21,424,T2,Pier 4,81,13.8,3.2,Transatlantic CBP
S25,29,2025-07-21,425,T2,Pier 4,75,12.8,4.2,Transatlantic CBP
S25,29,2025-07-21,426,T2,Pier 4,71,12.2,4.8,Transatlantic CBP
S25,29,2025-07-21,501,T2,Pier E,56,14.5,2.5,International Long-Haul
S25,29,2025-07-21,502,T2,Pier E,52,13.3,3.7,International Long-Haul
S25,29,2025-07-21,503,T2,Pier E,53,13.7,3.3,International Long-Haul
S25,29,2025-07-21,504,T2,Pier E,54,13.8,3.2,International Long-Haul
S25,29,2025-07-21,505,T2,Pier E,53,13.6,3.4,International Long-Haul
S25,29,2025-07-21,506,T2,Pier E,50,12.8,4.2,International Long-Haul
S25,29,2025-07-21,507,T2,Pier E,54,14,3,International Long-Haul
S25,29,2025-07-21,508,T2,Pier E,55,14.1,2.9,International Long-Haul
S25,29,2025-07-21,509,T2,Pier E,53,13.6,3.4,International Long-Haul
S25,29,2025-07-21,510,T2,Pier E,52,13.4,3.6,International Long-Haul
S25,29,2025-07-21,511,T2,Pier E,49,12.6,4.4,International Long-Haul
S25,29,2025-07-21,512,T2,Pier E,49,12.6,4.4,International Long-Haul
S25,29,2025-07-21,513,T2,Pier E,51,13.1,3.9,International Long-Haul
S25,29,2025-07-21,514,T2,Pier E,51,13.1,3.9,International Long-Haul
S25,29,2025-07-21,515,T2,Pier E,56,14.4,2.6,International Long-Haul
S25,29,2025-07-21,601,T1,Remote North,50,3.9,13.1,International Short-Haul
S25,29,2025-07-21,602,T1,Remote North,48,3.8,13.2,International Short-Haul
S25,29,2025-07-21,603,T1,Remote North,47,3.7,13.3,International Short-Haul
S25,29,2025-07-21,604,T1,Remote North,45,3.5,13.5,International Short-Haul
S25,29,2025-07-21,605,T1,Remote North,51,4,13,International Short-Haul
S25,29,2025-07-21,606,T1,Remote North,46,3.6,13.4,International Short-Haul
S25,29,2025-07-21,607,T1,Remote North,45,3.5,13.5,International Short-Haul
S25,29,2025-07-21,608,T1,Remote North,47,3.7,13.3,International Short-Haul
S25,29,2025-07-21,609,T1,Remote North,50,3.9,13.1,International Short-Haul
S25,29,2025-07-21,610,T1,Remote North,50,3.9,13.1,International Short-Haul
S25,29,2025-07-21,611,T1,Remote North,43,3.4,13.6,International Short-Haul
S25,29,2025-07-21,612,T1,Remote North,50,3.9,13.1,International Short-Haul
S25,29,2025-07-21,613,T1,Remote North,46,3.6,13.4,International Short-Haul
S25,29,2025-07-21,614,T1,Remote North,43,3.4,13.6,International Short-Haul
S25,29,2025-07-21,615,T1,Remote North,50,3.9,13.1,International Short-Haul
S25,29,2025-07-21,616,T1,Remote North,50,3.9,13.1,International Short-Haul
S25,29,2025-07-21,617,T1,Remote North,47,3.7,13.3,International Short-Haul
S25,29,2025-07-21,618,T1,Remote North,47,3.7,13.3,International Short-Haul
S25,29,2025-07-21,619,T1,Remote North,50,3.9,13.1,International Short-Haul
S25,29,2025-07-21,620,T1,Remote North,50,3.9,13.1,International Short-Haul
S25,29,2025-07-21,621,T1,Remote North,50,3.9,13.1,International Short-Haul
S25,29,2025-07-21,701,T1,Remote South,8,2.4,14.6,Cargo
S25,29,2025-07-21,702,T1,Remote South,9,2.5,14.5,Cargo
S25,29,2025-07-21,703,T1,Remote South,9,2.6,14.4,Cargo
S25,29,2025-07-21,704,T1,Remote South,8,2.2,14.8,Cargo
S25,29,2025-07-21,705,T1,Remote South,9,2.5,14.5,Cargo
S25,29,2025-07-21,706,T1,Remote South,8,2.4,14.6,Cargo
S25,29,2025-07-21,707,T1,Remote South,8,2.3,14.7,Cargo
S25,29,2025-07-21,708,T1,Remote South,8,2.4,14.6,Cargo
S25,29,2025-07-21,709,T1,Remote South,8,2.2,14.8,Cargo
S25,29,2025-07-21,710,T1,Remote South,8,2.4,14.6,Cargo
S25,29,2025-07-21,711,T1,Remote South,9,2.5,14.5,Cargo
S25,29,2025-07-21,712,T1,Remote South,8,2.3,14.7,Cargo
S25,30,2025-07-28,101,T1,Pier 1,144,10.3,6.7,International Short-Haul
S25,30,2025-07-28,102,T1,Pier 1,155,11.1,5.9,International Short-Haul
S25,30,2025-07-28,103,T1,Pier 1,144,10.3,6.7,International Short-Haul
S25,30,2025-07-28,104,T1,Pier 1,141,10.1,6.9,International Short-Haul
S25,30,2025-07-28,105,T1,Pier 1,144,10.3,6.7,International Short-Haul
S25,30,2025-07-28,106,T1,Pier 1,146,10.4,6.6,International Short-Haul
S25,30,2025-07-28,107,T1,Pier 1,148,10.6,6.4,International Short-Haul
S25,30,2025-07-28,108,T1,Pier 1,153,10.9,6.1,International Short-Haul
S25,30,2025-07-28,109,T1,Pier 1,144,10.3,6.7,International Short-Haul
S25,30,2025-07-28,110,T1,Pier 1,153,10.9,6.1,International Short-Haul
S25,30,2025-07-28,111,T1,Pier 1,146,10.4,6.6,International Short-Haul
S25,30,2025-07-28,112,T1,Pier 1,141,10.1,6.9,International Short-Haul
S25,30,2025-07-28,113,T1,Pier 1,148,10.6,6.4,International Short-Haul
S25,30,2025-07-28,114,T1,Pier 1,150,10.7,6.3,International Short-Haul
S25,30,2025-07-28,115,T1,Pier 1,147,10.5,6.5,International Short-Haul
S25,30,2025-07-28,116,T1,Pier 1,134,9.6,7.4,International Short-Haul
S25,30,2025-07-28,117,T1,Pier 1,137,9.8,7.2,International Short-Haul
S25,30,2025-07-28,118,T1,Pier 1,140,10,7,International Short-Haul
S25,30,2025-07-28,119,T1,Pier 1,140,10,7,International Short-Haul
S25,30,2025-07-28,201,T1,Pier 2,116,9.1,7.9,International Short-Haul
S25,30,2025-07-28,202,T1,Pier 2,103,8.1,8.9,International Short-Haul
S25,30,2025-07-28,203,T1,Pier 2,117,9.2,7.8,International Short-Haul
S25,30,2025-07-28,204,T1,Pier 2,108,8.5,8.5,International Short-Haul
S25,30,2025-07-28,205,T1,Pier 2,108,8.5,8.5,International Short-Haul
S25,30,2025-07-28,206,T1,Pier 2,112,8.8,8.2,International Short-Haul
S25,30,2025-07-28,207,T1,Pier 2,107,8.4,8.6,International Short-Haul
S25,30,2025-07-28,208,T1,Pier 2,120,9.4,7.6,International Short-Haul
S25,30,2025-07-28,209,T1,Pier 2,104,8.2,8.8,International Short-Haul
S25,30,2025-07-28,210,T1,Pier 2,111,8.7,8.3,International Short-Haul
S25,30,2025-07-28,211,T1,Pier 2,118,9.3,7.7,International Short-Haul
S25,30,2025-07-28,212,T1,Pier 2,115,9,8,International Short-Haul
S25,30,2025-07-28,213,T1,Pier 2,108,8.5,8.5,International Short-Haul
S25,30,2025-07-28,214,T1,Pier 2,111,8.7,8.3,International Short-Haul
S25,30,2025-07-28,301,T1,Pier 3,96,8.2,8.8,International Short-Haul
S25,30,2025-07-28,302,T1,Pier 3,100,8.6,8.4,International Short-Haul
S25,30,2025-07-28,303,T1,Pier 3,99,8.5,8.5,International Short-Haul
S25,30,2025-07-28,304,T1,Pier 3,91,7.8,9.2,International Short-Haul
S25,30,2025-07-28,305,T1,Pier 3,100,8.6,8.4,International Short-Haul
S25,30,2025-07-28,306,T1,Pier 3,85,7.3,9.7,International Short-Haul
S25,30,2025-07-28,307,T1,Pier 3,86,7.4,9.6,International Short-Haul
S25,30,2025-07-28,308,T1,Pier 3,98,8.4,8.6,International Short-Haul
S25,30,2025-07-28,309,T1,Pier 3,89,7.6,9.4,International Short-Haul
S25,30,2025-07-28,310,T1,Pier 3,86,7.4,9.6,International Short-Haul
S25,30,2025-07-28,311,T1,Pier 3,89,7.6,9.4,International Short-Haul
S25,30,2025-07-28,312,T1,Pier 3,92,7.9,9.1,International Short-Haul
S25,30,2025-07-28,313,T1,Pier 3,97,8.3,8.7,International Short-Haul
S25,30,2025-07-28,314,T1,Pier 3,94,8.1,8.9,International Short-Haul
S25,30,2025-07-28,315,T2,Pier 3,89,7.6,9.4,Transatlantic CBP
S25,30,2025-07-28,316,T2,Pier 3,93,8,9,Transatlantic CBP
S25,30,2025-07-28,317,T2,Pier 3,99,8.5,8.5,Transatlantic CBP
S25,30,2025-07-28,318,T2,Pier 3,98,8.4,8.6,Transatlantic CBP
S25,30,2025-07-28,319,T2,Pier 3,90,7.7,9.3,Transatlantic CBP
S25,30,2025-07-28,320,T2,Pier 3,100,8.6,8.4,Transatlantic CBP
S25,30,2025-07-28,321,T2,Pier 3,96,8.2,8.8,Transatlantic CBP
S25,30,2025-07-28,322,T2,Pier 3,86,7.4,9.6,Transatlantic CBP
S25,30,2025-07-28,323,T2,Pier 3,86,7.4,9.6,Transatlantic CBP
S25,30,2025-07-28,401,T2,Pier 4,71,12.2,4.8,Transatlantic CBP
S25,30,2025-07-28,402,T2,Pier 4,78,13.3,3.7,Transatlantic CBP
S25,30,2025-07-28,403,T2,Pier 4,71,12.2,4.8,Transatlantic CBP
S25,30,2025-07-28,404,T2,Pier 4,75,12.9,4.1,Transatlantic CBP
S25,30,2025-07-28,405,T2,Pier 4,70,12,5,Transatlantic CBP
S25,30,2025-07-28,406,T2,Pier 4,80,13.7,3.3,Transatlantic CBP
S25,30,2025-07-28,407,T2,Pier 4,73,12.5,4.5,Transatlantic CBP
S25,30,2025-07-28,408,T2,Pier 4,80,13.7,3.3,Transatlantic CBP
S25,30,2025-07-28,409,T2,Pier 4,81,13.8,3.2,Transatlantic CBP
S25,30,2025-07-28,410,T2,Pier 4,69,11.8,5.2,Transatlantic CBP
S25,30,2025-07-28,411,T2,Pier 4,75,12.8,4.2,Transatlantic CBP
S25,30,2025-07-28,412,T2,Pier 4,69,11.9,5.1,Transatlantic CBP
S25,30,2025-07-28,413,T2,Pier 4,80,13.7,3.3,Transatlantic CBP
S25,30,2025-07-28,414,T2,Pier 4,75,12.9,4.1,Transatlantic CBP
S25,30,2025-07-28,415,T2,Pier 4,70,12,5,Transatlantic CBP
S25,30,2025-07-28,416,T2,Pier 4,70,12,5,Transatlantic CBP
S25,30,2025-07-28,417,T2,Pier 4,74,12.6,4.4,Transatlantic CBP
S25,30,2025-07-28,418,T2,Pier 4,81,13.8,3.2,Transatlantic CBP
S25,30,2025-07-28,419,T2,Pier 4,77,13.2,3.8,Transatlantic CBP
S25,30,2025-07-28,420,T2,Pier 4,79,13.6,3.4,Transatlantic CBP
S25,30,2025-07-28,421,T2,Pier 4,74,12.6,4.4,Transatlantic CBP
S25,30,2025-07-28,422,T2,Pier 4,69,11.9,5.1,Transatlantic CBP
S25,30,2025-07-28,423,T2,Pier 4,81,13.8,3.2,Transatlantic CBP
S25,30,2025-07-28,424,T2,Pier 4,69,11.9,5.1,Transatlantic CBP
S25,30,2025-07-28,425,T2,Pier 4,81,13.8,3.2,Transatlantic CBP
S25,30,2025-07-28,426,T2,Pier 4,74,12.6,4.4,Transatlantic CBP
S25,30,2025-07-28,501,T2,Pier E,47,12.2,4.8,International Long-Haul
S25,30,2025-07-28,502,T2,Pier E,53,13.7,3.3,International Long-Haul
S25,30,2025-07-28,503,T2,Pier E,56,14.3,2.7,International Long-Haul
S25,30,2025-07-28,504,T2,Pier E,56,14.3,2.7,International Long-Haul
S25,30,2025-07-28,505,T2,Pier E,49,12.5,4.5,International Long-Haul
S25,30,2025-07-28,506,T2,Pier E,49,12.6,4.4,International Long-Haul
S25,30,2025-07-28,507,T2,Pier E,52,13.4,3.6,International Long-Haul
S25,30,2025-07-28,508,T2,Pier E,53,13.6,3.4,International Long-Haul
S25,30,2025-07-28,509,T2,Pier E,54,13.8,3.2,International Long-Haul
S25,30,2025-07-28,510,T2,Pier E,49,12.6,4.4,International Long-Haul
S25,30,2025-07-28,511,T2,Pier E,55,14.2,2.8,International Long-Haul
S25,30,2025-07-28,512,T2,Pier E,53,13.6,3.4,International Long-Haul
S25,30,2025-07-28,513,T2,Pier E,54,14,3,International Long-Haul
S25,30,2025-07-28,514,T2,Pier E,52,13.4,3.6,International Long-Haul
S25,30,2025-07-28,515,T2,Pier E,51,13.1,3.9,International Long-Haul
S25,30,2025-07-28,601,T1,Remote North,50,3.9,13.1,International Short-Haul
S25,30,2025-07-28,602,T1,Remote North,47,3.7,13.3,International Short-Haul
S25,30,2025-07-28,603,T1,Remote North,48,3.8,13.2,International Short-Haul
S25,30,2025-07-28,604,T1,Remote North,50,3.9,13.1,International Short-Haul
S25,30,2025-07-28,605,T1,Remote North,47,3.7,13.3,International Short-Haul
S25,30,2025-07-28,606,T1,Remote North,47,3.7,13.3,International Short-Haul
S25,30,2025-07-28,607,T1,Remote North,42,3.3,13.7,International Short-Haul
S25,30,2025-07-28,608,T1,Remote North,43,3.4,13.6,International Short-Haul
S25,30,2025-07-28,609,T1,Remote North,45,3.5,13.5,International Short-Haul
S25,30,2025-07-28,610,T1,Remote North,43,3.4,13.6,International Short-Haul
S25,30,2025-07-28,611,T1,Remote North,45,3.5,13.5,International Short-Haul
S25,30,2025-07-28,612,T1,Remote North,45,3.5,13.5,International Short-Haul
S25,30,2025-07-28,613,T1,Remote North,45,3.5,13.5,International Short-Haul
S25,30,2025-07-28,614,T1,Remote North,46,3.6,13.4,International Short-Haul
S25,30,2025-07-28,615,T1,Remote North,43,3.4,13.6,International Short-Haul
S25,30,2025-07-28,616,T1,Remote North,43,3.4,13.6,International Short-Haul
S25,30,2025-07-28,617,T1,Remote North,47,3.7,13.3,International Short-Haul
S25,30,2025-07-28,618,T1,Remote North,47,3.7,13.3,International Short-Haul
S25,30,2025-07-28,619,T1,Remote North,46,3.6,13.4,International Short-Haul
S25,30,2025-07-28,620,T1,Remote North,47,3.7,13.3,International Short-Haul
S25,30,2025-07-28,621,T1,Remote North,48,3.8,13.2,International Short-Haul
S25,30,2025-07-28,701,T1,Remote South,8,2.3,14.7,Cargo
S25,30,2025-07-28,702,T1,Remote South,8,2.4,14.6,Cargo
S25,30,2025-07-28,703,T1,Remote South,9,2.5,14.5,Cargo
S25,30,2025-07-28,704,T1,Remote South,9,2.5,14.5,Cargo
S25,30,2025-07-28,705,T1,Remote South,8,2.3,14.7,Cargo
S25,30,2025-07-28,706,T1,Remote South,8,2.4,14.6,Cargo
S25,30,2025-07-28,707,T1,Remote South,8,2.2,14.8,Cargo
S25,30,2025-07-28,708,T1,Remote South,8,2.4,14.6,Cargo
S25,30,2025-07-28,709,T1,Remote South,9,2.5,14.5,Cargo
S25,30,2025-07-28,710,T1,Remote South,8,2.3,14.7,Cargo
S25,30,2025-07-28,711,T1,Remote South,9,2.5,14.5,Cargo
S25,30,2025-07-28,712,T1,Remote South,8,2.3,14.7,Cargo
S25,31,2025-08-04,101,T1,Pier 1,158,11.3,5.7,International Short-Haul
S25,31,2025-08-04,102,T1,Pier 1,148,10.6,6.4,International Short-Haul
S25,31,2025-08-04,103,T1,Pier 1,136,9.7,7.3,International Short-Haul
S25,31,2025-08-04,104,T1,Pier 1,148,10.6,6.4,International Short-Haul
S25,31,2025-08-04,105,T1,Pier 1,141,10.1,6.9,International Short-Haul
S25,31,2025-08-04,106,T1,Pier 1,136,9.7,7.3,International Short-Haul
S25,31,2025-08-04,107,T1,Pier 1,154,11,6,International Short-Haul
S25,31,2025-08-04,108,T1,Pier 1,141,10.1,6.9,International Short-Haul
S25,31,2025-08-04,109,T1,Pier 1,153,10.9,6.1,International Short-Haul
S25,31,2025-08-04,110,T1,Pier 1,141,10.1,6.9,International Short-Haul
S25,31,2025-08-04,111,T1,Pier 1,139,9.9,7.1,International Short-Haul
S25,31,2025-08-04,112,T1,Pier 1,157,11.2,5.8,International Short-Haul
S25,31,2025-08-04,113,T1,Pier 1,143,10.2,6.8,International Short-Haul
S25,31,2025-08-04,114,T1,Pier 1,148,10.6,6.4,International Short-Haul
S25,31,2025-08-04,115,T1,Pier 1,148,10.6,6.4,International Short-Haul
S25,31,2025-08-04,116,T1,Pier 1,148,10.6,6.4,International Short-Haul
S25,31,2025-08-04,117,T1,Pier 1,155,11.1,5.9,International Short-Haul
S25,31,2025-08-04,118,T1,Pier 1,150,10.7,6.3,International Short-Haul
S25,31,2025-08-04,119,T1,Pier 1,144,10.3,6.7,International Short-Haul
S25,31,2025-08-04,201,T1,Pier 2,120,9.4,7.6,International Short-Haul
S25,31,2025-08-04,202,T1,Pier 2,107,8.4,8.6,International Short-Haul
S25,31,2025-08-04,203,T1,Pier 2,113,8.9,8.1,International Short-Haul
S25,31,2025-08-04,204,T1,Pier 2,121,9.5,7.5,International Short-Haul
S25,31,2025-08-04,205,T1,Pier 2,116,9.1,7.9,International Short-Haul
S25,31,2025-08-04,206,T1,Pier 2,118,9.3,7.7,International Short-Haul
S25,31,2025-08-04,207,T1,Pier 2,116,9.1,7.9,International Short-Haul
S25,31,2025-08-04,208,T1,Pier 2,120,9.4,7.6,International Short-Haul
S25,31,2025-08-04,209,T1,Pier 2,121,9.5,7.5,International Short-Haul
S25,31,2025-08-04,210,T1,Pier 2,109,8.6,8.4,International Short-Haul
S25,31,2025-08-04,211,T1,Pier 2,107,8.4,8.6,International Short-Haul
S25,31,2025-08-04,212,T1,Pier 2,113,8.9,8.1,International Short-Haul
S25,31,2025-08-04,213,T1,Pier 2,117,9.2,7.8,International Short-Haul
S25,31,2025-08-04,214,T1,Pier 2,108,8.5,8.5,International Short-Haul
S25,31,2025-08-04,301,T1,Pier 3,86,7.4,9.6,International Short-Haul
S25,31,2025-08-04,302,T1,Pier 3,91,7.8,9.2,International Short-Haul
S25,31,2025-08-04,303,T1,Pier 3,100,8.6,8.4,International Short-Haul
S25,31,2025-08-04,304,T1,Pier 3,97,8.3,8.7,International Short-Haul
S25,31,2025-08-04,305,T1,Pier 3,92,7.9,9.1,International Short-Haul
S25,31,2025-08-04,306,T1,Pier 3,89,7.6,9.4,International Short-Haul
S25,31,2025-08-04,307,T1,Pier 3,91,7.8,9.2,International Short-Haul
S25,31,2025-08-04,308,T1,Pier 3,89,7.6,9.4,International Short-Haul
S25,31,2025-08-04,309,T1,Pier 3,88,7.5,9.5,International Short-Haul
S25,31,2025-08-04,310,T1,Pier 3,99,8.5,8.5,International Short-Haul
S25,31,2025-08-04,311,T1,Pier 3,102,8.7,8.3,International Short-Haul
S25,31,2025-08-04,312,T1,Pier 3,89,7.6,9.4,International Short-Haul
S25,31,2025-08-04,313,T1,Pier 3,86,7.4,9.6,International Short-Haul
S25,31,2025-08-04,314,T1,Pier 3,91,7.8,9.2,International Short-Haul
S25,31,2025-08-04,315,T2,Pier 3,93,8,9,Transatlantic CBP
S25,31,2025-08-04,316,T2,Pier 3,89,7.6,9.4,Transatlantic CBP
S25,31,2025-08-04,317,T2,Pier 3,91,7.8,9.2,Transatlantic CBP
S25,31,2025-08-04,318,T2,Pier 3,89,7.6,9.4,Transatlantic CBP
S25,31,2025-08-04,319,T2,Pier 3,98,8.4,8.6,Transatlantic CBP
S25,31,2025-08-04,320,T2,Pier 3,97,8.3,8.7,Transatlantic CBP
S25,31,2025-08-04,321,T2,Pier 3,96,8.2,8.8,Transatlantic CBP
S25,31,2025-08-04,322,T2,Pier 3,92,7.9,9.1,Transatlantic CBP
S25,31,2025-08-04,323,T2,Pier 3,99,8.5,8.5,Transatlantic CBP
S25,31,2025-08-04,401,T2,Pier 4,81,13.9,3.1,Transatlantic CBP
S25,31,2025-08-04,402,T2,Pier 4,72,12.3,4.7,Transatlantic CBP
S25,31,2025-08-04,403,T2,Pier 4,72,12.4,4.6,Transatlantic CBP
S25,31,2025-08-04,404,T2,Pier 4,76,13,4,Transatlantic CBP
S25,31,2025-08-04,405,T2,Pier 4,71,12.1,4.9,Transatlantic CBP
S25,31,2025-08-04,406,T2,Pier 4,75,12.8,4.2,Transatlantic CBP
S25,31,2025-08-04,407,T2,Pier 4,76,13.1,3.9,Transatlantic CBP
S25,31,2025-08-04,408,T2,Pier 4,76,13,4,Transatlantic CBP
S25,31,2025-08-04,409,T2,Pier 4,74,12.6,4.4,Transatlantic CBP
S25,31,2025-08-04,410,T2,Pier 4,76,13,4,Transatlantic CBP
S25,31,2025-08-04,411,T2,Pier 4,81,13.9,3.1,Transatlantic CBP
S25,31,2025-08-04,412,T2,Pier 4,72,12.3,4.7,Transatlantic CBP
S25,31,2025-08-04,413,T2,Pier 4,78,13.3,3.7,Transatlantic CBP
S25,31,2025-08-04,414,T2,Pier 4,70,12,5,Transatlantic CBP
S25,31,2025-08-04,415,T2,Pier 4,70,12,5,Transatlantic CBP
S25,31,2025-08-04,416,T2,Pier 4,76,13.1,3.9,Transatlantic CBP
S25,31,2025-08-04,417,T2,Pier 4,71,12.1,4.9,Transatlantic CBP
S25,31,2025-08-04,418,T2,Pier 4,70,12,5,Transatlantic CBP
S25,31,2025-08-04,419,T2,Pier 4,72,12.3,4.7,Transatlantic CBP
S25,31,2025-08-04,420,T2,Pier 4,76,13.1,3.9,Transatlantic CBP
S25,31,2025-08-04,421,T2,Pier 4,78,13.4,3.6,Transatlantic CBP
S25,31,2025-08-04,422,T2,Pier 4,72,12.3,4.7,Transatlantic CBP
S25,31,2025-08-04,423,T2,Pier 4,78,13.3,3.7,Transatlantic CBP
S25,31,2025-08-04,424,T2,Pier 4,72,12.3,4.7,Transatlantic CBP
S25,31,2025-08-04,425,T2,Pier 4,77,13.2,3.8,Transatlantic CBP
S25,31,2025-08-04,426,T2,Pier 4,75,12.8,4.2,Transatlantic CBP
S25,31,2025-08-04,501,T2,Pier E,53,13.7,3.3,International Long-Haul
S25,31,2025-08-04,502,T2,Pier E,56,14.4,2.6,International Long-Haul
S25,31,2025-08-04,503,T2,Pier E,56,14.3,2.7,International Long-Haul
S25,31,2025-08-04,504,T2,Pier E,48,12.3,4.7,International Long-Haul
S25,31,2025-08-04,505,T2,Pier E,55,14.2,2.8,International Long-Haul
S25,31,2025-08-04,506,T2,Pier E,48,12.4,4.6,International Long-Haul
S25,31,2025-08-04,507,T2,Pier E,56,14.3,2.7,International Long-Haul
S25,31,2025-08-04,508,T2,Pier E,50,12.9,4.1,International Long-Haul
S25,31,2025-08-04,509,T2,Pier E,51,13.1,3.9,International Long-Haul
S25,31,2025-08-04,510,T2,Pier E,49,12.5,4.5,International Long-Haul
S25,31,2025-08-04,511,T2,Pier E,49,12.5,4.5,International Long-Haul
S25,31,2025-08-04,512,T2,Pier E,54,13.9,3.1,International Long-Haul
S25,31,2025-08-04,513,T2,Pier E,56,14.3,2.7,International Long-Haul
S25,31,2025-08-04,514,T2,Pier E,53,13.6,3.4,International Long-Haul
S25,31,2025-08-04,515,T2,Pier E,54,13.8,3.2,International Long-Haul
S25,31,2025-08-04,601,T1,Remote North,48,3.8,13.2,International Short-Haul
S25,31,2025-08-04,602,T1,Remote North,45,3.5,13.5,International Short-Haul
S25,31,2025-08-04,603,T1,Remote North,43,3.4,13.6,International Short-Haul
S25,31,2025-08-04,604,T1,Remote North,43,3.4,13.6,International Short-Haul
S25,31,2025-08-04,605,T1,Remote North,46,3.6,13.4,International Short-Haul
S25,31,2025-08-04,606,T1,Remote North,45,3.5,13.5,International Short-Haul
S25,31,2025-08-04,607,T1,Remote North,43,3.4,13.6,International Short-Haul
S25,31,2025-08-04,608,T1,Remote North,45,3.5,13.5,International Short-Haul
S25,31,2025-08-04,609,T1,Remote North,43,3.4,13.6,International Short-Haul
S25,31,2025-08-04,610,T1,Remote North,50,3.9,13.1,International Short-Haul
S25,31,2025-08-04,611,T1,Remote North,43,3.4,13.6,International Short-Haul
S25,31,2025-08-04,612,T1,Remote North,47,3.7,13.3,International Short-Haul
S25,31,2025-08-04,613,T1,Remote North,47,3.7,13.3,International Short-Haul
S25,31,2025-08-04,614,T1,Remote North,47,3.7,13.3,International Short-Haul
S25,31,2025-08-04,615,T1,Remote North,43,3.4,13.6,International Short-Haul
S25,31,2025-08-04,616,T1,Remote North,46,3.6,13.4,International Short-Haul
S25,31,2025-08-04,617,T1,Remote North,43,3.4,13.6,International Short-Haul
S25,31,2025-08-04,618,T1,Remote North,46,3.6,13.4,International Short-Haul
S25,31,2025-08-04,619,T1,Remote North,45,3.5,13.5,International Short-Haul
S25,31,2025-08-04,620,T1,Remote North,47,3.7,13.3,International Short-Haul
S25,31,2025-08-04,621,T1,Remote North,48,3.8,13.2,International Short-Haul
S25,31,2025-08-04,701,T1,Remote South,8,2.4,14.6,Cargo
S25,31,2025-08-04,702,T1,Remote South,8,2.3,14.7,Cargo
S25,31,2025-08-04,703,T1,Remote South,8,2.3,14.7,Cargo
S25,31,2025-08-04,704,T1,Remote South,9,2.5,14.5,Cargo
S25,31,2025-08-04,705,T1,Remote South,8,2.2,14.8,Cargo
S25,31,2025-08-04,706,T1,Remote South,8,2.4,14.6,Cargo
S25,31,2025-08-04,707,T1,Remote South,8,2.4,14.6,Cargo
S25,31,2025-08-04,708,T1,Remote South,8,2.3,14.7,Cargo
S25,31,2025-08-04,709,T1,Remote South,8,2.3,14.7,Cargo
S25,31,2025-08-04,710,T1,Remote South,8,2.3,14.7,Cargo
S25,31,2025-08-04,711,T1,Remote South,8,2.2,14.8,Cargo
S25,31,2025-08-04,712,T1,Remote South,8,2.2,14.8,Cargo
S25,32,2025-08-11,101,T1,Pier 1,136,9.7,7.3,International Short-Haul
S25,32,2025-08-11,102,T1,Pier 1,139,9.9,7.1,International Short-Haul
S25,32,2025-08-11,103,T1,Pier 1,146,10.4,6.6,International Short-Haul
S25,32,2025-08-11,104,T1,Pier 1,154,11,6,International Short-Haul
S25,32,2025-08-11,105,T1,Pier 1,139,9.9,7.1,International Short-Haul
S25,32,2025-08-11,106,T1,Pier 1,155,11.1,5.9,International Short-Haul
S25,32,2025-08-11,107,T1,Pier 1,155,11.1,5.9,International Short-Haul
S25,32,2025-08-11,108,T1,Pier 1,155,11.1,5.9,International Short-Haul
S25,32,2025-08-11,109,T1,Pier 1,153,10.9,6.1,International Short-Haul
S25,32,2025-08-11,110,T1,Pier 1,141,10.1,6.9,International Short-Haul
S25,32,2025-08-11,111,T1,Pier 1,136,9.7,7.3,International Short-Haul
S25,32,2025-08-11,112,T1,Pier 1,147,10.5,6.5,International Short-Haul
S25,32,2025-08-11,113,T1,Pier 1,147,10.5,6.5,International Short-Haul
S25,32,2025-08-11,114,T1,Pier 1,154,11,6,International Short-Haul
S25,32,2025-08-11,115,T1,Pier 1,157,11.2,5.8,International Short-Haul
S25,32,2025-08-11,116,T1,Pier 1,146,10.4,6.6,International Short-Haul
S25,32,2025-08-11,117,T1,Pier 1,141,10.1,6.9,International Short-Haul
S25,32,2025-08-11,118,T1,Pier 1,139,9.9,7.1,International Short-Haul
S25,32,2025-08-11,119,T1,Pier 1,134,9.6,7.4,International Short-Haul
S25,32,2025-08-11,201,T1,Pier 2,112,8.8,8.2,International Short-Haul
S25,32,2025-08-11,202,T1,Pier 2,113,8.9,8.1,International Short-Haul
S25,32,2025-08-11,203,T1,Pier 2,118,9.3,7.7,International Short-Haul
S25,32,2025-08-11,204,T1,Pier 2,112,8.8,8.2,International Short-Haul
S25,32,2025-08-11,205,T1,Pier 2,120,9.4,7.6,International Short-Haul
S25,32,2025-08-11,206,T1,Pier 2,115,9,8,International Short-Haul
S25,32,2025-08-11,207,T1,Pier 2,118,9.3,7.7,International Short-Haul
S25,32,2025-08-11,208,T1,Pier 2,106,8.3,8.7,International Short-Haul
S25,32,2025-08-11,209,T1,Pier 2,118,9.3,7.7,International Short-Haul
S25,32,2025-08-11,210,T1,Pier 2,116,9.1,7.9,International Short-Haul
S25,32,2025-08-11,211,T1,Pier 2,106,8.3,8.7,International Short-Haul
S25,32,2025-08-11,212,T1,Pier 2,107,8.4,8.6,International Short-Haul
S25,32,2025-08-11,213,T1,Pier 2,120,9.4,7.6,International Short-Haul
S25,32,2025-08-11,214,T1,Pier 2,104,8.2,8.8,International Short-Haul
S25,32,2025-08-11,301,T1,Pier 3,92,7.9,9.1,International Short-Haul
S25,32,2025-08-11,302,T1,Pier 3,90,7.7,9.3,International Short-Haul
S25,32,2025-08-11,303,T1,Pier 3,96,8.2,8.8,International Short-Haul
S25,32,2025-08-11,304,T1,Pier 3,98,8.4,8.6,International Short-Haul
S25,32,2025-08-11,305,T1,Pier 3,91,7.8,9.2,International Short-Haul
S25,32,2025-08-11,306,T1,Pier 3,92,7.9,9.1,International Short-Haul
S25,32,2025-08-11,307,T1,Pier 3,100,8.6,8.4,International Short-Haul
S25,32,2025-08-11,308,T1,Pier 3,97,8.3,8.7,International Short-Haul
S25,32,2025-08-11,309,T1,Pier 3,99,8.5,8.5,International Short-Haul
S25,32,2025-08-11,310,T1,Pier 3,92,7.9,9.1,International Short-Haul
S25,32,2025-08-11,311,T1,Pier 3,89,7.6,9.4,International Short-Haul
S25,32,2025-08-11,312,T1,Pier 3,91,7.8,9.2,International Short-Haul
S25,32,2025-08-11,313,T1,Pier 3,96,8.2,8.8,International Short-Haul
S25,32,2025-08-11,314,T1,Pier 3,88,7.5,9.5,International Short-Haul
S25,32,2025-08-11,315,T2,Pier 3,90,7.7,9.3,Transatlantic CBP
S25,32,2025-08-11,316,T2,Pier 3,86,7.4,9.6,Transatlantic CBP
S25,32,2025-08-11,317,T2,Pier 3,92,7.9,9.1,Transatlantic CBP
S25,32,2025-08-11,318,T2,Pier 3,98,8.4,8.6,Transatlantic CBP
S25,32,2025-08-11,319,T2,Pier 3,86,7.4,9.6,Transatlantic CBP
S25,32,2025-08-11,320,T2,Pier 3,96,8.2,8.8,Transatlantic CBP
S25,32,2025-08-11,321,T2,Pier 3,99,8.5,8.5,Transatlantic CBP
S25,32,2025-08-11,322,T2,Pier 3,89,7.6,9.4,Transatlantic CBP
S25,32,2025-08-11,323,T2,Pier 3,96,8.2,8.8,Transatlantic CBP
S25,32,2025-08-11,401,T2,Pier 4,81,13.8,3.2,Transatlantic CBP
S25,32,2025-08-11,402,T2,Pier 4,81,13.8,3.2,Transatlantic CBP
S25,32,2025-08-11,403,T2,Pier 4,72,12.3,4.7,Transatlantic CBP
S25,32,2025-08-11,404,T2,Pier 4,70,12,5,Transatlantic CBP
S25,32,2025-08-11,405,T2,Pier 4,71,12.1,4.9,Transatlantic CBP
S25,32,2025-08-11,406,T2,Pier 4,78,13.3,3.7,Transatlantic CBP
S25,32,2025-08-11,407,T2,Pier 4,78,13.3,3.7,Transatlantic CBP
S25,32,2025-08-11,408,T2,Pier 4,77,13.2,3.8,Transatlantic CBP
S25,32,2025-08-11,409,T2,Pier 4,73,12.5,4.5,Transatlantic CBP
S25,32,2025-08-11,410,T2,Pier 4,71,12.2,4.8,Transatlantic CBP
S25,32,2025-08-11,411,T2,Pier 4,76,13,4,Transatlantic CBP
S25,32,2025-08-11,412,T2,Pier 4,75,12.8,4.2,Transatlantic CBP
S25,32,2025-08-11,413,T2,Pier 4,78,13.3,3.7,Transatlantic CBP
S25,32,2025-08-11,414,T2,Pier 4,74,12.7,4.3,Transatlantic CBP
S25,32,2025-08-11,415,T2,Pier 4,73,12.5,4.5,Transatlantic CBP
S25,32,2025-08-11,416,T2,Pier 4,72,12.4,4.6,Transatlantic CBP
S25,32,2025-08-11,417,T2,Pier 4,72,12.3,4.7,Transatlantic CBP
S25,32,2025-08-11,418,T2,Pier 4,72,12.4,4.6,Transatlantic CBP
S25,32,2025-08-11,419,T2,Pier 4,70,12,5,Transatlantic CBP
S25,32,2025-08-11,420,T2,Pier 4,73,12.5,4.5,Transatlantic CBP
S25,32,2025-08-11,421,T2,Pier 4,69,11.9,5.1,Transatlantic CBP
S25,32,2025-08-11,422,T2,Pier 4,71,12.2,4.8,Transatlantic CBP
S25,32,2025-08-11,423,T2,Pier 4,78,13.4,3.6,Transatlantic CBP
S25,32,2025-08-11,424,T2,Pier 4,73,12.5,4.5,Transatlantic CBP
S25,32,2025-08-11,425,T2,Pier 4,77,13.2,3.8,Transatlantic CBP
S25,32,2025-08-11,426,T2,Pier 4,78,13.3,3.7,Transatlantic CBP
S25,32,2025-08-11,501,T2,Pier E,52,13.4,3.6,International Long-Haul
S25,32,2025-08-11,502,T2,Pier E,55,14.2,2.8,International Long-Haul
S25,32,2025-08-11,503,T2,Pier E,48,12.3,4.7,International Long-Haul
S25,32,2025-08-11,504,T2,Pier E,54,13.8,3.2,International Long-Haul
S25,32,2025-08-11,505,T2,Pier E,55,14.2,2.8,International Long-Haul
S25,32,2025-08-11,506,T2,Pier E,54,14,3,International Long-Haul
S25,32,2025-08-11,507,T2,Pier E,49,12.6,4.4,International Long-Haul
S25,32,2025-08-11,508,T2,Pier E,50,12.9,4.1,International Long-Haul
S25,32,2025-08-11,509,T2,Pier E,49,12.6,4.4,International Long-Haul
S25,32,2025-08-11,510,T2,Pier E,52,13.5,3.5,International Long-Haul
S25,32,2025-08-11,511,T2,Pier E,53,13.7,3.3,International Long-Haul
S25,32,2025-08-11,512,T2,Pier E,50,12.9,4.1,International Long-Haul
S25,32,2025-08-11,513,T2,Pier E,52,13.4,3.6,International Long-Haul
S25,32,2025-08-11,514,T2,Pier E,53,13.7,3.3,International Long-Haul
S25,32,2025-08-11,515,T2,Pier E,51,13.1,3.9,International Long-Haul
S25,32,2025-08-11,601,T1,Remote North,48,3.8,13.2,International Short-Haul
S25,32,2025-08-11,602,T1,Remote North,48,3.8,13.2,International Short-Haul
S25,32,2025-08-11,603,T1,Remote North,43,3.4,13.6,International Short-Haul
S25,32,2025-08-11,604,T1,Remote North,47,3.7,13.3,International Short-Haul
S25,32,2025-08-11,605,T1,Remote North,45,3.5,13.5,International Short-Haul
S25,32,2025-08-11,606,T1,Remote North,47,3.7,13.3,International Short-Haul
S25,32,2025-08-11,607,T1,Remote North,50,3.9,13.1,International Short-Haul
S25,32,2025-08-11,608,T1,Remote North,50,3.9,13.1,International Short-Haul
S25,32,2025-08-11,609,T1,Remote North,46,3.6,13.4,International Short-Haul
S25,32,2025-08-11,610,T1,Remote North,45,3.5,13.5,International Short-Haul
S25,32,2025-08-11,611,T1,Remote North,45,3.5,13.5,International Short-Haul
S25,32,2025-08-11,612,T1,Remote North,46,3.6,13.4,International Short-Haul
S25,32,2025-08-11,613,T1,Remote North,43,3.4,13.6,International Short-Haul
S25,32,2025-08-11,614,T1,Remote North,47,3.7,13.3,International Short-Haul
S25,32,2025-08-11,615,T1,Remote North,42,3.3,13.7,International Short-Haul
S25,32,2025-08-11,616,T1,Remote North,45,3.5,13.5,International Short-Haul
S25,32,2025-08-11,617,T1,Remote North,45,3.5,13.5,International Short-Haul
S25,32,2025-08-11,618,T1,Remote North,50,3.9,13.1,International Short-Haul
S25,32,2025-08-11,619,T1,Remote North,48,3.8,13.2,International Short-Haul
S25,32,2025-08-11,620,T1,Remote North,45,3.5,13.5,International Short-Haul
S25,32,2025-08-11,621,T1,Remote North,43,3.4,13.6,International Short-Haul
S25,32,2025-08-11,701,T1,Remote South,8,2.3,14.7,Cargo
S25,32,2025-08-11,702,T1,Remote South,8,2.2,14.8,Cargo
S25,32,2025-08-11,703,T1,Remote South,8,2.3,14.7,Cargo
S25,32,2025-08-11,704,T1,Remote South,9,2.5,14.5,Cargo
S25,32,2025-08-11,705,T1,Remote South,8,2.4,14.6,Cargo
S25,32,2025-08-11,706,T1,Remote South,8,2.4,14.6,Cargo
S25,32,2025-08-11,707,T1,Remote South,8,2.3,14.7,Cargo
S25,32,2025-08-11,708,T1,Remote South,9,2.5,14.5,Cargo
S25,32,2025-08-11,709,T1,Remote South,9,2.5,14.5,Cargo
S25,32,2025-08-11,710,T1,Remote South,8,2.3,14.7,Cargo
S25,32,2025-08-11,711,T1,Remote South,8,2.3,14.7,Cargo
S25,32,2025-08-11,712,T1,Remote South,8,2.3,14.7,Cargo
S25,33,2025-08-18,101,T1,Pier 1,141,10.1,6.9,International Short-Haul
S25,33,2025-08-18,102,T1,Pier 1,151,10.8,6.2,International Short-Haul
S25,33,2025-08-18,103,T1,Pier 1,148,10.6,6.4,International Short-Haul
S25,33,2025-08-18,104,T1,Pier 1,139,9.9,7.1,International Short-Haul
S25,33,2025-08-18,105,T1,Pier 1,141,10.1,6.9,International Short-Haul
S25,33,2025-08-18,106,T1,Pier 1,148,10.6,6.4,International Short-Haul
S25,33,2025-08-18,107,T1,Pier 1,158,11.3,5.7,International Short-Haul
S25,33,2025-08-18,108,T1,Pier 1,150,10.7,6.3,International Short-Haul
S25,33,2025-08-18,109,T1,Pier 1,153,10.9,6.1,International Short-Haul
S25,33,2025-08-18,110,T1,Pier 1,144,10.3,6.7,International Short-Haul
S25,33,2025-08-18,111,T1,Pier 1,150,10.7,6.3,International Short-Haul
S25,33,2025-08-18,112,T1,Pier 1,147,10.5,6.5,International Short-Haul
S25,33,2025-08-18,113,T1,Pier 1,153,10.9,6.1,International Short-Haul
S25,33,2025-08-18,114,T1,Pier 1,137,9.8,7.2,International Short-Haul
S25,33,2025-08-18,115,T1,Pier 1,148,10.6,6.4,International Short-Haul
S25,33,2025-08-18,116,T1,Pier 1,144,10.3,6.7,International Short-Haul
S25,33,2025-08-18,117,T1,Pier 1,144,10.3,6.7,International Short-Haul
S25,33,2025-08-18,118,T1,Pier 1,160,11.4,5.6,International Short-Haul
S25,33,2025-08-18,119,T1,Pier 1,141,10.1,6.9,International Short-Haul
S25,33,2025-08-18,201,T1,Pier 2,111,8.7,8.3,International Short-Haul
S25,33,2025-08-18,202,T1,Pier 2,115,9,8,International Short-Haul
S25,33,2025-08-18,203,T1,Pier 2,121,9.5,7.5,International Short-Haul
S25,33,2025-08-18,204,T1,Pier 2,113,8.9,8.1,International Short-Haul
S25,33,2025-08-18,205,T1,Pier 2,120,9.4,7.6,International Short-Haul
S25,33,2025-08-18,206,T1,Pier 2,121,9.5,7.5,International Short-Haul
S25,33,2025-08-18,207,T1,Pier 2,111,8.7,8.3,International Short-Haul
S25,33,2025-08-18,208,T1,Pier 2,113,8.9,8.1,International Short-Haul
S25,33,2025-08-18,209,T1,Pier 2,112,8.8,8.2,International Short-Haul
S25,33,2025-08-18,210,T1,Pier 2,121,9.5,7.5,International Short-Haul
S25,33,2025-08-18,211,T1,Pier 2,107,8.4,8.6,International Short-Haul
S25,33,2025-08-18,212,T1,Pier 2,111,8.7,8.3,International Short-Haul
S25,33,2025-08-18,213,T1,Pier 2,118,9.3,7.7,International Short-Haul
S25,33,2025-08-18,214,T1,Pier 2,116,9.1,7.9,International Short-Haul
S25,33,2025-08-18,301,T1,Pier 3,94,8.1,8.9,International Short-Haul
S25,33,2025-08-18,302,T1,Pier 3,96,8.2,8.8,International Short-Haul
S25,33,2025-08-18,303,T1,Pier 3,90,7.7,9.3,International Short-Haul
S25,33,2025-08-18,304,T1,Pier 3,93,8,9,International Short-Haul
S25,33,2025-08-18,305,T1,Pier 3,94,8.1,8.9,International Short-Haul
S25,33,2025-08-18,306,T1,Pier 3,102,8.7,8.3,International Short-Haul
S25,33,2025-08-18,307,T1,Pier 3,91,7.8,9.2,International Short-Haul
S25,33,2025-08-18,308,T1,Pier 3,100,8.6,8.4,International Short-Haul
S25,33,2025-08-18,309,T1,Pier 3,97,8.3,8.7,International Short-Haul
S25,33,2025-08-18,310,T1,Pier 3,88,7.5,9.5,International Short-Haul
S25,33,2025-08-18,311,T1,Pier 3,98,8.4,8.6,International Short-Haul
S25,33,2025-08-18,312,T1,Pier 3,88,7.5,9.5,International Short-Haul
S25,33,2025-08-18,313,T1,Pier 3,103,8.8,8.2,International Short-Haul
S25,33,2025-08-18,314,T1,Pier 3,100,8.6,8.4,International Short-Haul
S25,33,2025-08-18,315,T2,Pier 3,92,7.9,9.1,Transatlantic CBP
S25,33,2025-08-18,316,T2,Pier 3,91,7.8,9.2,Transatlantic CBP
S25,33,2025-08-18,317,T2,Pier 3,93,8,9,Transatlantic CBP
S25,33,2025-08-18,318,T2,Pier 3,93,8,9,Transatlantic CBP
S25,33,2025-08-18,319,T2,Pier 3,93,8,9,Transatlantic CBP
S25,33,2025-08-18,320,T2,Pier 3,92,7.9,9.1,Transatlantic CBP
S25,33,2025-08-18,321,T2,Pier 3,97,8.3,8.7,Transatlantic CBP
S25,33,2025-08-18,322,T2,Pier 3,90,7.7,9.3,Transatlantic CBP
S25,33,2025-08-18,323,T2,Pier 3,100,8.6,8.4,Transatlantic CBP
S25,33,2025-08-18,401,T2,Pier 4,81,13.8,3.2,Transatlantic CBP
S25,33,2025-08-18,402,T2,Pier 4,76,13.1,3.9,Transatlantic CBP
S25,33,2025-08-18,403,T2,Pier 4,81,13.9,3.1,Transatlantic CBP
S25,33,2025-08-18,404,T2,Pier 4,74,12.6,4.4,Transatlantic CBP
S25,33,2025-08-18,405,T2,Pier 4,71,12.1,4.9,Transatlantic CBP
S25,33,2025-08-18,406,T2,Pier 4,78,13.4,3.6,Transatlantic CBP
S25,33,2025-08-18,407,T2,Pier 4,76,13,4,Transatlantic CBP
S25,33,2025-08-18,408,T2,Pier 4,78,13.3,3.7,Transatlantic CBP
S25,33,2025-08-18,409,T2,Pier 4,82,14,3,Transatlantic CBP
S25,33,2025-08-18,410,T2,Pier 4,82,14.1,2.9,Transatlantic CBP
S25,33,2025-08-18,411,T2,Pier 4,78,13.4,3.6,Transatlantic CBP
S25,33,2025-08-18,412,T2,Pier 4,80,13.7,3.3,Transatlantic CBP
S25,33,2025-08-18,413,T2,Pier 4,72,12.3,4.7,Transatlantic CBP
S25,33,2025-08-18,414,T2,Pier 4,72,12.4,4.6,Transatlantic CBP
S25,33,2025-08-18,415,T2,Pier 4,79,13.6,3.4,Transatlantic CBP
S25,33,2025-08-18,416,T2,Pier 4,76,13,4,Transatlantic CBP
S25,33,2025-08-18,417,T2,Pier 4,76,13,4,Transatlantic CBP
S25,33,2025-08-18,418,T2,Pier 4,74,12.7,4.3,Transatlantic CBP
S25,33,2025-08-18,419,T2,Pier 4,78,13.4,3.6,Transatlantic CBP
S25,33,2025-08-18,420,T2,Pier 4,73,12.5,4.5,Transatlantic CBP
S25,33,2025-08-18,421,T2,Pier 4,78,13.4,3.6,Transatlantic CBP
S25,33,2025-08-18,422,T2,Pier 4,73,12.5,4.5,Transatlantic CBP
S25,33,2025-08-18,423,T2,Pier 4,71,12.2,4.8,Transatlantic CBP
S25,33,2025-08-18,424,T2,Pier 4,75,12.8,4.2,Transatlantic CBP
S25,33,2025-08-18,425,T2,Pier 4,74,12.6,4.4,Transatlantic CBP
S25,33,2025-08-18,426,T2,Pier 4,82,14,3,Transatlantic CBP
S25,33,2025-08-18,501,T2,Pier E,49,12.6,4.4,International Long-Haul
S25,33,2025-08-18,502,T2,Pier E,50,12.9,4.1,International Long-Haul
S25,33,2025-08-18,503,T2,Pier E,53,13.7,3.3,International Long-Haul
S25,33,2025-08-18,504,T2,Pier E,52,13.5,3.5,International Long-Haul
S25,33,2025-08-18,505,T2,Pier E,49,12.6,4.4,International Long-Haul
S25,33,2025-08-18,506,T2,Pier E,49,12.5,4.5,International Long-Haul
S25,33,2025-08-18,507,T2,Pier E,57,14.6,2.4,International Long-Haul
S25,33,2025-08-18,508,T2,Pier E,54,13.9,3.1,International Long-Haul
S25,33,2025-08-18,509,T2,Pier E,52,13.3,3.7,International Long-Haul
S25,33,2025-08-18,510,T2,Pier E,52,13.5,3.5,International Long-Haul
S25,33,2025-08-18,511,T2,Pier E,51,13.1,3.9,International Long-Haul
S25,33,2025-08-18,512,T2,Pier E,51,13.2,3.8,International Long-Haul
S25,33,2025-08-18,513,T2,Pier E,54,13.9,3.1,International Long-Haul
S25,33,2025-08-18,514,T2,Pier E,56,14.4,2.6,International Long-Haul
S25,33,2025-08-18,515,T2,Pier E,50,12.9,4.1,International Long-Haul
S25,33,2025-08-18,601,T1,Remote North,50,3.9,13.1,International Short-Haul
S25,33,2025-08-18,602,T1,Remote North,45,3.5,13.5,International Short-Haul
S25,33,2025-08-18,603,T1,Remote North,45,3.5,13.5,International Short-Haul
S25,33,2025-08-18,604,T1,Remote North,43,3.4,13.6,International Short-Haul
S25,33,2025-08-18,605,T1,Remote North,45,3.5,13.5,International Short-Haul
S25,33,2025-08-18,606,T1,Remote North,51,4,13,International Short-Haul
S25,33,2025-08-18,607,T1,Remote North,47,3.7,13.3,International Short-Haul
S25,33,2025-08-18,608,T1,Remote North,45,3.5,13.5,International Short-Haul
S25,33,2025-08-18,609,T1,Remote North,51,4,13,International Short-Haul
S25,33,2025-08-18,610,T1,Remote North,50,3.9,13.1,International Short-Haul
S25,33,2025-08-18,611,T1,Remote North,50,3.9,13.1,International Short-Haul
S25,33,2025-08-18,612,T1,Remote North,51,4,13,International Short-Haul
S25,33,2025-08-18,613,T1,Remote North,45,3.5,13.5,International Short-Haul
S25,33,2025-08-18,614,T1,Remote North,50,3.9,13.1,International Short-Haul
S25,33,2025-08-18,615,T1,Remote North,48,3.8,13.2,International Short-Haul
S25,33,2025-08-18,616,T1,Remote North,50,3.9,13.1,International Short-Haul
S25,33,2025-08-18,617,T1,Remote North,50,3.9,13.1,International Short-Haul
S25,33,2025-08-18,618,T1,Remote North,46,3.6,13.4,International Short-Haul
S25,33,2025-08-18,619,T1,Remote North,50,3.9,13.1,International Short-Haul
S25,33,2025-08-18,620,T1,Remote North,46,3.6,13.4,International Short-Haul
S25,33,2025-08-18,621,T1,Remote North,46,3.6,13.4,International Short-Haul
S25,33,2025-08-18,701,T1,Remote South,8,2.2,14.8,Cargo
S25,33,2025-08-18,702,T1,Remote South,9,2.5,14.5,Cargo
S25,33,2025-08-18,703,T1,Remote South,8,2.3,14.7,Cargo
S25,33,2025-08-18,704,T1,Remote South,8,2.4,14.6,Cargo
S25,33,2025-08-18,705,T1,Remote South,8,2.3,14.7,Cargo
S25,33,2025-08-18,706,T1,Remote South,9,2.6,14.4,Cargo
S25,33,2025-08-18,707,T1,Remote South,8,2.3,14.7,Cargo
S25,33,2025-08-18,708,T1,Remote South,9,2.5,14.5,Cargo
S25,33,2025-08-18,709,T1,Remote South,9,2.5,14.5,Cargo
S25,33,2025-08-18,710,T1,Remote South,8,2.4,14.6,Cargo
S25,33,2025-08-18,711,T1,Remote South,8,2.3,14.7,Cargo
S25,33,2025-08-18,712,T1,Remote South,9,2.5,14.5,Cargo
S25,34,2025-08-25,101,T1,Pier 1,157,11.2,5.8,International Short-Haul
S25,34,2025-08-25,102,T1,Pier 1,154,11,6,International Short-Haul
S25,34,2025-08-25,103,T1,Pier 1,141,10.1,6.9,International Short-Haul
S25,34,2025-08-25,104,T1,Pier 1,157,11.2,5.8,International Short-Haul
S25,34,2025-08-25,105,T1,Pier 1,144,10.3,6.7,International Short-Haul
S25,34,2025-08-25,106,T1,Pier 1,150,10.7,6.3,International Short-Haul
S25,34,2025-08-25,107,T1,Pier 1,155,11.1,5.9,International Short-Haul
S25,34,2025-08-25,108,T1,Pier 1,140,10,7,International Short-Haul
S25,34,2025-08-25,109,T1,Pier 1,154,11,6,International Short-Haul
S25,34,2025-08-25,110,T1,Pier 1,150,10.7,6.3,International Short-Haul
S25,34,2025-08-25,111,T1,Pier 1,157,11.2,5.8,International Short-Haul
S25,34,2025-08-25,112,T1,Pier 1,140,10,7,International Short-Haul
S25,34,2025-08-25,113,T1,Pier 1,146,10.4,6.6,International Short-Haul
S25,34,2025-08-25,114,T1,Pier 1,155,11.1,5.9,International Short-Haul
S25,34,2025-08-25,115,T1,Pier 1,136,9.7,7.3,International Short-Haul
S25,34,2025-08-25,116,T1,Pier 1,139,9.9,7.1,International Short-Haul
S25,34,2025-08-25,117,T1,Pier 1,160,11.4,5.6,International Short-Haul
S25,34,2025-08-25,118,T1,Pier 1,143,10.2,6.8,International Short-Haul
S25,34,2025-08-25,119,T1,Pier 1,158,11.3,5.7,International Short-Haul
S25,34,2025-08-25,201,T1,Pier 2,108,8.5,8.5,International Short-Haul
S25,34,2025-08-25,202,T1,Pier 2,111,8.7,8.3,International Short-Haul
S25,34,2025-08-25,203,T1,Pier 2,118,9.3,7.7,International Short-Haul
S25,34,2025-08-25,204,T1,Pier 2,117,9.2,7.8,International Short-Haul
S25,34,2025-08-25,205,T1,Pier 2,116,9.1,7.9,International Short-Haul
S25,34,2025-08-25,206,T1,Pier 2,115,9,8,International Short-Haul
S25,34,2025-08-25,207,T1,Pier 2,120,9.4,7.6,International Short-Haul
S25,34,2025-08-25,208,T1,Pier 2,109,8.6,8.4,International Short-Haul
S25,34,2025-08-25,209,T1,Pier 2,113,8.9,8.1,International Short-Haul
S25,34,2025-08-25,210,T1,Pier 2,107,8.4,8.6,International Short-Haul
S25,34,2025-08-25,211,T1,Pier 2,116,9.1,7.9,International Short-Haul
S25,34,2025-08-25,212,T1,Pier 2,109,8.6,8.4,International Short-Haul
S25,34,2025-08-25,213,T1,Pier 2,111,8.7,8.3,International Short-Haul
S25,34,2025-08-25,214,T1,Pier 2,113,8.9,8.1,International Short-Haul
S25,34,2025-08-25,301,T1,Pier 3,88,7.5,9.5,International Short-Haul
S25,34,2025-08-25,302,T1,Pier 3,89,7.6,9.4,International Short-Haul
S25,34,2025-08-25,303,T1,Pier 3,97,8.3,8.7,International Short-Haul
S25,34,2025-08-25,304,T1,Pier 3,93,8,9,International Short-Haul
S25,34,2025-08-25,305,T1,Pier 3,99,8.5,8.5,International Short-Haul
S25,34,2025-08-25,306,T1,Pier 3,97,8.3,8.7,International Short-Haul
S25,34,2025-08-25,307,T1,Pier 3,86,7.4,9.6,International Short-Haul
S25,34,2025-08-25,308,T1,Pier 3,96,8.2,8.8,International Short-Haul
S25,34,2025-08-25,309,T1,Pier 3,89,7.6,9.4,International Short-Haul
S25,34,2025-08-25,310,T1,Pier 3,98,8.4,8.6,International Short-Haul
S25,34,2025-08-25,311,T1,Pier 3,102,8.7,8.3,International Short-Haul
S25,34,2025-08-25,312,T1,Pier 3,94,8.1,8.9,International Short-Haul
S25,34,2025-08-25,313,T1,Pier 3,97,8.3,8.7,International Short-Haul
S25,34,2025-08-25,314,T1,Pier 3,90,7.7,9.3,International Short-Haul
S25,34,2025-08-25,315,T2,Pier 3,93,8,9,Transatlantic CBP
S25,34,2025-08-25,316,T2,Pier 3,99,8.5,8.5,Transatlantic CBP
S25,34,2025-08-25,317,T2,Pier 3,89,7.6,9.4,Transatlantic CBP
S25,34,2025-08-25,318,T2,Pier 3,91,7.8,9.2,Transatlantic CBP
S25,34,2025-08-25,319,T2,Pier 3,93,8,9,Transatlantic CBP
S25,34,2025-08-25,320,T2,Pier 3,98,8.4,8.6,Transatlantic CBP
S25,34,2025-08-25,321,T2,Pier 3,92,7.9,9.1,Transatlantic CBP
S25,34,2025-08-25,322,T2,Pier 3,100,8.6,8.4,Transatlantic CBP
S25,34,2025-08-25,323,T2,Pier 3,89,7.6,9.4,Transatlantic CBP
S25,34,2025-08-25,401,T2,Pier 4,75,12.8,4.2,Transatlantic CBP
S25,34,2025-08-25,402,T2,Pier 4,79,13.5,3.5,Transatlantic CBP
S25,34,2025-08-25,403,T2,Pier 4,73,12.5,4.5,Transatlantic CBP
S25,34,2025-08-25,404,T2,Pier 4,78,13.4,3.6,Transatlantic CBP
S25,34,2025-08-25,405,T2,Pier 4,72,12.3,4.7,Transatlantic CBP
S25,34,2025-08-25,406,T2,Pier 4,71,12.1,4.9,Transatlantic CBP
S25,34,2025-08-25,407,T2,Pier 4,72,12.3,4.7,Transatlantic CBP
S25,34,2025-08-25,408,T2,Pier 4,81,13.9,3.1,Transatlantic CBP
S25,34,2025-08-25,409,T2,Pier 4,76,13.1,3.9,Transatlantic CBP
S25,34,2025-08-25,410,T2,Pier 4,80,13.7,3.3,Transatlantic CBP
S25,34,2025-08-25,411,T2,Pier 4,74,12.7,4.3,Transatlantic CBP
S25,34,2025-08-25,412,T2,Pier 4,77,13.2,3.8,Transatlantic CBP
S25,34,2025-08-25,413,T2,Pier 4,76,13,4,Transatlantic CBP
S25,34,2025-08-25,414,T2,Pier 4,82,14,3,Transatlantic CBP
S25,34,2025-08-25,415,T2,Pier 4,79,13.6,3.4,Transatlantic CBP
S25,34,2025-08-25,416,T2,Pier 4,79,13.5,3.5,Transatlantic CBP
S25,34,2025-08-25,417,T2,Pier 4,71,12.1,4.9,Transatlantic CBP
S25,34,2025-08-25,418,T2,Pier 4,76,13.1,3.9,Transatlantic CBP
S25,34,2025-08-25,419,T2,Pier 4,76,13,4,Transatlantic CBP
S25,34,2025-08-25,420,T2,Pier 4,81,13.9,3.1,Transatlantic CBP
S25,34,2025-08-25,421,T2,Pier 4,73,12.5,4.5,Transatlantic CBP
S25,34,2025-08-25,422,T2,Pier 4,74,12.6,4.4,Transatlantic CBP
S25,34,2025-08-25,423,T2,Pier 4,75,12.9,4.1,Transatlantic CBP
S25,34,2025-08-25,424,T2,Pier 4,73,12.5,4.5,Transatlantic CBP
S25,34,2025-08-25,425,T2,Pier 4,72,12.3,4.7,Transatlantic CBP
S25,34,2025-08-25,426,T2,Pier 4,81,13.8,3.2,Transatlantic CBP
S25,34,2025-08-25,501,T2,Pier E,53,13.6,3.4,International Long-Haul
S25,34,2025-08-25,502,T2,Pier E,55,14.2,2.8,International Long-Haul
S25,34,2025-08-25,503,T2,Pier E,55,14.2,2.8,International Long-Haul
S25,34,2025-08-25,504,T2,Pier E,51,13,4,International Long-Haul
S25,34,2025-08-25,505,T2,Pier E,53,13.6,3.4,International Long-Haul
S25,34,2025-08-25,506,T2,Pier E,49,12.6,4.4,International Long-Haul
S25,34,2025-08-25,507,T2,Pier E,56,14.4,2.6,International Long-Haul
S25,34,2025-08-25,508,T2,Pier E,52,13.3,3.7,International Long-Haul
S25,34,2025-08-25,509,T2,Pier E,51,13.2,3.8,International Long-Haul
S25,34,2025-08-25,510,T2,Pier E,51,13,4,International Long-Haul
S25,34,2025-08-25,511,T2,Pier E,52,13.4,3.6,International Long-Haul
S25,34,2025-08-25,512,T2,Pier E,50,12.9,4.1,International Long-Haul
S25,34,2025-08-25,513,T2,Pier E,51,13.2,3.8,International Long-Haul
S25,34,2025-08-25,514,T2,Pier E,55,14.1,2.9,International Long-Haul
S25,34,2025-08-25,515,T2,Pier E,55,14.2,2.8,International Long-Haul
S25,34,2025-08-25,601,T1,Remote North,46,3.6,13.4,International Short-Haul
S25,34,2025-08-25,602,T1,Remote North,47,3.7,13.3,International Short-Haul
S25,34,2025-08-25,603,T1,Remote North,50,3.9,13.1,International Short-Haul
S25,34,2025-08-25,604,T1,Remote North,43,3.4,13.6,International Short-Haul
S25,34,2025-08-25,605,T1,Remote North,50,3.9,13.1,International Short-Haul
S25,34,2025-08-25,606,T1,Remote North,45,3.5,13.5,International Short-Haul
S25,34,2025-08-25,607,T1,Remote North,48,3.8,13.2,International Short-Haul
S25,34,2025-08-25,608,T1,Remote North,47,3.7,13.3,International Short-Haul
S25,34,2025-08-25,609,T1,Remote North,47,3.7,13.3,International Short-Haul
S25,34,2025-08-25,610,T1,Remote North,50,3.9,13.1,International Short-Haul
S25,34,2025-08-25,611,T1,Remote North,45,3.5,13.5,International Short-Haul
S25,34,2025-08-25,612,T1,Remote North,46,3.6,13.4,International Short-Haul
S25,34,2025-08-25,613,T1,Remote North,47,3.7,13.3,International Short-Haul
S25,34,2025-08-25,614,T1,Remote North,50,3.9,13.1,International Short-Haul
S25,34,2025-08-25,615,T1,Remote North,45,3.5,13.5,International Short-Haul
S25,34,2025-08-25,616,T1,Remote North,50,3.9,13.1,International Short-Haul
S25,34,2025-08-25,617,T1,Remote North,46,3.6,13.4,International Short-Haul
S25,34,2025-08-25,618,T1,Remote North,45,3.5,13.5,International Short-Haul
S25,34,2025-08-25,619,T1,Remote North,48,3.8,13.2,International Short-Haul
S25,34,2025-08-25,620,T1,Remote North,43,3.4,13.6,International Short-Haul
S25,34,2025-08-25,621,T1,Remote North,47,3.7,13.3,International Short-Haul
S25,34,2025-08-25,701,T1,Remote South,8,2.2,14.8,Cargo
S25,34,2025-08-25,702,T1,Remote South,8,2.3,14.7,Cargo
S25,34,2025-08-25,703,T1,Remote South,8,2.4,14.6,Cargo
S25,34,2025-08-25,704,T1,Remote South,8,2.4,14.6,Cargo
S25,34,2025-08-25,705,T1,Remote South,8,2.3,14.7,Cargo
S25,34,2025-08-25,706,T1,Remote South,8,2.3,14.7,Cargo
S25,34,2025-08-25,707,T1,Remote South,8,2.3,14.7,Cargo
S25,34,2025-08-25,708,T1,Remote South,8,2.3,14.7,Cargo
S25,34,2025-08-25,709,T1,Remote South,9,2.5,14.5,Cargo
S25,34,2025-08-25,710,T1,Remote South,9,2.5,14.5,Cargo
S25,34,2025-08-25,711,T1,Remote South,8,2.2,14.8,Cargo
S25,34,2025-08-25,712,T1,Remote South,8,2.2,14.8,Cargo
S25,35,2025-09-01,101,T1,Pier 1,151,10.8,6.2,International Short-Haul
S25,35,2025-09-01,102,T1,Pier 1,143,10.2,6.8,International Short-Haul
S25,35,2025-09-01,103,T1,Pier 1,143,10.2,6.8,International Short-Haul
S25,35,2025-09-01,104,T1,Pier 1,148,10.6,6.4,International Short-Haul
S25,35,2025-09-01,105,T1,Pier 1,137,9.8,7.2,International Short-Haul
S25,35,2025-09-01,106,T1,Pier 1,141,10.1,6.9,International Short-Haul
S25,35,2025-09-01,107,T1,Pier 1,153,10.9,6.1,International Short-Haul
S25,35,2025-09-01,108,T1,Pier 1,146,10.4,6.6,International Short-Haul
S25,35,2025-09-01,109,T1,Pier 1,134,9.6,7.4,International Short-Haul
S25,35,2025-09-01,110,T1,Pier 1,133,9.5,7.5,International Short-Haul
S25,35,2025-09-01,111,T1,Pier 1,136,9.7,7.3,International Short-Haul
S25,35,2025-09-01,112,T1,Pier 1,148,10.6,6.4,International Short-Haul
S25,35,2025-09-01,113,T1,Pier 1,137,9.8,7.2,International Short-Haul
S25,35,2025-09-01,114,T1,Pier 1,132,9.4,7.6,International Short-Haul
S25,35,2025-09-01,115,T1,Pier 1,153,10.9,6.1,International Short-Haul
S25,35,2025-09-01,116,T1,Pier 1,134,9.6,7.4,International Short-Haul
S25,35,2025-09-01,117,T1,Pier 1,130,9.3,7.7,International Short-Haul
S25,35,2025-09-01,118,T1,Pier 1,136,9.7,7.3,International Short-Haul
S25,35,2025-09-01,119,T1,Pier 1,136,9.7,7.3,International Short-Haul
S25,35,2025-09-01,201,T1,Pier 2,108,8.5,8.5,International Short-Haul
S25,35,2025-09-01,202,T1,Pier 2,117,9.2,7.8,International Short-Haul
S25,35,2025-09-01,203,T1,Pier 2,116,9.1,7.9,International Short-Haul
S25,35,2025-09-01,204,T1,Pier 2,109,8.6,8.4,International Short-Haul
S25,35,2025-09-01,205,T1,Pier 2,108,8.5,8.5,International Short-Haul
S25,35,2025-09-01,206,T1,Pier 2,111,8.7,8.3,International Short-Haul
S25,35,2025-09-01,207,T1,Pier 2,106,8.3,8.7,International Short-Haul
S25,35,2025-09-01,208,T1,Pier 2,102,8,9,International Short-Haul
S25,35,2025-09-01,209,T1,Pier 2,117,9.2,7.8,International Short-Haul
S25,35,2025-09-01,210,T1,Pier 2,104,8.2,8.8,International Short-Haul
S25,35,2025-09-01,211,T1,Pier 2,104,8.2,8.8,International Short-Haul
S25,35,2025-09-01,212,T1,Pier 2,109,8.6,8.4,International Short-Haul
S25,35,2025-09-01,213,T1,Pier 2,109,8.6,8.4,International Short-Haul
S25,35,2025-09-01,214,T1,Pier 2,101,7.9,9.1,International Short-Haul
S25,35,2025-09-01,301,T1,Pier 3,85,7.3,9.7,International Short-Haul
S25,35,2025-09-01,302,T1,Pier 3,89,7.6,9.4,International Short-Haul
S25,35,2025-09-01,303,T1,Pier 3,93,8,9,International Short-Haul
S25,35,2025-09-01,304,T1,Pier 3,86,7.4,9.6,International Short-Haul
S25,35,2025-09-01,305,T1,Pier 3,90,7.7,9.3,International Short-Haul
S25,35,2025-09-01,306,T1,Pier 3,92,7.9,9.1,International Short-Haul
S25,35,2025-09-01,307,T1,Pier 3,97,8.3,8.7,International Short-Haul
S25,35,2025-09-01,308,T1,Pier 3,89,7.6,9.4,International Short-Haul
S25,35,2025-09-01,309,T1,Pier 3,85,7.3,9.7,International Short-Haul
S25,35,2025-09-01,310,T1,Pier 3,91,7.8,9.2,International Short-Haul
S25,35,2025-09-01,311,T1,Pier 3,94,8.1,8.9,International Short-Haul
S25,35,2025-09-01,312,T1,Pier 3,85,7.3,9.7,International Short-Haul
S25,35,2025-09-01,313,T1,Pier 3,90,7.7,9.3,International Short-Haul
S25,35,2025-09-01,314,T1,Pier 3,84,7.2,9.8,International Short-Haul
S25,35,2025-09-01,315,T2,Pier 3,84,7.2,9.8,Transatlantic CBP
S25,35,2025-09-01,316,T2,Pier 3,91,7.8,9.2,Transatlantic CBP
S25,35,2025-09-01,317,T2,Pier 3,88,7.5,9.5,Transatlantic CBP
S25,35,2025-09-01,318,T2,Pier 3,96,8.2,8.8,Transatlantic CBP
S25,35,2025-09-01,319,T2,Pier 3,92,7.9,9.1,Transatlantic CBP
S25,35,2025-09-01,320,T2,Pier 3,90,7.7,9.3,Transatlantic CBP
S25,35,2025-09-01,321,T2,Pier 3,90,7.7,9.3,Transatlantic CBP
S25,35,2025-09-01,322,T2,Pier 3,91,7.8,9.2,Transatlantic CBP
S25,35,2025-09-01,323,T2,Pier 3,84,7.2,9.8,Transatlantic CBP
S25,35,2025-09-01,401,T2,Pier 4,78,13.3,3.7,Transatlantic CBP
S25,35,2025-09-01,402,T2,Pier 4,79,13.6,3.4,Transatlantic CBP
S25,35,2025-09-01,403,T2,Pier 4,69,11.9,5.1,Transatlantic CBP
S25,35,2025-09-01,404,T2,Pier 4,69,11.8,5.2,Transatlantic CBP
S25,35,2025-09-01,405,T2,Pier 4,69,11.8,5.2,Transatlantic CBP
S25,35,2025-09-01,406,T2,Pier 4,75,12.9,4.1,Transatlantic CBP
S25,35,2025-09-01,407,T2,Pier 4,75,12.9,4.1,Transatlantic CBP
S25,35,2025-09-01,408,T2,Pier 4,78,13.3,3.7,Transatlantic CBP
S25,35,2025-09-01,409,T2,Pier 4,76,13.1,3.9,Transatlantic CBP
S25,35,2025-09-01,410,T2,Pier 4,73,12.5,4.5,Transatlantic CBP
S25,35,2025-09-01,411,T2,Pier 4,75,12.8,4.2,Transatlantic CBP
S25,35,2025-09-01,412,T2,Pier 4,75,12.9,4.1,Transatlantic CBP
S25,35,2025-09-01,413,T2,Pier 4,74,12.6,4.4,Transatlantic CBP
S25,35,2025-09-01,414,T2,Pier 4,73,12.5,4.5,Transatlantic CBP
S25,35,2025-09-01,415,T2,Pier 4,75,12.8,4.2,Transatlantic CBP
S25,35,2025-09-01,416,T2,Pier 4,74,12.7,4.3,Transatlantic CBP
S25,35,2025-09-01,417,T2,Pier 4,75,12.8,4.2,Transatlantic CBP
S25,35,2025-09-01,418,T2,Pier 4,75,12.8,4.2,Transatlantic CBP
S25,35,2025-09-01,419,T2,Pier 4,76,13,4,Transatlantic CBP
S25,35,2025-09-01,420,T2,Pier 4,75,12.8,4.2,Transatlantic CBP
S25,35,2025-09-01,421,T2,Pier 4,74,12.6,4.4,Transatlantic CBP
S25,35,2025-09-01,422,T2,Pier 4,75,12.9,4.1,Transatlantic CBP
S25,35,2025-09-01,423,T2,Pier 4,73,12.5,4.5,Transatlantic CBP
S25,35,2025-09-01,424,T2,Pier 4,70,12,5,Transatlantic CBP
S25,35,2025-09-01,425,T2,Pier 4,68,11.6,5.4,Transatlantic CBP
S25,35,2025-09-01,426,T2,Pier 4,74,12.7,4.3,Transatlantic CBP
S25,35,2025-09-01,501,T2,Pier E,51,13.2,3.8,International Long-Haul
S25,35,2025-09-01,502,T2,Pier E,54,13.9,3.1,International Long-Haul
S25,35,2025-09-01,503,T2,Pier E,49,12.7,4.3,International Long-Haul
S25,35,2025-09-01,504,T2,Pier E,49,12.7,4.3,International Long-Haul
S25,35,2025-09-01,505,T2,Pier E,48,12.3,4.7,International Long-Haul
S25,35,2025-09-01,506,T2,Pier E,47,12.1,4.9,International Long-Haul
S25,35,2025-09-01,507,T2,Pier E,52,13.5,3.5,International Long-Haul
S25,35,2025-09-01,508,T2,Pier E,48,12.4,4.6,International Long-Haul
S25,35,2025-09-01,509,T2,Pier E,51,13.2,3.8,International Long-Haul
S25,35,2025-09-01,510,T2,Pier E,52,13.4,3.6,International Long-Haul
S25,35,2025-09-01,511,T2,Pier E,50,12.9,4.1,International Long-Haul
S25,35,2025-09-01,512,T2,Pier E,53,13.7,3.3,International Long-Haul
S25,35,2025-09-01,513,T2,Pier E,50,12.9,4.1,International Long-Haul
S25,35,2025-09-01,514,T2,Pier E,49,12.5,4.5,International Long-Haul
S25,35,2025-09-01,515,T2,Pier E,54,13.8,3.2,International Long-Haul
S25,35,2025-09-01,601,T1,Remote North,48,3.8,13.2,International Short-Haul
S25,35,2025-09-01,602,T1,Remote North,43,3.4,13.6,International Short-Haul
S25,35,2025-09-01,603,T1,Remote North,42,3.3,13.7,International Short-Haul
S25,35,2025-09-01,604,T1,Remote North,42,3.3,13.7,International Short-Haul
S25,35,2025-09-01,605,T1,Remote North,43,3.4,13.6,International Short-Haul
S25,35,2025-09-01,606,T1,Remote North,48,3.8,13.2,International Short-Haul
S25,35,2025-09-01,607,T1,Remote North,46,3.6,13.4,International Short-Haul
S25,35,2025-09-01,608,T1,Remote North,45,3.5,13.5,International Short-Haul
S25,35,2025-09-01,609,T1,Remote North,48,3.8,13.2,International Short-Haul
S25,35,2025-09-01,610,T1,Remote North,45,3.5,13.5,International Short-Haul
S25,35,2025-09-01,611,T1,Remote North,43,3.4,13.6,International Short-Haul
S25,35,2025-09-01,612,T1,Remote North,48,3.8,13.2,International Short-Haul
S25,35,2025-09-01,613,T1,Remote North,47,3.7,13.3,International Short-Haul
S25,35,2025-09-01,614,T1,Remote North,47,3.7,13.3,International Short-Haul
S25,35,2025-09-01,615,T1,Remote North,46,3.6,13.4,International Short-Haul
S25,35,2025-09-01,616,T1,Remote North,47,3.7,13.3,International Short-Haul
S25,35,2025-09-01,617,T1,Remote North,43,3.4,13.6,International Short-Haul
S25,35,2025-09-01,618,T1,Remote North,46,3.6,13.4,International Short-Haul
S25,35,2025-09-01,619,T1,Remote North,48,3.8,13.2,International Short-Haul
S25,35,2025-09-01,620,T1,Remote North,43,3.4,13.6,International Short-Haul
S25,35,2025-09-01,621,T1,Remote North,47,3.7,13.3,International Short-Haul
S25,35,2025-09-01,701,T1,Remote South,8,2.3,14.7,Cargo
S25,35,2025-09-01,702,T1,Remote South,7,2.1,14.9,Cargo
S25,35,2025-09-01,703,T1,Remote South,8,2.4,14.6,Cargo
S25,35,2025-09-01,704,T1,Remote South,8,2.2,14.8,Cargo
S25,35,2025-09-01,705,T1,Remote South,8,2.3,14.7,Cargo
S25,35,2025-09-01,706,T1,Remote South,7,2.1,14.9,Cargo
S25,35,2025-09-01,707,T1,Remote South,8,2.4,14.6,Cargo
S25,35,2025-09-01,708,T1,Remote South,8,2.2,14.8,Cargo
S25,35,2025-09-01,709,T1,Remote South,8,2.2,14.8,Cargo
S25,35,2025-09-01,710,T1,Remote South,7,2.1,14.9,Cargo
S25,35,2025-09-01,711,T1,Remote South,8,2.4,14.6,Cargo
S25,35,2025-09-01,712,T1,Remote South,8,2.4,14.6,Cargo
S25,36,2025-09-08,101,T1,Pier 1,130,9.3,7.7,International Short-Haul
S25,36,2025-09-08,102,T1,Pier 1,126,9,8,International Short-Haul
S25,36,2025-09-08,103,T1,Pier 1,125,8.9,8.1,International Short-Haul
S25,36,2025-09-08,104,T1,Pier 1,118,8.4,8.6,International Short-Haul
S25,36,2025-09-08,105,T1,Pier 1,127,9.1,7.9,International Short-Haul
S25,36,2025-09-08,106,T1,Pier 1,120,8.6,8.4,International Short-Haul
S25,36,2025-09-08,107,T1,Pier 1,136,9.7,7.3,International Short-Haul
S25,36,2025-09-08,108,T1,Pier 1,132,9.4,7.6,International Short-Haul
S25,36,2025-09-08,109,T1,Pier 1,123,8.8,8.2,International Short-Haul
S25,36,2025-09-08,110,T1,Pier 1,119,8.5,8.5,International Short-Haul
S25,36,2025-09-08,111,T1,Pier 1,132,9.4,7.6,International Short-Haul
S25,36,2025-09-08,112,T1,Pier 1,118,8.4,8.6,International Short-Haul
S25,36,2025-09-08,113,T1,Pier 1,119,8.5,8.5,International Short-Haul
S25,36,2025-09-08,114,T1,Pier 1,120,8.6,8.4,International Short-Haul
S25,36,2025-09-08,115,T1,Pier 1,127,9.1,7.9,International Short-Haul
S25,36,2025-09-08,116,T1,Pier 1,132,9.4,7.6,International Short-Haul
S25,36,2025-09-08,117,T1,Pier 1,122,8.7,8.3,International Short-Haul
S25,36,2025-09-08,118,T1,Pier 1,118,8.4,8.6,International Short-Haul
S25,36,2025-09-08,119,T1,Pier 1,125,8.9,8.1,International Short-Haul
S25,36,2025-09-08,201,T1,Pier 2,101,7.9,9.1,International Short-Haul
S25,36,2025-09-08,202,T1,Pier 2,93,7.3,9.7,International Short-Haul
S25,36,2025-09-08,203,T1,Pier 2,93,7.3,9.7,International Short-Haul
S25,36,2025-09-08,204,T1,Pier 2,104,8.2,8.8,International Short-Haul
S25,36,2025-09-08,205,T1,Pier 2,104,8.2,8.8,International Short-Haul
S25,36,2025-09-08,206,T1,Pier 2,104,8.2,8.8,International Short-Haul
S25,36,2025-09-08,207,T1,Pier 2,102,8,9,International Short-Haul
S25,36,2025-09-08,208,T1,Pier 2,92,7.2,9.8,International Short-Haul
S25,36,2025-09-08,209,T1,Pier 2,93,7.3,9.7,International Short-Haul
S25,36,2025-09-08,210,T1,Pier 2,94,7.4,9.6,International Short-Haul
S25,36,2025-09-08,211,T1,Pier 2,94,7.4,9.6,International Short-Haul
S25,36,2025-09-08,212,T1,Pier 2,104,8.2,8.8,International Short-Haul
S25,36,2025-09-08,213,T1,Pier 2,102,8,9,International Short-Haul
S25,36,2025-09-08,214,T1,Pier 2,101,7.9,9.1,International Short-Haul
S25,36,2025-09-08,301,T1,Pier 3,76,6.5,10.5,International Short-Haul
S25,36,2025-09-08,302,T1,Pier 3,85,7.3,9.7,International Short-Haul
S25,36,2025-09-08,303,T1,Pier 3,84,7.2,9.8,International Short-Haul
S25,36,2025-09-08,304,T1,Pier 3,76,6.5,10.5,International Short-Haul
S25,36,2025-09-08,305,T1,Pier 3,85,7.3,9.7,International Short-Haul
S25,36,2025-09-08,306,T1,Pier 3,77,6.6,10.4,International Short-Haul
S25,36,2025-09-08,307,T1,Pier 3,75,6.4,10.6,International Short-Haul
S25,36,2025-09-08,308,T1,Pier 3,83,7.1,9.9,International Short-Haul
S25,36,2025-09-08,309,T1,Pier 3,83,7.1,9.9,International Short-Haul
S25,36,2025-09-08,310,T1,Pier 3,75,6.4,10.6,International Short-Haul
S25,36,2025-09-08,311,T1,Pier 3,78,6.7,10.3,International Short-Haul
S25,36,2025-09-08,312,T1,Pier 3,86,7.4,9.6,International Short-Haul
S25,36,2025-09-08,313,T1,Pier 3,83,7.1,9.9,International Short-Haul
S25,36,2025-09-08,314,T1,Pier 3,83,7.1,9.9,International Short-Haul
S25,36,2025-09-08,315,T2,Pier 3,77,6.6,10.4,Transatlantic CBP
S25,36,2025-09-08,316,T2,Pier 3,75,6.4,10.6,Transatlantic CBP
S25,36,2025-09-08,317,T2,Pier 3,77,6.6,10.4,Transatlantic CBP
S25,36,2025-09-08,318,T2,Pier 3,77,6.6,10.4,Transatlantic CBP
S25,36,2025-09-08,319,T2,Pier 3,77,6.6,10.4,Transatlantic CBP
S25,36,2025-09-08,320,T2,Pier 3,76,6.5,10.5,Transatlantic CBP
S25,36,2025-09-08,321,T2,Pier 3,82,7,10,Transatlantic CBP
S25,36,2025-09-08,322,T2,Pier 3,78,6.7,10.3,Transatlantic CBP
S25,36,2025-09-08,323,T2,Pier 3,84,7.2,9.8,Transatlantic CBP
S25,36,2025-09-08,401,T2,Pier 4,61,10.5,6.5,Transatlantic CBP
S25,36,2025-09-08,402,T2,Pier 4,64,11,6,Transatlantic CBP
S25,36,2025-09-08,403,T2,Pier 4,60,10.2,6.8,Transatlantic CBP
S25,36,2025-09-08,404,T2,Pier 4,65,11.1,5.9,Transatlantic CBP
S25,36,2025-09-08,405,T2,Pier 4,60,10.3,6.7,Transatlantic CBP
S25,36,2025-09-08,406,T2,Pier 4,70,12,5,Transatlantic CBP
S25,36,2025-09-08,407,T2,Pier 4,68,11.6,5.4,Transatlantic CBP
S25,36,2025-09-08,408,T2,Pier 4,65,11.1,5.9,Transatlantic CBP
S25,36,2025-09-08,409,T2,Pier 4,61,10.4,6.6,Transatlantic CBP
S25,36,2025-09-08,410,T2,Pier 4,66,11.3,5.7,Transatlantic CBP
S25,36,2025-09-08,411,T2,Pier 4,68,11.6,5.4,Transatlantic CBP
S25,36,2025-09-08,412,T2,Pier 4,62,10.6,6.4,Transatlantic CBP
S25,36,2025-09-08,413,T2,Pier 4,65,11.2,5.8,Transatlantic CBP
S25,36,2025-09-08,414,T2,Pier 4,68,11.7,5.3,Transatlantic CBP
S25,36,2025-09-08,415,T2,Pier 4,68,11.6,5.4,Transatlantic CBP
S25,36,2025-09-08,416,T2,Pier 4,68,11.6,5.4,Transatlantic CBP
S25,36,2025-09-08,417,T2,Pier 4,69,11.8,5.2,Transatlantic CBP
S25,36,2025-09-08,418,T2,Pier 4,69,11.9,5.1,Transatlantic CBP
S25,36,2025-09-08,419,T2,Pier 4,64,10.9,6.1,Transatlantic CBP
S25,36,2025-09-08,420,T2,Pier 4,65,11.2,5.8,Transatlantic CBP
S25,36,2025-09-08,421,T2,Pier 4,68,11.6,5.4,Transatlantic CBP
S25,36,2025-09-08,422,T2,Pier 4,67,11.5,5.5,Transatlantic CBP
S25,36,2025-09-08,423,T2,Pier 4,70,12,5,Transatlantic CBP
S25,36,2025-09-08,424,T2,Pier 4,60,10.2,6.8,Transatlantic CBP
S25,36,2025-09-08,425,T2,Pier 4,64,10.9,6.1,Transatlantic CBP
S25,36,2025-09-08,426,T2,Pier 4,62,10.7,6.3,Transatlantic CBP
S25,36,2025-09-08,501,T2,Pier E,43,11,6,International Long-Haul
S25,36,2025-09-08,502,T2,Pier E,43,11,6,International Long-Haul
S25,36,2025-09-08,503,T2,Pier E,46,11.9,5.1,International Long-Haul
S25,36,2025-09-08,504,T2,Pier E,42,10.7,6.3,International Long-Haul
S25,36,2025-09-08,505,T2,Pier E,46,11.9,5.1,International Long-Haul
S25,36,2025-09-08,506,T2,Pier E,46,11.8,5.2,International Long-Haul
S25,36,2025-09-08,507,T2,Pier E,43,11,6,International Long-Haul
S25,36,2025-09-08,508,T2,Pier E,43,11,6,International Long-Haul
S25,36,2025-09-08,509,T2,Pier E,45,11.7,5.3,International Long-Haul
S25,36,2025-09-08,510,T2,Pier E,47,12,5,International Long-Haul
S25,36,2025-09-08,511,T2,Pier E,47,12.2,4.8,International Long-Haul
S25,36,2025-09-08,512,T2,Pier E,47,12.1,4.9,International Long-Haul
S25,36,2025-09-08,513,T2,Pier E,48,12.3,4.7,International Long-Haul
S25,36,2025-09-08,514,T2,Pier E,45,11.6,5.4,International Long-Haul
S25,36,2025-09-08,515,T2,Pier E,47,12.2,4.8,International Long-Haul
S25,36,2025-09-08,601,T1,Remote North,42,3.3,13.7,International Short-Haul
S25,36,2025-09-08,602,T1,Remote North,42,3.3,13.7,International Short-Haul
S25,36,2025-09-08,603,T1,Remote North,37,2.9,14.1,International Short-Haul
S25,36,2025-09-08,604,T1,Remote North,43,3.4,13.6,International Short-Haul
S25,36,2025-09-08,605,T1,Remote North,39,3.1,13.9,International Short-Haul
S25,36,2025-09-08,606,T1,Remote North,42,3.3,13.7,International Short-Haul
S25,36,2025-09-08,607,T1,Remote North,38,3,14,International Short-Haul
S25,36,2025-09-08,608,T1,Remote North,39,3.1,13.9,International Short-Haul
S25,36,2025-09-08,609,T1,Remote North,38,3,14,International Short-Haul
S25,36,2025-09-08,610,T1,Remote North,38,3,14,International Short-Haul
S25,36,2025-09-08,611,T1,Remote North,38,3,14,International Short-Haul
S25,36,2025-09-08,612,T1,Remote North,42,3.3,13.7,International Short-Haul
S25,36,2025-09-08,613,T1,Remote North,37,2.9,14.1,International Short-Haul
S25,36,2025-09-08,614,T1,Remote North,38,3,14,International Short-Haul
S25,36,2025-09-08,615,T1,Remote North,38,3,14,International Short-Haul
S25,36,2025-09-08,616,T1,Remote North,41,3.2,13.8,International Short-Haul
S25,36,2025-09-08,617,T1,Remote North,38,3,14,International Short-Haul
S25,36,2025-09-08,618,T1,Remote North,38,3,14,International Short-Haul
S25,36,2025-09-08,619,T1,Remote North,39,3.1,13.9,International Short-Haul
S25,36,2025-09-08,620,T1,Remote North,41,3.2,13.8,International Short-Haul
S25,36,2025-09-08,621,T1,Remote North,37,2.9,14.1,International Short-Haul
S25,36,2025-09-08,701,T1,Remote South,7,1.9,15.1,Cargo
S25,36,2025-09-08,702,T1,Remote South,7,1.9,15.1,Cargo
S25,36,2025-09-08,703,T1,Remote South,8,2.2,14.8,Cargo
S25,36,2025-09-08,704,T1,Remote South,7,2,15,Cargo
S25,36,2025-09-08,705,T1,Remote South,7,2,15,Cargo
S25,36,2025-09-08,706,T1,Remote South,7,1.9,15.1,Cargo
S25,36,2025-09-08,707,T1,Remote South,7,2,15,Cargo
S25,36,2025-09-08,708,T1,Remote South,7,1.9,15.1,Cargo
S25,36,2025-09-08,709,T1,Remote South,7,1.9,15.1,Cargo
S25,36,2025-09-08,710,T1,Remote South,7,2,15,Cargo
S25,36,2025-09-08,711,T1,Remote South,7,2,15,Cargo
S25,36,2025-09-08,712,T1,Remote South,7,1.9,15.1,Cargo
S25,37,2025-09-15,101,T1,Pier 1,126,9,8,International Short-Haul
S25,37,2025-09-15,102,T1,Pier 1,132,9.4,7.6,International Short-Haul
S25,37,2025-09-15,103,T1,Pier 1,120,8.6,8.4,International Short-Haul
S25,37,2025-09-15,104,T1,Pier 1,125,8.9,8.1,International Short-Haul
S25,37,2025-09-15,105,T1,Pier 1,132,9.4,7.6,International Short-Haul
S25,37,2025-09-15,106,T1,Pier 1,129,9.2,7.8,International Short-Haul
S25,37,2025-09-15,107,T1,Pier 1,122,8.7,8.3,International Short-Haul
S25,37,2025-09-15,108,T1,Pier 1,127,9.1,7.9,International Short-Haul
S25,37,2025-09-15,109,T1,Pier 1,115,8.2,8.8,International Short-Haul
S25,37,2025-09-15,110,T1,Pier 1,123,8.8,8.2,International Short-Haul
S25,37,2025-09-15,111,T1,Pier 1,118,8.4,8.6,International Short-Haul
S25,37,2025-09-15,112,T1,Pier 1,116,8.3,8.7,International Short-Haul
S25,37,2025-09-15,113,T1,Pier 1,120,8.6,8.4,International Short-Haul
S25,37,2025-09-15,114,T1,Pier 1,115,8.2,8.8,International Short-Haul
S25,37,2025-09-15,115,T1,Pier 1,126,9,8,International Short-Haul
S25,37,2025-09-15,116,T1,Pier 1,122,8.7,8.3,International Short-Haul
S25,37,2025-09-15,117,T1,Pier 1,123,8.8,8.2,International Short-Haul
S25,37,2025-09-15,118,T1,Pier 1,115,8.2,8.8,International Short-Haul
S25,37,2025-09-15,119,T1,Pier 1,115,8.2,8.8,International Short-Haul
S25,37,2025-09-15,201,T1,Pier 2,95,7.5,9.5,International Short-Haul
S25,37,2025-09-15,202,T1,Pier 2,102,8,9,International Short-Haul
S25,37,2025-09-15,203,T1,Pier 2,88,6.9,10.1,International Short-Haul
S25,37,2025-09-15,204,T1,Pier 2,92,7.2,9.8,International Short-Haul
S25,37,2025-09-15,205,T1,Pier 2,101,7.9,9.1,International Short-Haul
S25,37,2025-09-15,206,T1,Pier 2,88,6.9,10.1,International Short-Haul
S25,37,2025-09-15,207,T1,Pier 2,101,7.9,9.1,International Short-Haul
S25,37,2025-09-15,208,T1,Pier 2,94,7.4,9.6,International Short-Haul
S25,37,2025-09-15,209,T1,Pier 2,93,7.3,9.7,International Short-Haul
S25,37,2025-09-15,210,T1,Pier 2,92,7.2,9.8,International Short-Haul
S25,37,2025-09-15,211,T1,Pier 2,92,7.2,9.8,International Short-Haul
S25,37,2025-09-15,212,T1,Pier 2,92,7.2,9.8,International Short-Haul
S25,37,2025-09-15,213,T1,Pier 2,101,7.9,9.1,International Short-Haul
S25,37,2025-09-15,214,T1,Pier 2,98,7.7,9.3,International Short-Haul
S25,37,2025-09-15,301,T1,Pier 3,81,6.9,10.1,International Short-Haul
S25,37,2025-09-15,302,T1,Pier 3,82,7,10,International Short-Haul
S25,37,2025-09-15,303,T1,Pier 3,75,6.4,10.6,International Short-Haul
S25,37,2025-09-15,304,T1,Pier 3,79,6.8,10.2,International Short-Haul
S25,37,2025-09-15,305,T1,Pier 3,78,6.7,10.3,International Short-Haul
S25,37,2025-09-15,306,T1,Pier 3,82,7,10,International Short-Haul
S25,37,2025-09-15,307,T1,Pier 3,76,6.5,10.5,International Short-Haul
S25,37,2025-09-15,308,T1,Pier 3,81,6.9,10.1,International Short-Haul
S25,37,2025-09-15,309,T1,Pier 3,83,7.1,9.9,International Short-Haul
S25,37,2025-09-15,310,T1,Pier 3,77,6.6,10.4,International Short-Haul
S25,37,2025-09-15,311,T1,Pier 3,72,6.2,10.8,International Short-Haul
S25,37,2025-09-15,312,T1,Pier 3,78,6.7,10.3,International Short-Haul
S25,37,2025-09-15,313,T1,Pier 3,76,6.5,10.5,International Short-Haul
S25,37,2025-09-15,314,T1,Pier 3,81,6.9,10.1,International Short-Haul
S25,37,2025-09-15,315,T2,Pier 3,84,7.2,9.8,Transatlantic CBP
S25,37,2025-09-15,316,T2,Pier 3,78,6.7,10.3,Transatlantic CBP
S25,37,2025-09-15,317,T2,Pier 3,78,6.7,10.3,Transatlantic CBP
S25,37,2025-09-15,318,T2,Pier 3,81,6.9,10.1,Transatlantic CBP
S25,37,2025-09-15,319,T2,Pier 3,74,6.3,10.7,Transatlantic CBP
S25,37,2025-09-15,320,T2,Pier 3,75,6.4,10.6,Transatlantic CBP
S25,37,2025-09-15,321,T2,Pier 3,84,7.2,9.8,Transatlantic CBP
S25,37,2025-09-15,322,T2,Pier 3,81,6.9,10.1,Transatlantic CBP
S25,37,2025-09-15,323,T2,Pier 3,72,6.2,10.8,Transatlantic CBP
S25,37,2025-09-15,401,T2,Pier 4,60,10.3,6.7,Transatlantic CBP
S25,37,2025-09-15,402,T2,Pier 4,65,11.1,5.9,Transatlantic CBP
S25,37,2025-09-15,403,T2,Pier 4,66,11.3,5.7,Transatlantic CBP
S25,37,2025-09-15,404,T2,Pier 4,66,11.4,5.6,Transatlantic CBP
S25,37,2025-09-15,405,T2,Pier 4,61,10.5,6.5,Transatlantic CBP
S25,37,2025-09-15,406,T2,Pier 4,68,11.6,5.4,Transatlantic CBP
S25,37,2025-09-15,407,T2,Pier 4,64,10.9,6.1,Transatlantic CBP
S25,37,2025-09-15,408,T2,Pier 4,65,11.2,5.8,Transatlantic CBP
S25,37,2025-09-15,409,T2,Pier 4,64,11,6,Transatlantic CBP
S25,37,2025-09-15,410,T2,Pier 4,60,10.2,6.8,Transatlantic CBP
S25,37,2025-09-15,411,T2,Pier 4,68,11.6,5.4,Transatlantic CBP
S25,37,2025-09-15,412,T2,Pier 4,60,10.2,6.8,Transatlantic CBP
S25,37,2025-09-15,413,T2,Pier 4,61,10.4,6.6,Transatlantic CBP
S25,37,2025-09-15,414,T2,Pier 4,66,11.4,5.6,Transatlantic CBP
S25,37,2025-09-15,415,T2,Pier 4,64,11,6,Transatlantic CBP
S25,37,2025-09-15,416,T2,Pier 4,66,11.4,5.6,Transatlantic CBP
S25,37,2025-09-15,417,T2,Pier 4,63,10.8,6.2,Transatlantic CBP
S25,37,2025-09-15,418,T2,Pier 4,62,10.6,6.4,Transatlantic CBP
S25,37,2025-09-15,419,T2,Pier 4,67,11.5,5.5,Transatlantic CBP
S25,37,2025-09-15,420,T2,Pier 4,58,10,7,Transatlantic CBP
S25,37,2025-09-15,421,T2,Pier 4,66,11.4,5.6,Transatlantic CBP
S25,37,2025-09-15,422,T2,Pier 4,61,10.4,6.6,Transatlantic CBP
S25,37,2025-09-15,423,T2,Pier 4,66,11.4,5.6,Transatlantic CBP
S25,37,2025-09-15,424,T2,Pier 4,60,10.2,6.8,Transatlantic CBP
S25,37,2025-09-15,425,T2,Pier 4,64,11,6,Transatlantic CBP
S25,37,2025-09-15,426,T2,Pier 4,67,11.5,5.5,Transatlantic CBP
S25,37,2025-09-15,501,T2,Pier E,43,11.1,5.9,International Long-Haul
S25,37,2025-09-15,502,T2,Pier E,45,11.6,5.4,International Long-Haul
S25,37,2025-09-15,503,T2,Pier E,45,11.7,5.3,International Long-Haul
S25,37,2025-09-15,504,T2,Pier E,45,11.6,5.4,International Long-Haul
S25,37,2025-09-15,505,T2,Pier E,46,11.9,5.1,International Long-Haul
S25,37,2025-09-15,506,T2,Pier E,43,11.1,5.9,International Long-Haul
S25,37,2025-09-15,507,T2,Pier E,41,10.6,6.4,International Long-Haul
S25,37,2025-09-15,508,T2,Pier E,40,10.4,6.6,International Long-Haul
S25,37,2025-09-15,509,T2,Pier E,42,10.7,6.3,International Long-Haul
S25,37,2025-09-15,510,T2,Pier E,41,10.5,6.5,International Long-Haul
S25,37,2025-09-15,511,T2,Pier E,44,11.3,5.7,International Long-Haul
S25,37,2025-09-15,512,T2,Pier E,41,10.6,6.4,International Long-Haul
S25,37,2025-09-15,513,T2,Pier E,40,10.3,6.7,International Long-Haul
S25,37,2025-09-15,514,T2,Pier E,40,10.3,6.7,International Long-Haul
S25,37,2025-09-15,515,T2,Pier E,46,11.8,5.2,International Long-Haul
S25,37,2025-09-15,601,T1,Remote North,39,3.1,13.9,International Short-Haul
S25,37,2025-09-15,602,T1,Remote North,38,3,14,International Short-Haul
S25,37,2025-09-15,603,T1,Remote North,42,3.3,13.7,International Short-Haul
S25,37,2025-09-15,604,T1,Remote North,36,2.8,14.2,International Short-Haul
S25,37,2025-09-15,605,T1,Remote North,42,3.3,13.7,International Short-Haul
S25,37,2025-09-15,606,T1,Remote North,39,3.1,13.9,International Short-Haul
S25,37,2025-09-15,607,T1,Remote North,37,2.9,14.1,International Short-Haul
S25,37,2025-09-15,608,T1,Remote North,39,3.1,13.9,International Short-Haul
S25,37,2025-09-15,609,T1,Remote North,41,3.2,13.8,International Short-Haul
S25,37,2025-09-15,610,T1,Remote North,38,3,14,International Short-Haul
S25,37,2025-09-15,611,T1,Remote North,41,3.2,13.8,International Short-Haul
S25,37,2025-09-15,612,T1,Remote North,37,2.9,14.1,International Short-Haul
S25,37,2025-09-15,613,T1,Remote North,37,2.9,14.1,International Short-Haul
S25,37,2025-09-15,614,T1,Remote North,37,2.9,14.1,International Short-Haul
S25,37,2025-09-15,615,T1,Remote North,37,2.9,14.1,International Short-Haul
S25,37,2025-09-15,616,T1,Remote North,37,2.9,14.1,International Short-Haul
S25,37,2025-09-15,617,T1,Remote North,42,3.3,13.7,International Short-Haul
S25,37,2025-09-15,618,T1,Remote North,37,2.9,14.1,International Short-Haul
S25,37,2025-09-15,619,T1,Remote North,38,3,14,International Short-Haul
S25,37,2025-09-15,620,T1,Remote North,39,3.1,13.9,International Short-Haul
S25,37,2025-09-15,621,T1,Remote North,42,3.3,13.7,International Short-Haul
S25,37,2025-09-15,701,T1,Remote South,7,2.1,14.9,Cargo
S25,37,2025-09-15,702,T1,Remote South,7,2,15,Cargo
S25,37,2025-09-15,703,T1,Remote South,7,2.1,14.9,Cargo
S25,37,2025-09-15,704,T1,Remote South,7,2.1,14.9,Cargo
S25,37,2025-09-15,705,T1,Remote South,7,2.1,14.9,Cargo
S25,37,2025-09-15,706,T1,Remote South,7,2,15,Cargo
S25,37,2025-09-15,707,T1,Remote South,6,1.8,15.2,Cargo
S25,37,2025-09-15,708,T1,Remote South,7,1.9,15.1,Cargo
S25,37,2025-09-15,709,T1,Remote South,7,2,15,Cargo
S25,37,2025-09-15,710,T1,Remote South,7,1.9,15.1,Cargo
S25,37,2025-09-15,711,T1,Remote South,7,1.9,15.1,Cargo
S25,37,2025-09-15,712,T1,Remote South,7,2,15,Cargo
S25,38,2025-09-22,101,T1,Pier 1,129,9.2,7.8,International Short-Haul
S25,38,2025-09-22,102,T1,Pier 1,111,7.9,9.1,International Short-Haul
S25,38,2025-09-22,103,T1,Pier 1,125,8.9,8.1,International Short-Haul
S25,38,2025-09-22,104,T1,Pier 1,125,8.9,8.1,International Short-Haul
S25,38,2025-09-22,105,T1,Pier 1,129,9.2,7.8,International Short-Haul
S25,38,2025-09-22,106,T1,Pier 1,129,9.2,7.8,International Short-Haul
S25,38,2025-09-22,107,T1,Pier 1,125,8.9,8.1,International Short-Haul
S25,38,2025-09-22,108,T1,Pier 1,120,8.6,8.4,International Short-Haul
S25,38,2025-09-22,109,T1,Pier 1,115,8.2,8.8,International Short-Haul
S25,38,2025-09-22,110,T1,Pier 1,120,8.6,8.4,International Short-Haul
S25,38,2025-09-22,111,T1,Pier 1,125,8.9,8.1,International Short-Haul
S25,38,2025-09-22,112,T1,Pier 1,127,9.1,7.9,International Short-Haul
S25,38,2025-09-22,113,T1,Pier 1,126,9,8,International Short-Haul
S25,38,2025-09-22,114,T1,Pier 1,115,8.2,8.8,International Short-Haul
S25,38,2025-09-22,115,T1,Pier 1,122,8.7,8.3,International Short-Haul
S25,38,2025-09-22,116,T1,Pier 1,116,8.3,8.7,International Short-Haul
S25,38,2025-09-22,117,T1,Pier 1,111,7.9,9.1,International Short-Haul
S25,38,2025-09-22,118,T1,Pier 1,115,8.2,8.8,International Short-Haul
S25,38,2025-09-22,119,T1,Pier 1,112,8,9,International Short-Haul
S25,38,2025-09-22,201,T1,Pier 2,98,7.7,9.3,International Short-Haul
S25,38,2025-09-22,202,T1,Pier 2,89,7,10,International Short-Haul
S25,38,2025-09-22,203,T1,Pier 2,89,7,10,International Short-Haul
S25,38,2025-09-22,204,T1,Pier 2,99,7.8,9.2,International Short-Haul
S25,38,2025-09-22,205,T1,Pier 2,90,7.1,9.9,International Short-Haul
S25,38,2025-09-22,206,T1,Pier 2,85,6.7,10.3,International Short-Haul
S25,38,2025-09-22,207,T1,Pier 2,89,7,10,International Short-Haul
S25,38,2025-09-22,208,T1,Pier 2,87,6.8,10.2,International Short-Haul
S25,38,2025-09-22,209,T1,Pier 2,87,6.8,10.2,International Short-Haul
S25,38,2025-09-22,210,T1,Pier 2,87,6.8,10.2,International Short-Haul
S25,38,2025-09-22,211,T1,Pier 2,94,7.4,9.6,International Short-Haul
S25,38,2025-09-22,212,T1,Pier 2,88,6.9,10.1,International Short-Haul
S25,38,2025-09-22,213,T1,Pier 2,90,7.1,9.9,International Short-Haul
S25,38,2025-09-22,214,T1,Pier 2,98,7.7,9.3,International Short-Haul
S25,38,2025-09-22,301,T1,Pier 3,76,6.5,10.5,International Short-Haul
S25,38,2025-09-22,302,T1,Pier 3,82,7,10,International Short-Haul
S25,38,2025-09-22,303,T1,Pier 3,77,6.6,10.4,International Short-Haul
S25,38,2025-09-22,304,T1,Pier 3,76,6.5,10.5,International Short-Haul
S25,38,2025-09-22,305,T1,Pier 3,79,6.8,10.2,International Short-Haul
S25,38,2025-09-22,306,T1,Pier 3,71,6.1,10.9,International Short-Haul
S25,38,2025-09-22,307,T1,Pier 3,72,6.2,10.8,International Short-Haul
S25,38,2025-09-22,308,T1,Pier 3,78,6.7,10.3,International Short-Haul
S25,38,2025-09-22,309,T1,Pier 3,77,6.6,10.4,International Short-Haul
S25,38,2025-09-22,310,T1,Pier 3,81,6.9,10.1,International Short-Haul
S25,38,2025-09-22,311,T1,Pier 3,82,7,10,International Short-Haul
S25,38,2025-09-22,312,T1,Pier 3,76,6.5,10.5,International Short-Haul
S25,38,2025-09-22,313,T1,Pier 3,78,6.7,10.3,International Short-Haul
S25,38,2025-09-22,314,T1,Pier 3,77,6.6,10.4,International Short-Haul
S25,38,2025-09-22,315,T2,Pier 3,83,7.1,9.9,Transatlantic CBP
S25,38,2025-09-22,316,T2,Pier 3,81,6.9,10.1,Transatlantic CBP
S25,38,2025-09-22,317,T2,Pier 3,82,7,10,Transatlantic CBP
S25,38,2025-09-22,318,T2,Pier 3,74,6.3,10.7,Transatlantic CBP
S25,38,2025-09-22,319,T2,Pier 3,81,6.9,10.1,Transatlantic CBP
S25,38,2025-09-22,320,T2,Pier 3,74,6.3,10.7,Transatlantic CBP
S25,38,2025-09-22,321,T2,Pier 3,74,6.3,10.7,Transatlantic CBP
S25,38,2025-09-22,322,T2,Pier 3,83,7.1,9.9,Transatlantic CBP
S25,38,2025-09-22,323,T2,Pier 3,71,6.1,10.9,Transatlantic CBP
S25,38,2025-09-22,401,T2,Pier 4,66,11.4,5.6,Transatlantic CBP
S25,38,2025-09-22,402,T2,Pier 4,58,10,7,Transatlantic CBP
S25,38,2025-09-22,403,T2,Pier 4,65,11.2,5.8,Transatlantic CBP
S25,38,2025-09-22,404,T2,Pier 4,60,10.2,6.8,Transatlantic CBP
S25,38,2025-09-22,405,T2,Pier 4,61,10.4,6.6,Transatlantic CBP
S25,38,2025-09-22,406,T2,Pier 4,59,10.1,6.9,Transatlantic CBP
S25,38,2025-09-22,407,T2,Pier 4,63,10.8,6.2,Transatlantic CBP
S25,38,2025-09-22,408,T2,Pier 4,61,10.4,6.6,Transatlantic CBP
S25,38,2025-09-22,409,T2,Pier 4,64,10.9,6.1,Transatlantic CBP
S25,38,2025-09-22,410,T2,Pier 4,57,9.8,7.2,Transatlantic CBP
S25,38,2025-09-22,411,T2,Pier 4,58,9.9,7.1,Transatlantic CBP
S25,38,2025-09-22,412,T2,Pier 4,58,9.9,7.1,Transatlantic CBP
S25,38,2025-09-22,413,T2,Pier 4,61,10.5,6.5,Transatlantic CBP
S25,38,2025-09-22,414,T2,Pier 4,65,11.2,5.8,Transatlantic CBP
S25,38,2025-09-22,415,T2,Pier 4,66,11.3,5.7,Transatlantic CBP
S25,38,2025-09-22,416,T2,Pier 4,60,10.2,6.8,Transatlantic CBP
S25,38,2025-09-22,417,T2,Pier 4,63,10.8,6.2,Transatlantic CBP
S25,38,2025-09-22,418,T2,Pier 4,65,11.1,5.9,Transatlantic CBP
S25,38,2025-09-22,419,T2,Pier 4,60,10.3,6.7,Transatlantic CBP
S25,38,2025-09-22,420,T2,Pier 4,61,10.5,6.5,Transatlantic CBP
S25,38,2025-09-22,421,T2,Pier 4,62,10.7,6.3,Transatlantic CBP
S25,38,2025-09-22,422,T2,Pier 4,58,10,7,Transatlantic CBP
S25,38,2025-09-22,423,T2,Pier 4,57,9.8,7.2,Transatlantic CBP
S25,38,2025-09-22,424,T2,Pier 4,58,10,7,Transatlantic CBP
S25,38,2025-09-22,425,T2,Pier 4,63,10.8,6.2,Transatlantic CBP
S25,38,2025-09-22,426,T2,Pier 4,58,9.9,7.1,Transatlantic CBP
S25,38,2025-09-22,501,T2,Pier E,40,10.4,6.6,International Long-Haul
S25,38,2025-09-22,502,T2,Pier E,42,10.7,6.3,International Long-Haul
S25,38,2025-09-22,503,T2,Pier E,40,10.2,6.8,International Long-Haul
S25,38,2025-09-22,504,T2,Pier E,40,10.4,6.6,International Long-Haul
S25,38,2025-09-22,505,T2,Pier E,45,11.7,5.3,International Long-Haul
S25,38,2025-09-22,506,T2,Pier E,39,10.1,6.9,International Long-Haul
S25,38,2025-09-22,507,T2,Pier E,44,11.2,5.8,International Long-Haul
S25,38,2025-09-22,508,T2,Pier E,42,10.8,6.2,International Long-Haul
S25,38,2025-09-22,509,T2,Pier E,44,11.3,5.7,International Long-Haul
S25,38,2025-09-22,510,T2,Pier E,43,11.1,5.9,International Long-Haul
S25,38,2025-09-22,511,T2,Pier E,41,10.5,6.5,International Long-Haul
S25,38,2025-09-22,512,T2,Pier E,45,11.6,5.4,International Long-Haul
S25,38,2025-09-22,513,T2,Pier E,43,11,6,International Long-Haul
S25,38,2025-09-22,514,T2,Pier E,45,11.5,5.5,International Long-Haul
S25,38,2025-09-22,515,T2,Pier E,42,10.8,6.2,International Long-Haul
S25,38,2025-09-22,601,T1,Remote North,41,3.2,13.8,International Short-Haul
S25,38,2025-09-22,602,T1,Remote North,39,3.1,13.9,International Short-Haul
S25,38,2025-09-22,603,T1,Remote North,41,3.2,13.8,International Short-Haul
S25,38,2025-09-22,604,T1,Remote North,38,3,14,International Short-Haul
S25,38,2025-09-22,605,T1,Remote North,38,3,14,International Short-Haul
S25,38,2025-09-22,606,T1,Remote North,39,3.1,13.9,International Short-Haul
S25,38,2025-09-22,607,T1,Remote North,41,3.2,13.8,International Short-Haul
S25,38,2025-09-22,608,T1,Remote North,41,3.2,13.8,International Short-Haul
S25,38,2025-09-22,609,T1,Remote North,37,2.9,14.1,International Short-Haul
S25,38,2025-09-22,610,T1,Remote North,39,3.1,13.9,International Short-Haul
S25,38,2025-09-22,611,T1,Remote North,37,2.9,14.1,International Short-Haul
S25,38,2025-09-22,612,T1,Remote North,38,3,14,International Short-Haul
S25,38,2025-09-22,613,T1,Remote North,36,2.8,14.2,International Short-Haul
S25,38,2025-09-22,614,T1,Remote North,37,2.9,14.1,International Short-Haul
S25,38,2025-09-22,615,T1,Remote North,41,3.2,13.8,International Short-Haul
S25,38,2025-09-22,616,T1,Remote North,36,2.8,14.2,International Short-Haul
S25,38,2025-09-22,617,T1,Remote North,39,3.1,13.9,International Short-Haul
S25,38,2025-09-22,618,T1,Remote North,38,3,14,International Short-Haul
S25,38,2025-09-22,619,T1,Remote North,36,2.8,14.2,International Short-Haul
S25,38,2025-09-22,620,T1,Remote North,37,2.9,14.1,International Short-Haul
S25,38,2025-09-22,621,T1,Remote North,38,3,14,International Short-Haul
S25,38,2025-09-22,701,T1,Remote South,6,1.8,15.2,Cargo
S25,38,2025-09-22,702,T1,Remote South,7,2,15,Cargo
S25,38,2025-09-22,703,T1,Remote South,7,2.1,14.9,Cargo
S25,38,2025-09-22,704,T1,Remote South,6,1.8,15.2,Cargo
S25,38,2025-09-22,705,T1,Remote South,6,1.8,15.2,Cargo
S25,38,2025-09-22,706,T1,Remote South,7,1.9,15.1,Cargo
S25,38,2025-09-22,707,T1,Remote South,7,2,15,Cargo
S25,38,2025-09-22,708,T1,Remote South,7,1.9,15.1,Cargo
S25,38,2025-09-22,709,T1,Remote South,6,1.8,15.2,Cargo
S25,38,2025-09-22,710,T1,Remote South,7,1.9,15.1,Cargo
S25,38,2025-09-22,711,T1,Remote South,7,2.1,14.9,Cargo
S25,38,2025-09-22,712,T1,Remote South,7,1.9,15.1,Cargo
S25,39,2025-09-29,101,T1,Pier 1,116,8.3,8.7,International Short-Haul
S25,39,2025-09-29,102,T1,Pier 1,127,9.1,7.9,International Short-Haul
S25,39,2025-09-29,103,T1,Pier 1,122,8.7,8.3,International Short-Haul
S25,39,2025-09-29,104,T1,Pier 1,122,8.7,8.3,International Short-Haul
S25,39,2025-09-29,105,T1,Pier 1,119,8.5,8.5,International Short-Haul
S25,39,2025-09-29,106,T1,Pier 1,127,9.1,7.9,International Short-Haul
S25,39,2025-09-29,107,T1,Pier 1,122,8.7,8.3,International Short-Haul
S25,39,2025-09-29,108,T1,Pier 1,126,9,8,International Short-Haul
S25,39,2025-09-29,109,T1,Pier 1,122,8.7,8.3,International Short-Haul
S25,39,2025-09-29,110,T1,Pier 1,122,8.7,8.3,International Short-Haul
S25,39,2025-09-29,111,T1,Pier 1,113,8.1,8.9,International Short-Haul
S25,39,2025-09-29,112,T1,Pier 1,115,8.2,8.8,International Short-Haul
S25,39,2025-09-29,113,T1,Pier 1,123,8.8,8.2,International Short-Haul
S25,39,2025-09-29,114,T1,Pier 1,113,8.1,8.9,International Short-Haul
S25,39,2025-09-29,115,T1,Pier 1,119,8.5,8.5,International Short-Haul
S25,39,2025-09-29,116,T1,Pier 1,113,8.1,8.9,International Short-Haul
S25,39,2025-09-29,117,T1,Pier 1,125,8.9,8.1,International Short-Haul
S25,39,2025-09-29,118,T1,Pier 1,111,7.9,9.1,International Short-Haul
S25,39,2025-09-29,119,T1,Pier 1,125,8.9,8.1,International Short-Haul
S25,39,2025-09-29,201,T1,Pier 2,93,7.3,9.7,International Short-Haul
S25,39,2025-09-29,202,T1,Pier 2,87,6.8,10.2,International Short-Haul
S25,39,2025-09-29,203,T1,Pier 2,92,7.2,9.8,International Short-Haul
S25,39,2025-09-29,204,T1,Pier 2,88,6.9,10.1,International Short-Haul
S25,39,2025-09-29,205,T1,Pier 2,89,7,10,International Short-Haul
S25,39,2025-09-29,206,T1,Pier 2,89,7,10,International Short-Haul
S25,39,2025-09-29,207,T1,Pier 2,85,6.7,10.3,International Short-Haul
S25,39,2025-09-29,208,T1,Pier 2,98,7.7,9.3,International Short-Haul
S25,39,2025-09-29,209,T1,Pier 2,84,6.6,10.4,International Short-Haul
S25,39,2025-09-29,210,T1,Pier 2,93,7.3,9.7,International Short-Haul
S25,39,2025-09-29,211,T1,Pier 2,89,7,10,International Short-Haul
S25,39,2025-09-29,212,T1,Pier 2,93,7.3,9.7,International Short-Haul
S25,39,2025-09-29,213,T1,Pier 2,89,7,10,International Short-Haul
S25,39,2025-09-29,214,T1,Pier 2,94,7.4,9.6,International Short-Haul
S25,39,2025-09-29,301,T1,Pier 3,78,6.7,10.3,International Short-Haul
S25,39,2025-09-29,302,T1,Pier 3,78,6.7,10.3,International Short-Haul
S25,39,2025-09-29,303,T1,Pier 3,71,6.1,10.9,International Short-Haul
S25,39,2025-09-29,304,T1,Pier 3,77,6.6,10.4,International Short-Haul
S25,39,2025-09-29,305,T1,Pier 3,72,6.2,10.8,International Short-Haul
S25,39,2025-09-29,306,T1,Pier 3,70,6,11,International Short-Haul
S25,39,2025-09-29,307,T1,Pier 3,75,6.4,10.6,International Short-Haul
S25,39,2025-09-29,308,T1,Pier 3,75,6.4,10.6,International Short-Haul
S25,39,2025-09-29,309,T1,Pier 3,75,6.4,10.6,International Short-Haul
S25,39,2025-09-29,310,T1,Pier 3,78,6.7,10.3,International Short-Haul
S25,39,2025-09-29,311,T1,Pier 3,74,6.3,10.7,International Short-Haul
S25,39,2025-09-29,312,T1,Pier 3,74,6.3,10.7,International Short-Haul
S25,39,2025-09-29,313,T1,Pier 3,70,6,11,International Short-Haul
S25,39,2025-09-29,314,T1,Pier 3,78,6.7,10.3,International Short-Haul
S25,39,2025-09-29,315,T2,Pier 3,76,6.5,10.5,Transatlantic CBP
S25,39,2025-09-29,316,T2,Pier 3,74,6.3,10.7,Transatlantic CBP
S25,39,2025-09-29,317,T2,Pier 3,78,6.7,10.3,Transatlantic CBP
S25,39,2025-09-29,318,T2,Pier 3,76,6.5,10.5,Transatlantic CBP
S25,39,2025-09-29,319,T2,Pier 3,75,6.4,10.6,Transatlantic CBP
S25,39,2025-09-29,320,T2,Pier 3,76,6.5,10.5,Transatlantic CBP
S25,39,2025-09-29,321,T2,Pier 3,77,6.6,10.4,Transatlantic CBP
S25,39,2025-09-29,322,T2,Pier 3,77,6.6,10.4,Transatlantic CBP
S25,39,2025-09-29,323,T2,Pier 3,72,6.2,10.8,Transatlantic CBP
S25,39,2025-09-29,401,T2,Pier 4,57,9.8,7.2,Transatlantic CBP
S25,39,2025-09-29,402,T2,Pier 4,58,9.9,7.1,Transatlantic CBP
S25,39,2025-09-29,403,T2,Pier 4,62,10.7,6.3,Transatlantic CBP
S25,39,2025-09-29,404,T2,Pier 4,65,11.1,5.9,Transatlantic CBP
S25,39,2025-09-29,405,T2,Pier 4,60,10.3,6.7,Transatlantic CBP
S25,39,2025-09-29,406,T2,Pier 4,58,9.9,7.1,Transatlantic CBP
S25,39,2025-09-29,407,T2,Pier 4,64,10.9,6.1,Transatlantic CBP
S25,39,2025-09-29,408,T2,Pier 4,64,11,6,Transatlantic CBP
S25,39,2025-09-29,409,T2,Pier 4,65,11.1,5.9,Transatlantic CBP
S25,39,2025-09-29,410,T2,Pier 4,62,10.6,6.4,Transatlantic CBP
S25,39,2025-09-29,411,T2,Pier 4,64,11,6,Transatlantic CBP
S25,39,2025-09-29,412,T2,Pier 4,56,9.6,7.4,Transatlantic CBP
S25,39,2025-09-29,413,T2,Pier 4,57,9.8,7.2,Transatlantic CBP
S25,39,2025-09-29,414,T2,Pier 4,57,9.8,7.2,Transatlantic CBP
S25,39,2025-09-29,415,T2,Pier 4,63,10.8,6.2,Transatlantic CBP
S25,39,2025-09-29,416,T2,Pier 4,57,9.7,7.3,Transatlantic CBP
S25,39,2025-09-29,417,T2,Pier 4,61,10.4,6.6,Transatlantic CBP
S25,39,2025-09-29,418,T2,Pier 4,61,10.4,6.6,Transatlantic CBP
S25,39,2025-09-29,419,T2,Pier 4,59,10.1,6.9,Transatlantic CBP
S25,39,2025-09-29,420,T2,Pier 4,65,11.1,5.9,Transatlantic CBP
S25,39,2025-09-29,421,T2,Pier 4,58,9.9,7.1,Transatlantic CBP
S25,39,2025-09-29,422,T2,Pier 4,60,10.2,6.8,Transatlantic CBP
S25,39,2025-09-29,423,T2,Pier 4,64,10.9,6.1,Transatlantic CBP
S25,39,2025-09-29,424,T2,Pier 4,56,9.6,7.4,Transatlantic CBP
S25,39,2025-09-29,425,T2,Pier 4,62,10.7,6.3,Transatlantic CBP
S25,39,2025-09-29,426,T2,Pier 4,64,11,6,Transatlantic CBP
S25,39,2025-09-29,501,T2,Pier E,45,11.5,5.5,International Long-Haul
S25,39,2025-09-29,502,T2,Pier E,44,11.4,5.6,International Long-Haul
S25,39,2025-09-29,503,T2,Pier E,41,10.5,6.5,International Long-Haul
S25,39,2025-09-29,504,T2,Pier E,42,10.9,6.1,International Long-Haul
S25,39,2025-09-29,505,T2,Pier E,39,10,7,International Long-Haul
S25,39,2025-09-29,506,T2,Pier E,40,10.4,6.6,International Long-Haul
S25,39,2025-09-29,507,T2,Pier E,39,10.1,6.9,International Long-Haul
S25,39,2025-09-29,508,T2,Pier E,41,10.5,6.5,International Long-Haul
S25,39,2025-09-29,509,T2,Pier E,44,11.4,5.6,International Long-Haul
S25,39,2025-09-29,510,T2,Pier E,41,10.5,6.5,International Long-Haul
S25,39,2025-09-29,511,T2,Pier E,42,10.9,6.1,International Long-Haul
S25,39,2025-09-29,512,T2,Pier E,42,10.7,6.3,International Long-Haul
S25,39,2025-09-29,513,T2,Pier E,42,10.7,6.3,International Long-Haul
S25,39,2025-09-29,514,T2,Pier E,45,11.6,5.4,International Long-Haul
S25,39,2025-09-29,515,T2,Pier E,40,10.4,6.6,International Long-Haul
S25,39,2025-09-29,601,T1,Remote North,38,3,14,International Short-Haul
S25,39,2025-09-29,602,T1,Remote North,37,2.9,14.1,International Short-Haul
S25,39,2025-09-29,603,T1,Remote North,34,2.7,14.3,International Short-Haul
S25,39,2025-09-29,604,T1,Remote North,37,2.9,14.1,International Short-Haul
S25,39,2025-09-29,605,T1,Remote North,39,3.1,13.9,International Short-Haul
S25,39,2025-09-29,606,T1,Remote North,36,2.8,14.2,International Short-Haul
S25,39,2025-09-29,607,T1,Remote North,34,2.7,14.3,International Short-Haul
S25,39,2025-09-29,608,T1,Remote North,36,2.8,14.2,International Short-Haul
S25,39,2025-09-29,609,T1,Remote North,39,3.1,13.9,International Short-Haul
S25,39,2025-09-29,610,T1,Remote North,39,3.1,13.9,International Short-Haul
S25,39,2025-09-29,611,T1,Remote North,38,3,14,International Short-Haul
S25,39,2025-09-29,612,T1,Remote North,37,2.9,14.1,International Short-Haul
S25,39,2025-09-29,613,T1,Remote North,39,3.1,13.9,International Short-Haul
S25,39,2025-09-29,614,T1,Remote North,39,3.1,13.9,International Short-Haul
S25,39,2025-09-29,615,T1,Remote North,39,3.1,13.9,International Short-Haul
S25,39,2025-09-29,616,T1,Remote North,39,3.1,13.9,International Short-Haul
S25,39,2025-09-29,617,T1,Remote North,38,3,14,International Short-Haul
S25,39,2025-09-29,618,T1,Remote North,37,2.9,14.1,International Short-Haul
S25,39,2025-09-29,619,T1,Remote North,39,3.1,13.9,International Short-Haul
S25,39,2025-09-29,620,T1,Remote North,39,3.1,13.9,International Short-Haul
S25,39,2025-09-29,621,T1,Remote North,34,2.7,14.3,International Short-Haul
S25,39,2025-09-29,701,T1,Remote South,6,1.8,15.2,Cargo
S25,39,2025-09-29,702,T1,Remote South,7,2,15,Cargo
S25,39,2025-09-29,703,T1,Remote South,6,1.8,15.2,Cargo
S25,39,2025-09-29,704,T1,Remote South,7,2,15,Cargo
S25,39,2025-09-29,705,T1,Remote South,7,1.9,15.1,Cargo
S25,39,2025-09-29,706,T1,Remote South,6,1.8,15.2,Cargo
S25,39,2025-09-29,707,T1,Remote South,6,1.8,15.2,Cargo
S25,39,2025-09-29,708,T1,Remote South,6,1.8,15.2,Cargo
S25,39,2025-09-29,709,T1,Remote South,6,1.8,15.2,Cargo
S25,39,2025-09-29,710,T1,Remote South,7,1.9,15.1,Cargo
S25,39,2025-09-29,711,T1,Remote South,7,2,15,Cargo
S25,39,2025-09-29,712,T1,Remote South,7,2,15,Cargo
S25,40,2025-10-06,101,T1,Pier 1,104,7.4,9.6,International Short-Haul
S25,40,2025-10-06,102,T1,Pier 1,105,7.5,9.5,International Short-Haul
S25,40,2025-10-06,103,T1,Pier 1,105,7.5,9.5,International Short-Haul
S25,40,2025-10-06,104,T1,Pier 1,105,7.5,9.5,International Short-Haul
S25,40,2025-10-06,105,T1,Pier 1,105,7.5,9.5,International Short-Haul
S25,40,2025-10-06,106,T1,Pier 1,97,6.9,10.1,International Short-Haul
S25,40,2025-10-06,107,T1,Pier 1,97,6.9,10.1,International Short-Haul
S25,40,2025-10-06,108,T1,Pier 1,98,7,10,International Short-Haul
S25,40,2025-10-06,109,T1,Pier 1,98,7,10,International Short-Haul
S25,40,2025-10-06,110,T1,Pier 1,108,7.7,9.3,International Short-Haul
S25,40,2025-10-06,111,T1,Pier 1,99,7.1,9.9,International Short-Haul
S25,40,2025-10-06,112,T1,Pier 1,112,8,9,International Short-Haul
S25,40,2025-10-06,113,T1,Pier 1,112,8,9,International Short-Haul
S25,40,2025-10-06,114,T1,Pier 1,113,8.1,8.9,International Short-Haul
S25,40,2025-10-06,115,T1,Pier 1,112,8,9,International Short-Haul
S25,40,2025-10-06,116,T1,Pier 1,101,7.2,9.8,International Short-Haul
S25,40,2025-10-06,117,T1,Pier 1,105,7.5,9.5,International Short-Haul
S25,40,2025-10-06,118,T1,Pier 1,99,7.1,9.9,International Short-Haul
S25,40,2025-10-06,119,T1,Pier 1,111,7.9,9.1,International Short-Haul
S25,40,2025-10-06,201,T1,Pier 2,87,6.8,10.2,International Short-Haul
S25,40,2025-10-06,202,T1,Pier 2,85,6.7,10.3,International Short-Haul
S25,40,2025-10-06,203,T1,Pier 2,80,6.3,10.7,International Short-Haul
S25,40,2025-10-06,204,T1,Pier 2,84,6.6,10.4,International Short-Haul
S25,40,2025-10-06,205,T1,Pier 2,75,5.9,11.1,International Short-Haul
S25,40,2025-10-06,206,T1,Pier 2,75,5.9,11.1,International Short-Haul
S25,40,2025-10-06,207,T1,Pier 2,84,6.6,10.4,International Short-Haul
S25,40,2025-10-06,208,T1,Pier 2,80,6.3,10.7,International Short-Haul
S25,40,2025-10-06,209,T1,Pier 2,88,6.9,10.1,International Short-Haul
S25,40,2025-10-06,210,T1,Pier 2,75,5.9,11.1,International Short-Haul
S25,40,2025-10-06,211,T1,Pier 2,85,6.7,10.3,International Short-Haul
S25,40,2025-10-06,212,T1,Pier 2,80,6.3,10.7,International Short-Haul
S25,40,2025-10-06,213,T1,Pier 2,85,6.7,10.3,International Short-Haul
S25,40,2025-10-06,214,T1,Pier 2,85,6.7,10.3,International Short-Haul
S25,40,2025-10-06,301,T1,Pier 3,71,6.1,10.9,International Short-Haul
S25,40,2025-10-06,302,T1,Pier 3,65,5.6,11.4,International Short-Haul
S25,40,2025-10-06,303,T1,Pier 3,72,6.2,10.8,International Short-Haul
S25,40,2025-10-06,304,T1,Pier 3,63,5.4,11.6,International Short-Haul
S25,40,2025-10-06,305,T1,Pier 3,63,5.4,11.6,International Short-Haul
S25,40,2025-10-06,306,T1,Pier 3,66,5.7,11.3,International Short-Haul
S25,40,2025-10-06,307,T1,Pier 3,70,6,11,International Short-Haul
S25,40,2025-10-06,308,T1,Pier 3,66,5.7,11.3,International Short-Haul
S25,40,2025-10-06,309,T1,Pier 3,70,6,11,International Short-Haul
S25,40,2025-10-06,310,T1,Pier 3,70,6,11,International Short-Haul
S25,40,2025-10-06,311,T1,Pier 3,64,5.5,11.5,International Short-Haul
S25,40,2025-10-06,312,T1,Pier 3,72,6.2,10.8,International Short-Haul
S25,40,2025-10-06,313,T1,Pier 3,62,5.3,11.7,International Short-Haul
S25,40,2025-10-06,314,T1,Pier 3,71,6.1,10.9,International Short-Haul
S25,40,2025-10-06,315,T2,Pier 3,65,5.6,11.4,Transatlantic CBP
S25,40,2025-10-06,316,T2,Pier 3,66,5.7,11.3,Transatlantic CBP
S25,40,2025-10-06,317,T2,Pier 3,66,5.7,11.3,Transatlantic CBP
S25,40,2025-10-06,318,T2,Pier 3,63,5.4,11.6,Transatlantic CBP
S25,40,2025-10-06,319,T2,Pier 3,65,5.6,11.4,Transatlantic CBP
S25,40,2025-10-06,320,T2,Pier 3,64,5.5,11.5,Transatlantic CBP
S25,40,2025-10-06,321,T2,Pier 3,64,5.5,11.5,Transatlantic CBP
S25,40,2025-10-06,322,T2,Pier 3,64,5.5,11.5,Transatlantic CBP
S25,40,2025-10-06,323,T2,Pier 3,66,5.7,11.3,Transatlantic CBP
S25,40,2025-10-06,401,T2,Pier 4,57,9.7,7.3,Transatlantic CBP
S25,40,2025-10-06,402,T2,Pier 4,55,9.4,7.6,Transatlantic CBP
S25,40,2025-10-06,403,T2,Pier 4,58,9.9,7.1,Transatlantic CBP
S25,40,2025-10-06,404,T2,Pier 4,55,9.5,7.5,Transatlantic CBP
S25,40,2025-10-06,405,T2,Pier 4,56,9.6,7.4,Transatlantic CBP
S25,40,2025-10-06,406,T2,Pier 4,55,9.5,7.5,Transatlantic CBP
S25,40,2025-10-06,407,T2,Pier 4,54,9.2,7.8,Transatlantic CBP
S25,40,2025-10-06,408,T2,Pier 4,56,9.6,7.4,Transatlantic CBP
S25,40,2025-10-06,409,T2,Pier 4,50,8.6,8.4,Transatlantic CBP
S25,40,2025-10-06,410,T2,Pier 4,57,9.8,7.2,Transatlantic CBP
S25,40,2025-10-06,411,T2,Pier 4,57,9.7,7.3,Transatlantic CBP
S25,40,2025-10-06,412,T2,Pier 4,52,8.9,8.1,Transatlantic CBP
S25,40,2025-10-06,413,T2,Pier 4,57,9.7,7.3,Transatlantic CBP
S25,40,2025-10-06,414,T2,Pier 4,50,8.6,8.4,Transatlantic CBP
S25,40,2025-10-06,415,T2,Pier 4,52,8.9,8.1,Transatlantic CBP
S25,40,2025-10-06,416,T2,Pier 4,50,8.6,8.4,Transatlantic CBP
S25,40,2025-10-06,417,T2,Pier 4,57,9.7,7.3,Transatlantic CBP
S25,40,2025-10-06,418,T2,Pier 4,57,9.7,7.3,Transatlantic CBP
S25,40,2025-10-06,419,T2,Pier 4,57,9.7,7.3,Transatlantic CBP
S25,40,2025-10-06,420,T2,Pier 4,50,8.5,8.5,Transatlantic CBP
S25,40,2025-10-06,421,T2,Pier 4,54,9.3,7.7,Transatlantic CBP
S25,40,2025-10-06,422,T2,Pier 4,56,9.6,7.4,Transatlantic CBP
S25,40,2025-10-06,423,T2,Pier 4,51,8.8,8.2,Transatlantic CBP
S25,40,2025-10-06,424,T2,Pier 4,55,9.5,7.5,Transatlantic CBP
S25,40,2025-10-06,425,T2,Pier 4,51,8.7,8.3,Transatlantic CBP
S25,40,2025-10-06,426,T2,Pier 4,51,8.8,8.2,Transatlantic CBP
S25,40,2025-10-06,501,T2,Pier E,37,9.5,7.5,International Long-Haul
S25,40,2025-10-06,502,T2,Pier E,38,9.8,7.2,International Long-Haul
S25,40,2025-10-06,503,T2,Pier E,35,9,8,International Long-Haul
S25,40,2025-10-06,504,T2,Pier E,35,9.1,7.9,International Long-Haul
S25,40,2025-10-06,505,T2,Pier E,35,9.1,7.9,International Long-Haul
S25,40,2025-10-06,506,T2,Pier E,36,9.2,7.8,International Long-Haul
S25,40,2025-10-06,507,T2,Pier E,36,9.2,7.8,International Long-Haul
S25,40,2025-10-06,508,T2,Pier E,37,9.4,7.6,International Long-Haul
S25,40,2025-10-06,509,T2,Pier E,38,9.8,7.2,International Long-Haul
S25,40,2025-10-06,510,T2,Pier E,37,9.5,7.5,International Long-Haul
S25,40,2025-10-06,511,T2,Pier E,39,10,7,International Long-Haul
S25,40,2025-10-06,512,T2,Pier E,38,9.9,7.1,International Long-Haul
S25,40,2025-10-06,513,T2,Pier E,35,9,8,International Long-Haul
S25,40,2025-10-06,514,T2,Pier E,35,8.9,8.1,International Long-Haul
S25,40,2025-10-06,515,T2,Pier E,40,10.2,6.8,International Long-Haul
S25,40,2025-10-06,601,T1,Remote North,31,2.4,14.6,International Short-Haul
S25,40,2025-10-06,602,T1,Remote North,32,2.5,14.5,International Short-Haul
S25,40,2025-10-06,603,T1,Remote North,31,2.4,14.6,International Short-Haul
S25,40,2025-10-06,604,T1,Remote North,34,2.7,14.3,International Short-Haul
S25,40,2025-10-06,605,T1,Remote North,34,2.7,14.3,International Short-Haul
S25,40,2025-10-06,606,T1,Remote North,36,2.8,14.2,International Short-Haul
S25,40,2025-10-06,607,T1,Remote North,36,2.8,14.2,International Short-Haul
S25,40,2025-10-06,608,T1,Remote North,33,2.6,14.4,International Short-Haul
S25,40,2025-10-06,609,T1,Remote North,33,2.6,14.4,International Short-Haul
S25,40,2025-10-06,610,T1,Remote North,32,2.5,14.5,International Short-Haul
S25,40,2025-10-06,611,T1,Remote North,32,2.5,14.5,International Short-Haul
S25,40,2025-10-06,612,T1,Remote North,32,2.5,14.5,International Short-Haul
S25,40,2025-10-06,613,T1,Remote North,32,2.5,14.5,International Short-Haul
S25,40,2025-10-06,614,T1,Remote North,32,2.5,14.5,International Short-Haul
S25,40,2025-10-06,615,T1,Remote North,32,2.5,14.5,International Short-Haul
S25,40,2025-10-06,616,T1,Remote North,32,2.5,14.5,International Short-Haul
S25,40,2025-10-06,617,T1,Remote North,36,2.8,14.2,International Short-Haul
S25,40,2025-10-06,618,T1,Remote North,34,2.7,14.3,International Short-Haul
S25,40,2025-10-06,619,T1,Remote North,36,2.8,14.2,International Short-Haul
S25,40,2025-10-06,620,T1,Remote North,33,2.6,14.4,International Short-Haul
S25,40,2025-10-06,621,T1,Remote North,33,2.6,14.4,International Short-Haul
S25,40,2025-10-06,701,T1,Remote South,6,1.6,15.4,Cargo
S25,40,2025-10-06,702,T1,Remote South,6,1.6,15.4,Cargo
S25,40,2025-10-06,703,T1,Remote South,6,1.6,15.4,Cargo
S25,40,2025-10-06,704,T1,Remote South,6,1.8,15.2,Cargo
S25,40,2025-10-06,705,T1,Remote South,6,1.8,15.2,Cargo
S25,40,2025-10-06,706,T1,Remote South,6,1.6,15.4,Cargo
S25,40,2025-10-06,707,T1,Remote South,6,1.6,15.4,Cargo
S25,40,2025-10-06,708,T1,Remote South,6,1.7,15.3,Cargo
S25,40,2025-10-06,709,T1,Remote South,6,1.6,15.4,Cargo
S25,40,2025-10-06,710,T1,Remote South,6,1.6,15.4,Cargo
S25,40,2025-10-06,711,T1,Remote South,6,1.6,15.4,Cargo
S25,40,2025-10-06,712,T1,Remote South,6,1.7,15.3,Cargo
S25,41,2025-10-13,101,T1,Pier 1,99,7.1,9.9,International Short-Haul
S25,41,2025-10-13,102,T1,Pier 1,101,7.2,9.8,International Short-Haul
S25,41,2025-10-13,103,T1,Pier 1,97,6.9,10.1,International Short-Haul
S25,41,2025-10-13,104,T1,Pier 1,102,7.3,9.7,International Short-Haul
S25,41,2025-10-13,105,T1,Pier 1,112,8,9,International Short-Haul
S25,41,2025-10-13,106,T1,Pier 1,101,7.2,9.8,International Short-Haul
S25,41,2025-10-13,107,T1,Pier 1,111,7.9,9.1,International Short-Haul
S25,41,2025-10-13,108,T1,Pier 1,109,7.8,9.2,International Short-Haul
S25,41,2025-10-13,109,T1,Pier 1,111,7.9,9.1,International Short-Haul
S25,41,2025-10-13,110,T1,Pier 1,109,7.8,9.2,International Short-Haul
S25,41,2025-10-13,111,T1,Pier 1,106,7.6,9.4,International Short-Haul
S25,41,2025-10-13,112,T1,Pier 1,109,7.8,9.2,International Short-Haul
S25,41,2025-10-13,113,T1,Pier 1,97,6.9,10.1,International Short-Haul
S25,41,2025-10-13,114,T1,Pier 1,104,7.4,9.6,International Short-Haul
S25,41,2025-10-13,115,T1,Pier 1,112,8,9,International Short-Haul
S25,41,2025-10-13,116,T1,Pier 1,108,7.7,9.3,International Short-Haul
S25,41,2025-10-13,117,T1,Pier 1,112,8,9,International Short-Haul
S25,41,2025-10-13,118,T1,Pier 1,108,7.7,9.3,International Short-Haul
S25,41,2025-10-13,119,T1,Pier 1,111,7.9,9.1,International Short-Haul
S25,41,2025-10-13,201,T1,Pier 2,83,6.5,10.5,International Short-Haul
S25,41,2025-10-13,202,T1,Pier 2,84,6.6,10.4,International Short-Haul
S25,41,2025-10-13,203,T1,Pier 2,80,6.3,10.7,International Short-Haul
S25,41,2025-10-13,204,T1,Pier 2,85,6.7,10.3,International Short-Haul
S25,41,2025-10-13,205,T1,Pier 2,84,6.6,10.4,International Short-Haul
S25,41,2025-10-13,206,T1,Pier 2,84,6.6,10.4,International Short-Haul
S25,41,2025-10-13,207,T1,Pier 2,83,6.5,10.5,International Short-Haul
S25,41,2025-10-13,208,T1,Pier 2,78,6.1,10.9,International Short-Haul
S25,41,2025-10-13,209,T1,Pier 2,74,5.8,11.2,International Short-Haul
S25,41,2025-10-13,210,T1,Pier 2,85,6.7,10.3,International Short-Haul
S25,41,2025-10-13,211,T1,Pier 2,81,6.4,10.6,International Short-Haul
S25,41,2025-10-13,212,T1,Pier 2,78,6.1,10.9,International Short-Haul
S25,41,2025-10-13,213,T1,Pier 2,75,5.9,11.1,International Short-Haul
S25,41,2025-10-13,214,T1,Pier 2,84,6.6,10.4,International Short-Haul
S25,41,2025-10-13,301,T1,Pier 3,70,6,11,International Short-Haul
S25,41,2025-10-13,302,T1,Pier 3,70,6,11,International Short-Haul
S25,41,2025-10-13,303,T1,Pier 3,68,5.8,11.2,International Short-Haul
S25,41,2025-10-13,304,T1,Pier 3,65,5.6,11.4,International Short-Haul
S25,41,2025-10-13,305,T1,Pier 3,64,5.5,11.5,International Short-Haul
S25,41,2025-10-13,306,T1,Pier 3,61,5.2,11.8,International Short-Haul
S25,41,2025-10-13,307,T1,Pier 3,70,6,11,International Short-Haul
S25,41,2025-10-13,308,T1,Pier 3,62,5.3,11.7,International Short-Haul
S25,41,2025-10-13,309,T1,Pier 3,68,5.8,11.2,International Short-Haul
S25,41,2025-10-13,310,T1,Pier 3,66,5.7,11.3,International Short-Haul
S25,41,2025-10-13,311,T1,Pier 3,66,5.7,11.3,International Short-Haul
S25,41,2025-10-13,312,T1,Pier 3,71,6.1,10.9,International Short-Haul
S25,41,2025-10-13,313,T1,Pier 3,62,5.3,11.7,International Short-Haul
S25,41,2025-10-13,314,T1,Pier 3,69,5.9,11.1,International Short-Haul
S25,41,2025-10-13,315,T2,Pier 3,62,5.3,11.7,Transatlantic CBP
S25,41,2025-10-13,316,T2,Pier 3,62,5.3,11.7,Transatlantic CBP
S25,41,2025-10-13,317,T2,Pier 3,65,5.6,11.4,Transatlantic CBP
S25,41,2025-10-13,318,T2,Pier 3,62,5.3,11.7,Transatlantic CBP
S25,41,2025-10-13,319,T2,Pier 3,69,5.9,11.1,Transatlantic CBP
S25,41,2025-10-13,320,T2,Pier 3,66,5.7,11.3,Transatlantic CBP
S25,41,2025-10-13,321,T2,Pier 3,62,5.3,11.7,Transatlantic CBP
S25,41,2025-10-13,322,T2,Pier 3,62,5.3,11.7,Transatlantic CBP
S25,41,2025-10-13,323,T2,Pier 3,68,5.8,11.2,Transatlantic CBP
S25,41,2025-10-13,401,T2,Pier 4,56,9.6,7.4,Transatlantic CBP
S25,41,2025-10-13,402,T2,Pier 4,53,9.1,7.9,Transatlantic CBP
S25,41,2025-10-13,403,T2,Pier 4,54,9.3,7.7,Transatlantic CBP
S25,41,2025-10-13,404,T2,Pier 4,56,9.6,7.4,Transatlantic CBP
S25,41,2025-10-13,405,T2,Pier 4,54,9.3,7.7,Transatlantic CBP
S25,41,2025-10-13,406,T2,Pier 4,51,8.8,8.2,Transatlantic CBP
S25,41,2025-10-13,407,T2,Pier 4,54,9.3,7.7,Transatlantic CBP
S25,41,2025-10-13,408,T2,Pier 4,55,9.4,7.6,Transatlantic CBP
S25,41,2025-10-13,409,T2,Pier 4,55,9.5,7.5,Transatlantic CBP
S25,41,2025-10-13,410,T2,Pier 4,55,9.4,7.6,Transatlantic CBP
S25,41,2025-10-13,411,T2,Pier 4,58,9.9,7.1,Transatlantic CBP
S25,41,2025-10-13,412,T2,Pier 4,51,8.7,8.3,Transatlantic CBP
S25,41,2025-10-13,413,T2,Pier 4,57,9.8,7.2,Transatlantic CBP
S25,41,2025-10-13,414,T2,Pier 4,54,9.2,7.8,Transatlantic CBP
S25,41,2025-10-13,415,T2,Pier 4,55,9.4,7.6,Transatlantic CBP
S25,41,2025-10-13,416,T2,Pier 4,50,8.6,8.4,Transatlantic CBP
S25,41,2025-10-13,417,T2,Pier 4,52,9,8,Transatlantic CBP
S25,41,2025-10-13,418,T2,Pier 4,56,9.6,7.4,Transatlantic CBP
S25,41,2025-10-13,419,T2,Pier 4,55,9.5,7.5,Transatlantic CBP
S25,41,2025-10-13,420,T2,Pier 4,50,8.5,8.5,Transatlantic CBP
S25,41,2025-10-13,421,T2,Pier 4,54,9.2,7.8,Transatlantic CBP
S25,41,2025-10-13,422,T2,Pier 4,50,8.6,8.4,Transatlantic CBP
S25,41,2025-10-13,423,T2,Pier 4,58,9.9,7.1,Transatlantic CBP
S25,41,2025-10-13,424,T2,Pier 4,57,9.8,7.2,Transatlantic CBP
S25,41,2025-10-13,425,T2,Pier 4,50,8.5,8.5,Transatlantic CBP
S25,41,2025-10-13,426,T2,Pier 4,57,9.7,7.3,Transatlantic CBP
S25,41,2025-10-13,501,T2,Pier E,39,10.1,6.9,International Long-Haul
S25,41,2025-10-13,502,T2,Pier E,36,9.3,7.7,International Long-Haul
S25,41,2025-10-13,503,T2,Pier E,38,9.8,7.2,International Long-Haul
S25,41,2025-10-13,504,T2,Pier E,37,9.4,7.6,International Long-Haul
S25,41,2025-10-13,505,T2,Pier E,38,9.7,7.3,International Long-Haul
S25,41,2025-10-13,506,T2,Pier E,36,9.2,7.8,International Long-Haul
S25,41,2025-10-13,507,T2,Pier E,36,9.2,7.8,International Long-Haul
S25,41,2025-10-13,508,T2,Pier E,37,9.4,7.6,International Long-Haul
S25,41,2025-10-13,509,T2,Pier E,35,8.9,8.1,International Long-Haul
S25,41,2025-10-13,510,T2,Pier E,39,10,7,International Long-Haul
S25,41,2025-10-13,511,T2,Pier E,36,9.2,7.8,International Long-Haul
S25,41,2025-10-13,512,T2,Pier E,36,9.3,7.7,International Long-Haul
S25,41,2025-10-13,513,T2,Pier E,39,10.1,6.9,International Long-Haul
S25,41,2025-10-13,514,T2,Pier E,37,9.5,7.5,International Long-Haul
S25,41,2025-10-13,515,T2,Pier E,37,9.5,7.5,International Long-Haul
S25,41,2025-10-13,601,T1,Remote North,36,2.8,14.2,International Short-Haul
S25,41,2025-10-13,602,T1,Remote North,36,2.8,14.2,International Short-Haul
S25,41,2025-10-13,603,T1,Remote North,32,2.5,14.5,International Short-Haul
S25,41,2025-10-13,604,T1,Remote North,33,2.6,14.4,International Short-Haul
S25,41,2025-10-13,605,T1,Remote North,36,2.8,14.2,International Short-Haul
S25,41,2025-10-13,606,T1,Remote North,32,2.5,14.5,International Short-Haul
S25,41,2025-10-13,607,T1,Remote North,32,2.5,14.5,International Short-Haul
S25,41,2025-10-13,608,T1,Remote North,32,2.5,14.5,International Short-Haul
S25,41,2025-10-13,609,T1,Remote North,31,2.4,14.6,International Short-Haul
S25,41,2025-10-13,610,T1,Remote North,34,2.7,14.3,International Short-Haul
S25,41,2025-10-13,611,T1,Remote North,34,2.7,14.3,International Short-Haul
S25,41,2025-10-13,612,T1,Remote North,36,2.8,14.2,International Short-Haul
S25,41,2025-10-13,613,T1,Remote North,34,2.7,14.3,International Short-Haul
S25,41,2025-10-13,614,T1,Remote North,32,2.5,14.5,International Short-Haul
S25,41,2025-10-13,615,T1,Remote North,31,2.4,14.6,International Short-Haul
S25,41,2025-10-13,616,T1,Remote North,36,2.8,14.2,International Short-Haul
S25,41,2025-10-13,617,T1,Remote North,32,2.5,14.5,International Short-Haul
S25,41,2025-10-13,618,T1,Remote North,32,2.5,14.5,International Short-Haul
S25,41,2025-10-13,619,T1,Remote North,36,2.8,14.2,International Short-Haul
S25,41,2025-10-13,620,T1,Remote North,33,2.6,14.4,International Short-Haul
S25,41,2025-10-13,621,T1,Remote North,32,2.5,14.5,International Short-Haul
S25,41,2025-10-13,701,T1,Remote South,6,1.8,15.2,Cargo
S25,41,2025-10-13,702,T1,Remote South,6,1.8,15.2,Cargo
S25,41,2025-10-13,703,T1,Remote South,6,1.6,15.4,Cargo
S25,41,2025-10-13,704,T1,Remote South,6,1.8,15.2,Cargo
S25,41,2025-10-13,705,T1,Remote South,6,1.6,15.4,Cargo
S25,41,2025-10-13,706,T1,Remote South,6,1.7,15.3,Cargo
S25,41,2025-10-13,707,T1,Remote South,6,1.8,15.2,Cargo
S25,41,2025-10-13,708,T1,Remote South,6,1.8,15.2,Cargo
S25,41,2025-10-13,709,T1,Remote South,6,1.6,15.4,Cargo
S25,41,2025-10-13,710,T1,Remote South,6,1.6,15.4,Cargo
S25,41,2025-10-13,711,T1,Remote South,6,1.6,15.4,Cargo
S25,41,2025-10-13,712,T1,Remote South,6,1.7,15.3,Cargo
S25,42,2025-10-20,101,T1,Pier 1,106,7.6,9.4,International Short-Haul
S25,42,2025-10-20,102,T1,Pier 1,113,8.1,8.9,International Short-Haul
S25,42,2025-10-20,103,T1,Pier 1,106,7.6,9.4,International Short-Haul
S25,42,2025-10-20,104,T1,Pier 1,113,8.1,8.9,International Short-Haul
S25,42,2025-10-20,105,T1,Pier 1,106,7.6,9.4,International Short-Haul
S25,42,2025-10-20,106,T1,Pier 1,120,8.6,8.4,International Short-Haul
S25,42,2025-10-20,107,T1,Pier 1,109,7.8,9.2,International Short-Haul
S25,42,2025-10-20,108,T1,Pier 1,112,8,9,International Short-Haul
S25,42,2025-10-20,109,T1,Pier 1,122,8.7,8.3,International Short-Haul
S25,42,2025-10-20,110,T1,Pier 1,119,8.5,8.5,International Short-Haul
S25,42,2025-10-20,111,T1,Pier 1,109,7.8,9.2,International Short-Haul
S25,42,2025-10-20,112,T1,Pier 1,106,7.6,9.4,International Short-Haul
S25,42,2025-10-20,113,T1,Pier 1,119,8.5,8.5,International Short-Haul
S25,42,2025-10-20,114,T1,Pier 1,112,8,9,International Short-Haul
S25,42,2025-10-20,115,T1,Pier 1,119,8.5,8.5,International Short-Haul
S25,42,2025-10-20,116,T1,Pier 1,113,8.1,8.9,International Short-Haul
S25,42,2025-10-20,117,T1,Pier 1,112,8,9,International Short-Haul
S25,42,2025-10-20,118,T1,Pier 1,113,8.1,8.9,International Short-Haul
S25,42,2025-10-20,119,T1,Pier 1,119,8.5,8.5,International Short-Haul
S25,42,2025-10-20,201,T1,Pier 2,94,7.4,9.6,International Short-Haul
S25,42,2025-10-20,202,T1,Pier 2,83,6.5,10.5,International Short-Haul
S25,42,2025-10-20,203,T1,Pier 2,89,7,10,International Short-Haul
S25,42,2025-10-20,204,T1,Pier 2,81,6.4,10.6,International Short-Haul
S25,42,2025-10-20,205,T1,Pier 2,88,6.9,10.1,International Short-Haul
S25,42,2025-10-20,206,T1,Pier 2,94,7.4,9.6,International Short-Haul
S25,42,2025-10-20,207,T1,Pier 2,87,6.8,10.2,International Short-Haul
S25,42,2025-10-20,208,T1,Pier 2,94,7.4,9.6,International Short-Haul
S25,42,2025-10-20,209,T1,Pier 2,90,7.1,9.9,International Short-Haul
S25,42,2025-10-20,210,T1,Pier 2,94,7.4,9.6,International Short-Haul
S25,42,2025-10-20,211,T1,Pier 2,92,7.2,9.8,International Short-Haul
S25,42,2025-10-20,212,T1,Pier 2,83,6.5,10.5,International Short-Haul
S25,42,2025-10-20,213,T1,Pier 2,85,6.7,10.3,International Short-Haul
S25,42,2025-10-20,214,T1,Pier 2,87,6.8,10.2,International Short-Haul
S25,42,2025-10-20,301,T1,Pier 3,70,6,11,International Short-Haul
S25,42,2025-10-20,302,T1,Pier 3,74,6.3,10.7,International Short-Haul
S25,42,2025-10-20,303,T1,Pier 3,74,6.3,10.7,International Short-Haul
S25,42,2025-10-20,304,T1,Pier 3,78,6.7,10.3,International Short-Haul
S25,42,2025-10-20,305,T1,Pier 3,72,6.2,10.8,International Short-Haul
S25,42,2025-10-20,306,T1,Pier 3,77,6.6,10.4,International Short-Haul
S25,42,2025-10-20,307,T1,Pier 3,78,6.7,10.3,International Short-Haul
S25,42,2025-10-20,308,T1,Pier 3,78,6.7,10.3,International Short-Haul
S25,42,2025-10-20,309,T1,Pier 3,70,6,11,International Short-Haul
S25,42,2025-10-20,310,T1,Pier 3,74,6.3,10.7,International Short-Haul
S25,42,2025-10-20,311,T1,Pier 3,71,6.1,10.9,International Short-Haul
S25,42,2025-10-20,312,T1,Pier 3,72,6.2,10.8,International Short-Haul
S25,42,2025-10-20,313,T1,Pier 3,71,6.1,10.9,International Short-Haul
S25,42,2025-10-20,314,T1,Pier 3,77,6.6,10.4,International Short-Haul
S25,42,2025-10-20,315,T2,Pier 3,72,6.2,10.8,Transatlantic CBP
S25,42,2025-10-20,316,T2,Pier 3,74,6.3,10.7,Transatlantic CBP
S25,42,2025-10-20,317,T2,Pier 3,79,6.8,10.2,Transatlantic CBP
S25,42,2025-10-20,318,T2,Pier 3,68,5.8,11.2,Transatlantic CBP
S25,42,2025-10-20,319,T2,Pier 3,74,6.3,10.7,Transatlantic CBP
S25,42,2025-10-20,320,T2,Pier 3,77,6.6,10.4,Transatlantic CBP
S25,42,2025-10-20,321,T2,Pier 3,69,5.9,11.1,Transatlantic CBP
S25,42,2025-10-20,322,T2,Pier 3,75,6.4,10.6,Transatlantic CBP
S25,42,2025-10-20,323,T2,Pier 3,70,6,11,Transatlantic CBP
S25,42,2025-10-20,401,T2,Pier 4,62,10.7,6.3,Transatlantic CBP
S25,42,2025-10-20,402,T2,Pier 4,58,9.9,7.1,Transatlantic CBP
S25,42,2025-10-20,403,T2,Pier 4,58,9.9,7.1,Transatlantic CBP
S25,42,2025-10-20,404,T2,Pier 4,60,10.3,6.7,Transatlantic CBP
S25,42,2025-10-20,405,T2,Pier 4,56,9.6,7.4,Transatlantic CBP
S25,42,2025-10-20,406,T2,Pier 4,57,9.8,7.2,Transatlantic CBP
S25,42,2025-10-20,407,T2,Pier 4,58,10,7,Transatlantic CBP
S25,42,2025-10-20,408,T2,Pier 4,58,9.9,7.1,Transatlantic CBP
S25,42,2025-10-20,409,T2,Pier 4,60,10.2,6.8,Transatlantic CBP
S25,42,2025-10-20,410,T2,Pier 4,60,10.3,6.7,Transatlantic CBP
S25,42,2025-10-20,411,T2,Pier 4,60,10.3,6.7,Transatlantic CBP
S25,42,2025-10-20,412,T2,Pier 4,61,10.4,6.6,Transatlantic CBP
S25,42,2025-10-20,413,T2,Pier 4,57,9.8,7.2,Transatlantic CBP
S25,42,2025-10-20,414,T2,Pier 4,55,9.5,7.5,Transatlantic CBP
S25,42,2025-10-20,415,T2,Pier 4,62,10.6,6.4,Transatlantic CBP
S25,42,2025-10-20,416,T2,Pier 4,62,10.7,6.3,Transatlantic CBP
S25,42,2025-10-20,417,T2,Pier 4,57,9.7,7.3,Transatlantic CBP
S25,42,2025-10-20,418,T2,Pier 4,58,10,7,Transatlantic CBP
S25,42,2025-10-20,419,T2,Pier 4,59,10.1,6.9,Transatlantic CBP
S25,42,2025-10-20,420,T2,Pier 4,60,10.2,6.8,Transatlantic CBP
S25,42,2025-10-20,421,T2,Pier 4,61,10.4,6.6,Transatlantic CBP
S25,42,2025-10-20,422,T2,Pier 4,55,9.4,7.6,Transatlantic CBP
S25,42,2025-10-20,423,T2,Pier 4,61,10.5,6.5,Transatlantic CBP
S25,42,2025-10-20,424,T2,Pier 4,55,9.4,7.6,Transatlantic CBP
S25,42,2025-10-20,425,T2,Pier 4,59,10.1,6.9,Transatlantic CBP
S25,42,2025-10-20,426,T2,Pier 4,62,10.7,6.3,Transatlantic CBP
S25,42,2025-10-20,501,T2,Pier E,40,10.4,6.6,International Long-Haul
S25,42,2025-10-20,502,T2,Pier E,38,9.9,7.1,International Long-Haul
S25,42,2025-10-20,503,T2,Pier E,44,11.3,5.7,International Long-Haul
S25,42,2025-10-20,504,T2,Pier E,43,11.1,5.9,International Long-Haul
S25,42,2025-10-20,505,T2,Pier E,42,10.9,6.1,International Long-Haul
S25,42,2025-10-20,506,T2,Pier E,40,10.3,6.7,International Long-Haul
S25,42,2025-10-20,507,T2,Pier E,38,9.9,7.1,International Long-Haul
S25,42,2025-10-20,508,T2,Pier E,44,11.2,5.8,International Long-Haul
S25,42,2025-10-20,509,T2,Pier E,41,10.5,6.5,International Long-Haul
S25,42,2025-10-20,510,T2,Pier E,43,11.1,5.9,International Long-Haul
S25,42,2025-10-20,511,T2,Pier E,40,10.2,6.8,International Long-Haul
S25,42,2025-10-20,512,T2,Pier E,40,10.2,6.8,International Long-Haul
S25,42,2025-10-20,513,T2,Pier E,44,11.3,5.7,International Long-Haul
S25,42,2025-10-20,514,T2,Pier E,41,10.5,6.5,International Long-Haul
S25,42,2025-10-20,515,T2,Pier E,38,9.9,7.1,International Long-Haul
S25,42,2025-10-20,601,T1,Remote North,34,2.7,14.3,International Short-Haul
S25,42,2025-10-20,602,T1,Remote North,37,2.9,14.1,International Short-Haul
S25,42,2025-10-20,603,T1,Remote North,34,2.7,14.3,International Short-Haul
S25,42,2025-10-20,604,T1,Remote North,36,2.8,14.2,International Short-Haul
S25,42,2025-10-20,605,T1,Remote North,36,2.8,14.2,International Short-Haul
S25,42,2025-10-20,606,T1,Remote North,38,3,14,International Short-Haul
S25,42,2025-10-20,607,T1,Remote North,36,2.8,14.2,International Short-Haul
S25,42,2025-10-20,608,T1,Remote North,39,3.1,13.9,International Short-Haul
S25,42,2025-10-20,609,T1,Remote North,34,2.7,14.3,International Short-Haul
S25,42,2025-10-20,610,T1,Remote North,37,2.9,14.1,International Short-Haul
S25,42,2025-10-20,611,T1,Remote North,34,2.7,14.3,International Short-Haul
S25,42,2025-10-20,612,T1,Remote North,38,3,14,International Short-Haul
S25,42,2025-10-20,613,T1,Remote North,39,3.1,13.9,International Short-Haul
S25,42,2025-10-20,614,T1,Remote North,38,3,14,International Short-Haul
S25,42,2025-10-20,615,T1,Remote North,37,2.9,14.1,International Short-Haul
S25,42,2025-10-20,616,T1,Remote North,37,2.9,14.1,International Short-Haul
S25,42,2025-10-20,617,T1,Remote North,38,3,14,International Short-Haul
S25,42,2025-10-20,618,T1,Remote North,39,3.1,13.9,International Short-Haul
S25,42,2025-10-20,619,T1,Remote North,39,3.1,13.9,International Short-Haul
S25,42,2025-10-20,620,T1,Remote North,36,2.8,14.2,International Short-Haul
S25,42,2025-10-20,621,T1,Remote North,39,3.1,13.9,International Short-Haul
S25,42,2025-10-20,701,T1,Remote South,6,1.7,15.3,Cargo
S25,42,2025-10-20,702,T1,Remote South,6,1.8,15.2,Cargo
S25,42,2025-10-20,703,T1,Remote South,6,1.7,15.3,Cargo
S25,42,2025-10-20,704,T1,Remote South,6,1.8,15.2,Cargo
S25,42,2025-10-20,705,T1,Remote South,7,1.9,15.1,Cargo
S25,42,2025-10-20,706,T1,Remote South,7,1.9,15.1,Cargo
S25,42,2025-10-20,707,T1,Remote South,7,1.9,15.1,Cargo
S25,42,2025-10-20,708,T1,Remote South,7,1.9,15.1,Cargo
S25,42,2025-10-20,709,T1,Remote South,6,1.8,15.2,Cargo
S25,42,2025-10-20,710,T1,Remote South,7,1.9,15.1,Cargo
S25,42,2025-10-20,711,T1,Remote South,6,1.8,15.2,Cargo
S25,42,2025-10-20,712,T1,Remote South,7,1.9,15.1,Cargo
W25,43,2025-10-27,101,T1,Pier 1,115,8.2,8.8,International Short-Haul
W25,43,2025-10-27,102,T1,Pier 1,115,8.2,8.8,International Short-Haul
W25,43,2025-10-27,103,T1,Pier 1,112,8,9,International Short-Haul
W25,43,2025-10-27,104,T1,Pier 1,118,8.4,8.6,International Short-Haul
W25,43,2025-10-27,105,T1,Pier 1,106,7.6,9.4,International Short-Haul
W25,43,2025-10-27,106,T1,Pier 1,109,7.8,9.2,International Short-Haul
W25,43,2025-10-27,107,T1,Pier 1,116,8.3,8.7,International Short-Haul
W25,43,2025-10-27,108,T1,Pier 1,111,7.9,9.1,International Short-Haul
W25,43,2025-10-27,109,T1,Pier 1,119,8.5,8.5,International Short-Haul
W25,43,2025-10-27,110,T1,Pier 1,109,7.8,9.2,International Short-Haul
W25,43,2025-10-27,111,T1,Pier 1,109,7.8,9.2,International Short-Haul
W25,43,2025-10-27,112,T1,Pier 1,119,8.5,8.5,International Short-Haul
W25,43,2025-10-27,113,T1,Pier 1,111,7.9,9.1,International Short-Haul
W25,43,2025-10-27,114,T1,Pier 1,112,8,9,International Short-Haul
W25,43,2025-10-27,115,T1,Pier 1,108,7.7,9.3,International Short-Haul
W25,43,2025-10-27,116,T1,Pier 1,108,7.7,9.3,International Short-Haul
W25,43,2025-10-27,117,T1,Pier 1,115,8.2,8.8,International Short-Haul
W25,43,2025-10-27,118,T1,Pier 1,105,7.5,9.5,International Short-Haul
W25,43,2025-10-27,119,T1,Pier 1,118,8.4,8.6,International Short-Haul
W25,43,2025-10-27,201,T1,Pier 2,90,7.1,9.9,International Short-Haul
W25,43,2025-10-27,202,T1,Pier 2,81,6.4,10.6,International Short-Haul
W25,43,2025-10-27,203,T1,Pier 2,89,7,10,International Short-Haul
W25,43,2025-10-27,204,T1,Pier 2,88,6.9,10.1,International Short-Haul
W25,43,2025-10-27,205,T1,Pier 2,81,6.4,10.6,International Short-Haul
W25,43,2025-10-27,206,T1,Pier 2,83,6.5,10.5,International Short-Haul
W25,43,2025-10-27,207,T1,Pier 2,85,6.7,10.3,International Short-Haul
W25,43,2025-10-27,208,T1,Pier 2,89,7,10,International Short-Haul
W25,43,2025-10-27,209,T1,Pier 2,88,6.9,10.1,International Short-Haul
W25,43,2025-10-27,210,T1,Pier 2,87,6.8,10.2,International Short-Haul
W25,43,2025-10-27,211,T1,Pier 2,89,7,10,International Short-Haul
W25,43,2025-10-27,212,T1,Pier 2,89,7,10,International Short-Haul
W25,43,2025-10-27,213,T1,Pier 2,88,6.9,10.1,International Short-Haul
W25,43,2025-10-27,214,T1,Pier 2,90,7.1,9.9,International Short-Haul
W25,43,2025-10-27,301,T1,Pier 3,69,5.9,11.1,International Short-Haul
W25,43,2025-10-27,302,T1,Pier 3,76,6.5,10.5,International Short-Haul
W25,43,2025-10-27,303,T1,Pier 3,72,6.2,10.8,International Short-Haul
W25,43,2025-10-27,304,T1,Pier 3,75,6.4,10.6,International Short-Haul
W25,43,2025-10-27,305,T1,Pier 3,71,6.1,10.9,International Short-Haul
W25,43,2025-10-27,306,T1,Pier 3,68,5.8,11.2,International Short-Haul
W25,43,2025-10-27,307,T1,Pier 3,71,6.1,10.9,International Short-Haul
W25,43,2025-10-27,308,T1,Pier 3,70,6,11,International Short-Haul
W25,43,2025-10-27,309,T1,Pier 3,74,6.3,10.7,International Short-Haul
W25,43,2025-10-27,310,T1,Pier 3,71,6.1,10.9,International Short-Haul
W25,43,2025-10-27,311,T1,Pier 3,75,6.4,10.6,International Short-Haul
W25,43,2025-10-27,312,T1,Pier 3,74,6.3,10.7,International Short-Haul
W25,43,2025-10-27,313,T1,Pier 3,74,6.3,10.7,International Short-Haul
W25,43,2025-10-27,314,T1,Pier 3,68,5.8,11.2,International Short-Haul
W25,43,2025-10-27,315,T2,Pier 3,77,6.6,10.4,Transatlantic CBP
W25,43,2025-10-27,316,T2,Pier 3,75,6.4,10.6,Transatlantic CBP
W25,43,2025-10-27,317,T2,Pier 3,75,6.4,10.6,Transatlantic CBP
W25,43,2025-10-27,318,T2,Pier 3,69,5.9,11.1,Transatlantic CBP
W25,43,2025-10-27,319,T2,Pier 3,71,6.1,10.9,Transatlantic CBP
W25,43,2025-10-27,320,T2,Pier 3,66,5.7,11.3,Transatlantic CBP
W25,43,2025-10-27,321,T2,Pier 3,71,6.1,10.9,Transatlantic CBP
W25,43,2025-10-27,322,T2,Pier 3,68,5.8,11.2,Transatlantic CBP
W25,43,2025-10-27,323,T2,Pier 3,72,6.2,10.8,Transatlantic CBP
W25,43,2025-10-27,401,T2,Pier 4,59,10.1,6.9,Transatlantic CBP
W25,43,2025-10-27,402,T2,Pier 4,57,9.7,7.3,Transatlantic CBP
W25,43,2025-10-27,403,T2,Pier 4,58,9.9,7.1,Transatlantic CBP
W25,43,2025-10-27,404,T2,Pier 4,61,10.4,6.6,Transatlantic CBP
W25,43,2025-10-27,405,T2,Pier 4,54,9.2,7.8,Transatlantic CBP
W25,43,2025-10-27,406,T2,Pier 4,60,10.3,6.7,Transatlantic CBP
W25,43,2025-10-27,407,T2,Pier 4,54,9.3,7.7,Transatlantic CBP
W25,43,2025-10-27,408,T2,Pier 4,53,9.1,7.9,Transatlantic CBP
W25,43,2025-10-27,409,T2,Pier 4,55,9.4,7.6,Transatlantic CBP
W25,43,2025-10-27,410,T2,Pier 4,60,10.3,6.7,Transatlantic CBP
W25,43,2025-10-27,411,T2,Pier 4,57,9.7,7.3,Transatlantic CBP
W25,43,2025-10-27,412,T2,Pier 4,61,10.4,6.6,Transatlantic CBP
W25,43,2025-10-27,413,T2,Pier 4,58,9.9,7.1,Transatlantic CBP
W25,43,2025-10-27,414,T2,Pier 4,53,9.1,7.9,Transatlantic CBP
W25,43,2025-10-27,415,T2,Pier 4,60,10.2,6.8,Transatlantic CBP
W25,43,2025-10-27,416,T2,Pier 4,54,9.2,7.8,Transatlantic CBP
W25,43,2025-10-27,417,T2,Pier 4,60,10.3,6.7,Transatlantic CBP
W25,43,2025-10-27,418,T2,Pier 4,54,9.3,7.7,Transatlantic CBP
W25,43,2025-10-27,419,T2,Pier 4,56,9.6,7.4,Transatlantic CBP
W25,43,2025-10-27,420,T2,Pier 4,60,10.3,6.7,Transatlantic CBP
W25,43,2025-10-27,421,T2,Pier 4,62,10.6,6.4,Transatlantic CBP
W25,43,2025-10-27,422,T2,Pier 4,57,9.7,7.3,Transatlantic CBP
W25,43,2025-10-27,423,T2,Pier 4,61,10.4,6.6,Transatlantic CBP
W25,43,2025-10-27,424,T2,Pier 4,55,9.4,7.6,Transatlantic CBP
W25,43,2025-10-27,425,T2,Pier 4,60,10.3,6.7,Transatlantic CBP
W25,43,2025-10-27,426,T2,Pier 4,59,10.1,6.9,Transatlantic CBP
W25,43,2025-10-27,501,T2,Pier E,38,9.7,7.3,International Long-Haul
W25,43,2025-10-27,502,T2,Pier E,38,9.9,7.1,International Long-Haul
W25,43,2025-10-27,503,T2,Pier E,37,9.6,7.4,International Long-Haul
W25,43,2025-10-27,504,T2,Pier E,39,10,7,International Long-Haul
W25,43,2025-10-27,505,T2,Pier E,38,9.7,7.3,International Long-Haul
W25,43,2025-10-27,506,T2,Pier E,40,10.4,6.6,International Long-Haul
W25,43,2025-10-27,507,T2,Pier E,43,11,6,International Long-Haul
W25,43,2025-10-27,508,T2,Pier E,37,9.4,7.6,International Long-Haul
W25,43,2025-10-27,509,T2,Pier E,40,10.2,6.8,International Long-Haul
W25,43,2025-10-27,510,T2,Pier E,40,10.3,6.7,International Long-Haul
W25,43,2025-10-27,511,T2,Pier E,42,10.8,6.2,International Long-Haul
W25,43,2025-10-27,512,T2,Pier E,40,10.2,6.8,International Long-Haul
W25,43,2025-10-27,513,T2,Pier E,40,10.2,6.8,International Long-Haul
W25,43,2025-10-27,514,T2,Pier E,39,10.1,6.9,International Long-Haul
W25,43,2025-10-27,515,T2,Pier E,38,9.8,7.2,International Long-Haul
W25,43,2025-10-27,601,T1,Remote North,33,2.6,14.4,International Short-Haul
W25,43,2025-10-27,602,T1,Remote North,34,2.7,14.3,International Short-Haul
W25,43,2025-10-27,603,T1,Remote North,33,2.6,14.4,International Short-Haul
W25,43,2025-10-27,604,T1,Remote North,36,2.8,14.2,International Short-Haul
W25,43,2025-10-27,605,T1,Remote North,34,2.7,14.3,International Short-Haul
W25,43,2025-10-27,606,T1,Remote North,36,2.8,14.2,International Short-Haul
W25,43,2025-10-27,607,T1,Remote North,33,2.6,14.4,International Short-Haul
W25,43,2025-10-27,608,T1,Remote North,38,3,14,International Short-Haul
W25,43,2025-10-27,609,T1,Remote North,38,3,14,International Short-Haul
W25,43,2025-10-27,610,T1,Remote North,33,2.6,14.4,International Short-Haul
W25,43,2025-10-27,611,T1,Remote North,34,2.7,14.3,International Short-Haul
W25,43,2025-10-27,612,T1,Remote North,36,2.8,14.2,International Short-Haul
W25,43,2025-10-27,613,T1,Remote North,33,2.6,14.4,International Short-Haul
W25,43,2025-10-27,614,T1,Remote North,34,2.7,14.3,International Short-Haul
W25,43,2025-10-27,615,T1,Remote North,34,2.7,14.3,International Short-Haul
W25,43,2025-10-27,616,T1,Remote North,38,3,14,International Short-Haul
W25,43,2025-10-27,617,T1,Remote North,37,2.9,14.1,International Short-Haul
W25,43,2025-10-27,618,T1,Remote North,36,2.8,14.2,International Short-Haul
W25,43,2025-10-27,619,T1,Remote North,36,2.8,14.2,International Short-Haul
W25,43,2025-10-27,620,T1,Remote North,38,3,14,International Short-Haul
W25,43,2025-10-27,621,T1,Remote North,38,3,14,International Short-Haul
W25,43,2025-10-27,701,T1,Remote South,7,1.9,15.1,Cargo
W25,43,2025-10-27,702,T1,Remote South,6,1.7,15.3,Cargo
W25,43,2025-10-27,703,T1,Remote South,6,1.7,15.3,Cargo
W25,43,2025-10-27,704,T1,Remote South,6,1.8,15.2,Cargo
W25,43,2025-10-27,705,T1,Remote South,6,1.8,15.2,Cargo
W25,43,2025-10-27,706,T1,Remote South,6,1.6,15.4,Cargo
W25,43,2025-10-27,707,T1,Remote South,6,1.7,15.3,Cargo
W25,43,2025-10-27,708,T1,Remote South,7,1.9,15.1,Cargo
W25,43,2025-10-27,709,T1,Remote South,7,1.9,15.1,Cargo
W25,43,2025-10-27,710,T1,Remote South,6,1.7,15.3,Cargo
W25,43,2025-10-27,711,T1,Remote South,7,1.9,15.1,Cargo
W25,43,2025-10-27,712,T1,Remote South,6,1.8,15.2,Cargo
W25,44,2025-11-03,101,T1,Pier 1,85,6.1,10.9,International Short-Haul
W25,44,2025-11-03,102,T1,Pier 1,81,5.8,11.2,International Short-Haul
W25,44,2025-11-03,103,T1,Pier 1,77,5.5,11.5,International Short-Haul
W25,44,2025-11-03,104,T1,Pier 1,81,5.8,11.2,International Short-Haul
W25,44,2025-11-03,105,T1,Pier 1,81,5.8,11.2,International Short-Haul
W25,44,2025-11-03,106,T1,Pier 1,83,5.9,11.1,International Short-Haul
W25,44,2025-11-03,107,T1,Pier 1,77,5.5,11.5,International Short-Haul
W25,44,2025-11-03,108,T1,Pier 1,88,6.3,10.7,International Short-Haul
W25,44,2025-11-03,109,T1,Pier 1,78,5.6,11.4,International Short-Haul
W25,44,2025-11-03,110,T1,Pier 1,78,5.6,11.4,International Short-Haul
W25,44,2025-11-03,111,T1,Pier 1,83,5.9,11.1,International Short-Haul
W25,44,2025-11-03,112,T1,Pier 1,83,5.9,11.1,International Short-Haul
W25,44,2025-11-03,113,T1,Pier 1,81,5.8,11.2,International Short-Haul
W25,44,2025-11-03,114,T1,Pier 1,85,6.1,10.9,International Short-Haul
W25,44,2025-11-03,115,T1,Pier 1,83,5.9,11.1,International Short-Haul
W25,44,2025-11-03,116,T1,Pier 1,84,6,11,International Short-Haul
W25,44,2025-11-03,117,T1,Pier 1,85,6.1,10.9,International Short-Haul
W25,44,2025-11-03,118,T1,Pier 1,76,5.4,11.6,International Short-Haul
W25,44,2025-11-03,119,T1,Pier 1,83,5.9,11.1,International Short-Haul
W25,44,2025-11-03,201,T1,Pier 2,67,5.3,11.7,International Short-Haul
W25,44,2025-11-03,202,T1,Pier 2,59,4.6,12.4,International Short-Haul
W25,44,2025-11-03,203,T1,Pier 2,62,4.9,12.1,International Short-Haul
W25,44,2025-11-03,204,T1,Pier 2,67,5.3,11.7,International Short-Haul
W25,44,2025-11-03,205,T1,Pier 2,62,4.9,12.1,International Short-Haul
W25,44,2025-11-03,206,T1,Pier 2,62,4.9,12.1,International Short-Haul
W25,44,2025-11-03,207,T1,Pier 2,69,5.4,11.6,International Short-Haul
W25,44,2025-11-03,208,T1,Pier 2,60,4.7,12.3,International Short-Haul
W25,44,2025-11-03,209,T1,Pier 2,59,4.6,12.4,International Short-Haul
W25,44,2025-11-03,210,T1,Pier 2,67,5.3,11.7,International Short-Haul
W25,44,2025-11-03,211,T1,Pier 2,67,5.3,11.7,International Short-Haul
W25,44,2025-11-03,212,T1,Pier 2,62,4.9,12.1,International Short-Haul
W25,44,2025-11-03,213,T1,Pier 2,64,5,12,International Short-Haul
W25,44,2025-11-03,214,T1,Pier 2,66,5.2,11.8,International Short-Haul
W25,44,2025-11-03,301,T1,Pier 3,55,4.7,12.3,International Short-Haul
W25,44,2025-11-03,302,T1,Pier 3,50,4.3,12.7,International Short-Haul
W25,44,2025-11-03,303,T1,Pier 3,48,4.1,12.9,International Short-Haul
W25,44,2025-11-03,304,T1,Pier 3,52,4.5,12.5,International Short-Haul
W25,44,2025-11-03,305,T1,Pier 3,55,4.7,12.3,International Short-Haul
W25,44,2025-11-03,306,T1,Pier 3,56,4.8,12.2,International Short-Haul
W25,44,2025-11-03,307,T1,Pier 3,56,4.8,12.2,International Short-Haul
W25,44,2025-11-03,308,T1,Pier 3,56,4.8,12.2,International Short-Haul
W25,44,2025-11-03,309,T1,Pier 3,52,4.5,12.5,International Short-Haul
W25,44,2025-11-03,310,T1,Pier 3,51,4.4,12.6,International Short-Haul
W25,44,2025-11-03,311,T1,Pier 3,55,4.7,12.3,International Short-Haul
W25,44,2025-11-03,312,T1,Pier 3,55,4.7,12.3,International Short-Haul
W25,44,2025-11-03,313,T1,Pier 3,52,4.5,12.5,International Short-Haul
W25,44,2025-11-03,314,T1,Pier 3,49,4.2,12.8,International Short-Haul
W25,44,2025-11-03,315,T2,Pier 3,56,4.8,12.2,Transatlantic CBP
W25,44,2025-11-03,316,T2,Pier 3,52,4.5,12.5,Transatlantic CBP
W25,44,2025-11-03,317,T2,Pier 3,51,4.4,12.6,Transatlantic CBP
W25,44,2025-11-03,318,T2,Pier 3,54,4.6,12.4,Transatlantic CBP
W25,44,2025-11-03,319,T2,Pier 3,54,4.6,12.4,Transatlantic CBP
W25,44,2025-11-03,320,T2,Pier 3,50,4.3,12.7,Transatlantic CBP
W25,44,2025-11-03,321,T2,Pier 3,55,4.7,12.3,Transatlantic CBP
W25,44,2025-11-03,322,T2,Pier 3,50,4.3,12.7,Transatlantic CBP
W25,44,2025-11-03,323,T2,Pier 3,50,4.3,12.7,Transatlantic CBP
W25,44,2025-11-03,401,T2,Pier 4,41,7.1,9.9,Transatlantic CBP
W25,44,2025-11-03,402,T2,Pier 4,44,7.5,9.5,Transatlantic CBP
W25,44,2025-11-03,403,T2,Pier 4,46,7.8,9.2,Transatlantic CBP
W25,44,2025-11-03,404,T2,Pier 4,44,7.6,9.4,Transatlantic CBP
W25,44,2025-11-03,405,T2,Pier 4,46,7.8,9.2,Transatlantic CBP
W25,44,2025-11-03,406,T2,Pier 4,40,6.8,10.2,Transatlantic CBP
W25,44,2025-11-03,407,T2,Pier 4,39,6.7,10.3,Transatlantic CBP
W25,44,2025-11-03,408,T2,Pier 4,43,7.3,9.7,Transatlantic CBP
W25,44,2025-11-03,409,T2,Pier 4,41,7,10,Transatlantic CBP
W25,44,2025-11-03,410,T2,Pier 4,44,7.6,9.4,Transatlantic CBP
W25,44,2025-11-03,411,T2,Pier 4,43,7.4,9.6,Transatlantic CBP
W25,44,2025-11-03,412,T2,Pier 4,46,7.8,9.2,Transatlantic CBP
W25,44,2025-11-03,413,T2,Pier 4,41,7,10,Transatlantic CBP
W25,44,2025-11-03,414,T2,Pier 4,42,7.2,9.8,Transatlantic CBP
W25,44,2025-11-03,415,T2,Pier 4,42,7.2,9.8,Transatlantic CBP
W25,44,2025-11-03,416,T2,Pier 4,40,6.9,10.1,Transatlantic CBP
W25,44,2025-11-03,417,T2,Pier 4,43,7.3,9.7,Transatlantic CBP
W25,44,2025-11-03,418,T2,Pier 4,42,7.2,9.8,Transatlantic CBP
W25,44,2025-11-03,419,T2,Pier 4,42,7.2,9.8,Transatlantic CBP
W25,44,2025-11-03,420,T2,Pier 4,41,7.1,9.9,Transatlantic CBP
W25,44,2025-11-03,421,T2,Pier 4,39,6.7,10.3,Transatlantic CBP
W25,44,2025-11-03,422,T2,Pier 4,43,7.3,9.7,Transatlantic CBP
W25,44,2025-11-03,423,T2,Pier 4,41,7.1,9.9,Transatlantic CBP
W25,44,2025-11-03,424,T2,Pier 4,39,6.7,10.3,Transatlantic CBP
W25,44,2025-11-03,425,T2,Pier 4,41,7,10,Transatlantic CBP
W25,44,2025-11-03,426,T2,Pier 4,41,7,10,Transatlantic CBP
W25,44,2025-11-03,501,T2,Pier E,29,7.4,9.6,International Long-Haul
W25,44,2025-11-03,502,T2,Pier E,27,7,10,International Long-Haul
W25,44,2025-11-03,503,T2,Pier E,29,7.5,9.5,International Long-Haul
W25,44,2025-11-03,504,T2,Pier E,30,7.7,9.3,International Long-Haul
W25,44,2025-11-03,505,T2,Pier E,30,7.6,9.4,International Long-Haul
W25,44,2025-11-03,506,T2,Pier E,30,7.8,9.2,International Long-Haul
W25,44,2025-11-03,507,T2,Pier E,29,7.4,9.6,International Long-Haul
W25,44,2025-11-03,508,T2,Pier E,29,7.5,9.5,International Long-Haul
W25,44,2025-11-03,509,T2,Pier E,31,7.9,9.1,International Long-Haul
W25,44,2025-11-03,510,T2,Pier E,29,7.4,9.6,International Long-Haul
W25,44,2025-11-03,511,T2,Pier E,30,7.7,9.3,International Long-Haul
W25,44,2025-11-03,512,T2,Pier E,29,7.4,9.6,International Long-Haul
W25,44,2025-11-03,513,T2,Pier E,29,7.4,9.6,International Long-Haul
W25,44,2025-11-03,514,T2,Pier E,30,7.8,9.2,International Long-Haul
W25,44,2025-11-03,515,T2,Pier E,28,7.1,9.9,International Long-Haul
W25,44,2025-11-03,601,T1,Remote North,25,2,15,International Short-Haul
W25,44,2025-11-03,602,T1,Remote North,25,2,15,International Short-Haul
W25,44,2025-11-03,603,T1,Remote North,25,2,15,International Short-Haul
W25,44,2025-11-03,604,T1,Remote North,25,2,15,International Short-Haul
W25,44,2025-11-03,605,T1,Remote North,27,2.1,14.9,International Short-Haul
W25,44,2025-11-03,606,T1,Remote North,27,2.1,14.9,International Short-Haul
W25,44,2025-11-03,607,T1,Remote North,27,2.1,14.9,International Short-Haul
W25,44,2025-11-03,608,T1,Remote North,25,2,15,International Short-Haul
W25,44,2025-11-03,609,T1,Remote North,28,2.2,14.8,International Short-Haul
W25,44,2025-11-03,610,T1,Remote North,27,2.1,14.9,International Short-Haul
W25,44,2025-11-03,611,T1,Remote North,25,2,15,International Short-Haul
W25,44,2025-11-03,612,T1,Remote North,28,2.2,14.8,International Short-Haul
W25,44,2025-11-03,613,T1,Remote North,27,2.1,14.9,International Short-Haul
W25,44,2025-11-03,614,T1,Remote North,27,2.1,14.9,International Short-Haul
W25,44,2025-11-03,615,T1,Remote North,24,1.9,15.1,International Short-Haul
W25,44,2025-11-03,616,T1,Remote North,25,2,15,International Short-Haul
W25,44,2025-11-03,617,T1,Remote North,28,2.2,14.8,International Short-Haul
W25,44,2025-11-03,618,T1,Remote North,25,2,15,International Short-Haul
W25,44,2025-11-03,619,T1,Remote North,27,2.1,14.9,International Short-Haul
W25,44,2025-11-03,620,T1,Remote North,27,2.1,14.9,International Short-Haul
W25,44,2025-11-03,621,T1,Remote North,28,2.2,14.8,International Short-Haul
W25,44,2025-11-03,701,T1,Remote South,5,1.3,15.7,Cargo
W25,44,2025-11-03,702,T1,Remote South,5,1.3,15.7,Cargo
W25,44,2025-11-03,703,T1,Remote South,4,1.2,15.8,Cargo
W25,44,2025-11-03,704,T1,Remote South,5,1.4,15.6,Cargo
W25,44,2025-11-03,705,T1,Remote South,5,1.4,15.6,Cargo
W25,44,2025-11-03,706,T1,Remote South,4,1.2,15.8,Cargo
W25,44,2025-11-03,707,T1,Remote South,5,1.3,15.7,Cargo
W25,44,2025-11-03,708,T1,Remote South,5,1.3,15.7,Cargo
W25,44,2025-11-03,709,T1,Remote South,4,1.2,15.8,Cargo
W25,44,2025-11-03,710,T1,Remote South,5,1.3,15.7,Cargo
W25,44,2025-11-03,711,T1,Remote South,4,1.2,15.8,Cargo
W25,44,2025-11-03,712,T1,Remote South,5,1.3,15.7,Cargo
W25,45,2025-11-10,101,T1,Pier 1,77,5.5,11.5,International Short-Haul
W25,45,2025-11-10,102,T1,Pier 1,81,5.8,11.2,International Short-Haul
W25,45,2025-11-10,103,T1,Pier 1,83,5.9,11.1,International Short-Haul
W25,45,2025-11-10,104,T1,Pier 1,80,5.7,11.3,International Short-Haul
W25,45,2025-11-10,105,T1,Pier 1,73,5.2,11.8,International Short-Haul
W25,45,2025-11-10,106,T1,Pier 1,84,6,11,International Short-Haul
W25,45,2025-11-10,107,T1,Pier 1,81,5.8,11.2,International Short-Haul
W25,45,2025-11-10,108,T1,Pier 1,73,5.2,11.8,International Short-Haul
W25,45,2025-11-10,109,T1,Pier 1,83,5.9,11.1,International Short-Haul
W25,45,2025-11-10,110,T1,Pier 1,74,5.3,11.7,International Short-Haul
W25,45,2025-11-10,111,T1,Pier 1,80,5.7,11.3,International Short-Haul
W25,45,2025-11-10,112,T1,Pier 1,78,5.6,11.4,International Short-Haul
W25,45,2025-11-10,113,T1,Pier 1,77,5.5,11.5,International Short-Haul
W25,45,2025-11-10,114,T1,Pier 1,84,6,11,International Short-Haul
W25,45,2025-11-10,115,T1,Pier 1,78,5.6,11.4,International Short-Haul
W25,45,2025-11-10,116,T1,Pier 1,73,5.2,11.8,International Short-Haul
W25,45,2025-11-10,117,T1,Pier 1,84,6,11,International Short-Haul
W25,45,2025-11-10,118,T1,Pier 1,84,6,11,International Short-Haul
W25,45,2025-11-10,119,T1,Pier 1,81,5.8,11.2,International Short-Haul
W25,45,2025-11-10,201,T1,Pier 2,60,4.7,12.3,International Short-Haul
W25,45,2025-11-10,202,T1,Pier 2,57,4.5,12.5,International Short-Haul
W25,45,2025-11-10,203,T1,Pier 2,64,5,12,International Short-Haul
W25,45,2025-11-10,204,T1,Pier 2,56,4.4,12.6,International Short-Haul
W25,45,2025-11-10,205,T1,Pier 2,56,4.4,12.6,International Short-Haul
W25,45,2025-11-10,206,T1,Pier 2,61,4.8,12.2,International Short-Haul
W25,45,2025-11-10,207,T1,Pier 2,57,4.5,12.5,International Short-Haul
W25,45,2025-11-10,208,T1,Pier 2,56,4.4,12.6,International Short-Haul
W25,45,2025-11-10,209,T1,Pier 2,60,4.7,12.3,International Short-Haul
W25,45,2025-11-10,210,T1,Pier 2,57,4.5,12.5,International Short-Haul
W25,45,2025-11-10,211,T1,Pier 2,57,4.5,12.5,International Short-Haul
W25,45,2025-11-10,212,T1,Pier 2,56,4.4,12.6,International Short-Haul
W25,45,2025-11-10,213,T1,Pier 2,57,4.5,12.5,International Short-Haul
W25,45,2025-11-10,214,T1,Pier 2,62,4.9,12.1,International Short-Haul
W25,45,2025-11-10,301,T1,Pier 3,52,4.5,12.5,International Short-Haul
W25,45,2025-11-10,302,T1,Pier 3,50,4.3,12.7,International Short-Haul
W25,45,2025-11-10,303,T1,Pier 3,50,4.3,12.7,International Short-Haul
W25,45,2025-11-10,304,T1,Pier 3,47,4,13,International Short-Haul
W25,45,2025-11-10,305,T1,Pier 3,47,4,13,International Short-Haul
W25,45,2025-11-10,306,T1,Pier 3,48,4.1,12.9,International Short-Haul
W25,45,2025-11-10,307,T1,Pier 3,50,4.3,12.7,International Short-Haul
W25,45,2025-11-10,308,T1,Pier 3,52,4.5,12.5,International Short-Haul
W25,45,2025-11-10,309,T1,Pier 3,51,4.4,12.6,International Short-Haul
W25,45,2025-11-10,310,T1,Pier 3,49,4.2,12.8,International Short-Haul
W25,45,2025-11-10,311,T1,Pier 3,47,4,13,International Short-Haul
W25,45,2025-11-10,312,T1,Pier 3,52,4.5,12.5,International Short-Haul
W25,45,2025-11-10,313,T1,Pier 3,49,4.2,12.8,International Short-Haul
W25,45,2025-11-10,314,T1,Pier 3,52,4.5,12.5,International Short-Haul
W25,45,2025-11-10,315,T2,Pier 3,50,4.3,12.7,Transatlantic CBP
W25,45,2025-11-10,316,T2,Pier 3,52,4.5,12.5,Transatlantic CBP
W25,45,2025-11-10,317,T2,Pier 3,54,4.6,12.4,Transatlantic CBP
W25,45,2025-11-10,318,T2,Pier 3,54,4.6,12.4,Transatlantic CBP
W25,45,2025-11-10,319,T2,Pier 3,50,4.3,12.7,Transatlantic CBP
W25,45,2025-11-10,320,T2,Pier 3,50,4.3,12.7,Transatlantic CBP
W25,45,2025-11-10,321,T2,Pier 3,48,4.1,12.9,Transatlantic CBP
W25,45,2025-11-10,322,T2,Pier 3,54,4.6,12.4,Transatlantic CBP
W25,45,2025-11-10,323,T2,Pier 3,50,4.3,12.7,Transatlantic CBP
W25,45,2025-11-10,401,T2,Pier 4,38,6.5,10.5,Transatlantic CBP
W25,45,2025-11-10,402,T2,Pier 4,40,6.9,10.1,Transatlantic CBP
W25,45,2025-11-10,403,T2,Pier 4,38,6.5,10.5,Transatlantic CBP
W25,45,2025-11-10,404,T2,Pier 4,41,7,10,Transatlantic CBP
W25,45,2025-11-10,405,T2,Pier 4,41,7,10,Transatlantic CBP
W25,45,2025-11-10,406,T2,Pier 4,40,6.8,10.2,Transatlantic CBP
W25,45,2025-11-10,407,T2,Pier 4,38,6.5,10.5,Transatlantic CBP
W25,45,2025-11-10,408,T2,Pier 4,43,7.4,9.6,Transatlantic CBP
W25,45,2025-11-10,409,T2,Pier 4,43,7.3,9.7,Transatlantic CBP
W25,45,2025-11-10,410,T2,Pier 4,43,7.3,9.7,Transatlantic CBP
W25,45,2025-11-10,411,T2,Pier 4,40,6.8,10.2,Transatlantic CBP
W25,45,2025-11-10,412,T2,Pier 4,42,7.2,9.8,Transatlantic CBP
W25,45,2025-11-10,413,T2,Pier 4,40,6.9,10.1,Transatlantic CBP
W25,45,2025-11-10,414,T2,Pier 4,38,6.6,10.4,Transatlantic CBP
W25,45,2025-11-10,415,T2,Pier 4,38,6.5,10.5,Transatlantic CBP
W25,45,2025-11-10,416,T2,Pier 4,40,6.8,10.2,Transatlantic CBP
W25,45,2025-11-10,417,T2,Pier 4,38,6.6,10.4,Transatlantic CBP
W25,45,2025-11-10,418,T2,Pier 4,44,7.5,9.5,Transatlantic CBP
W25,45,2025-11-10,419,T2,Pier 4,38,6.5,10.5,Transatlantic CBP
W25,45,2025-11-10,420,T2,Pier 4,40,6.9,10.1,Transatlantic CBP
W25,45,2025-11-10,421,T2,Pier 4,40,6.9,10.1,Transatlantic CBP
W25,45,2025-11-10,422,T2,Pier 4,39,6.7,10.3,Transatlantic CBP
W25,45,2025-11-10,423,T2,Pier 4,41,7,10,Transatlantic CBP
W25,45,2025-11-10,424,T2,Pier 4,38,6.6,10.4,Transatlantic CBP
W25,45,2025-11-10,425,T2,Pier 4,43,7.3,9.7,Transatlantic CBP
W25,45,2025-11-10,426,T2,Pier 4,40,6.8,10.2,Transatlantic CBP
W25,45,2025-11-10,501,T2,Pier E,28,7.3,9.7,International Long-Haul
W25,45,2025-11-10,502,T2,Pier E,29,7.4,9.6,International Long-Haul
W25,45,2025-11-10,503,T2,Pier E,30,7.6,9.4,International Long-Haul
W25,45,2025-11-10,504,T2,Pier E,30,7.6,9.4,International Long-Haul
W25,45,2025-11-10,505,T2,Pier E,28,7.3,9.7,International Long-Haul
W25,45,2025-11-10,506,T2,Pier E,28,7.1,9.9,International Long-Haul
W25,45,2025-11-10,507,T2,Pier E,28,7.2,9.8,International Long-Haul
W25,45,2025-11-10,508,T2,Pier E,29,7.5,9.5,International Long-Haul
W25,45,2025-11-10,509,T2,Pier E,30,7.6,9.4,International Long-Haul
W25,45,2025-11-10,510,T2,Pier E,26,6.7,10.3,International Long-Haul
W25,45,2025-11-10,511,T2,Pier E,27,7,10,International Long-Haul
W25,45,2025-11-10,512,T2,Pier E,29,7.5,9.5,International Long-Haul
W25,45,2025-11-10,513,T2,Pier E,28,7.1,9.9,International Long-Haul
W25,45,2025-11-10,514,T2,Pier E,27,7,10,International Long-Haul
W25,45,2025-11-10,515,T2,Pier E,28,7.1,9.9,International Long-Haul
W25,45,2025-11-10,601,T1,Remote North,25,2,15,International Short-Haul
W25,45,2025-11-10,602,T1,Remote North,27,2.1,14.9,International Short-Haul
W25,45,2025-11-10,603,T1,Remote North,25,2,15,International Short-Haul
W25,45,2025-11-10,604,T1,Remote North,24,1.9,15.1,International Short-Haul
W25,45,2025-11-10,605,T1,Remote North,24,1.9,15.1,International Short-Haul
W25,45,2025-11-10,606,T1,Remote North,23,1.8,15.2,International Short-Haul
W25,45,2025-11-10,607,T1,Remote North,25,2,15,International Short-Haul
W25,45,2025-11-10,608,T1,Remote North,25,2,15,International Short-Haul
W25,45,2025-11-10,609,T1,Remote North,24,1.9,15.1,International Short-Haul
W25,45,2025-11-10,610,T1,Remote North,25,2,15,International Short-Haul
W25,45,2025-11-10,611,T1,Remote North,25,2,15,International Short-Haul
W25,45,2025-11-10,612,T1,Remote North,24,1.9,15.1,International Short-Haul
W25,45,2025-11-10,613,T1,Remote North,24,1.9,15.1,International Short-Haul
W25,45,2025-11-10,614,T1,Remote North,27,2.1,14.9,International Short-Haul
W25,45,2025-11-10,615,T1,Remote North,24,1.9,15.1,International Short-Haul
W25,45,2025-11-10,616,T1,Remote North,25,2,15,International Short-Haul
W25,45,2025-11-10,617,T1,Remote North,25,2,15,International Short-Haul
W25,45,2025-11-10,618,T1,Remote North,27,2.1,14.9,International Short-Haul
W25,45,2025-11-10,619,T1,Remote North,27,2.1,14.9,International Short-Haul
W25,45,2025-11-10,620,T1,Remote North,25,2,15,International Short-Haul
W25,45,2025-11-10,621,T1,Remote North,27,2.1,14.9,International Short-Haul
W25,45,2025-11-10,701,T1,Remote South,5,1.3,15.7,Cargo
W25,45,2025-11-10,702,T1,Remote South,5,1.3,15.7,Cargo
W25,45,2025-11-10,703,T1,Remote South,4,1.2,15.8,Cargo
W25,45,2025-11-10,704,T1,Remote South,4,1.2,15.8,Cargo
W25,45,2025-11-10,705,T1,Remote South,5,1.3,15.7,Cargo
W25,45,2025-11-10,706,T1,Remote South,5,1.3,15.7,Cargo
W25,45,2025-11-10,707,T1,Remote South,4,1.2,15.8,Cargo
W25,45,2025-11-10,708,T1,Remote South,4,1.2,15.8,Cargo
W25,45,2025-11-10,709,T1,Remote South,5,1.3,15.7,Cargo
W25,45,2025-11-10,710,T1,Remote South,4,1.2,15.8,Cargo
W25,45,2025-11-10,711,T1,Remote South,5,1.3,15.7,Cargo
W25,45,2025-11-10,712,T1,Remote South,5,1.3,15.7,Cargo
W25,46,2025-11-17,101,T1,Pier 1,81,5.8,11.2,International Short-Haul
W25,46,2025-11-17,102,T1,Pier 1,74,5.3,11.7,International Short-Haul
W25,46,2025-11-17,103,T1,Pier 1,76,5.4,11.6,International Short-Haul
W25,46,2025-11-17,104,T1,Pier 1,76,5.4,11.6,International Short-Haul
W25,46,2025-11-17,105,T1,Pier 1,77,5.5,11.5,International Short-Haul
W25,46,2025-11-17,106,T1,Pier 1,81,5.8,11.2,International Short-Haul
W25,46,2025-11-17,107,T1,Pier 1,80,5.7,11.3,International Short-Haul
W25,46,2025-11-17,108,T1,Pier 1,76,5.4,11.6,International Short-Haul
W25,46,2025-11-17,109,T1,Pier 1,74,5.3,11.7,International Short-Haul
W25,46,2025-11-17,110,T1,Pier 1,76,5.4,11.6,International Short-Haul
W25,46,2025-11-17,111,T1,Pier 1,85,6.1,10.9,International Short-Haul
W25,46,2025-11-17,112,T1,Pier 1,80,5.7,11.3,International Short-Haul
W25,46,2025-11-17,113,T1,Pier 1,84,6,11,International Short-Haul
W25,46,2025-11-17,114,T1,Pier 1,84,6,11,International Short-Haul
W25,46,2025-11-17,115,T1,Pier 1,80,5.7,11.3,International Short-Haul
W25,46,2025-11-17,116,T1,Pier 1,83,5.9,11.1,International Short-Haul
W25,46,2025-11-17,117,T1,Pier 1,76,5.4,11.6,International Short-Haul
W25,46,2025-11-17,118,T1,Pier 1,83,5.9,11.1,International Short-Haul
W25,46,2025-11-17,119,T1,Pier 1,77,5.5,11.5,International Short-Haul
W25,46,2025-11-17,201,T1,Pier 2,65,5.1,11.9,International Short-Haul
W25,46,2025-11-17,202,T1,Pier 2,57,4.5,12.5,International Short-Haul
W25,46,2025-11-17,203,T1,Pier 2,64,5,12,International Short-Haul
W25,46,2025-11-17,204,T1,Pier 2,57,4.5,12.5,International Short-Haul
W25,46,2025-11-17,205,T1,Pier 2,65,5.1,11.9,International Short-Haul
W25,46,2025-11-17,206,T1,Pier 2,60,4.7,12.3,International Short-Haul
W25,46,2025-11-17,207,T1,Pier 2,64,5,12,International Short-Haul
W25,46,2025-11-17,208,T1,Pier 2,61,4.8,12.2,International Short-Haul
W25,46,2025-11-17,209,T1,Pier 2,60,4.7,12.3,International Short-Haul
W25,46,2025-11-17,210,T1,Pier 2,62,4.9,12.1,International Short-Haul
W25,46,2025-11-17,211,T1,Pier 2,66,5.2,11.8,International Short-Haul
W25,46,2025-11-17,212,T1,Pier 2,57,4.5,12.5,International Short-Haul
W25,46,2025-11-17,213,T1,Pier 2,66,5.2,11.8,International Short-Haul
W25,46,2025-11-17,214,T1,Pier 2,62,4.9,12.1,International Short-Haul
W25,46,2025-11-17,301,T1,Pier 3,54,4.6,12.4,International Short-Haul
W25,46,2025-11-17,302,T1,Pier 3,50,4.3,12.7,International Short-Haul
W25,46,2025-11-17,303,T1,Pier 3,50,4.3,12.7,International Short-Haul
W25,46,2025-11-17,304,T1,Pier 3,54,4.6,12.4,International Short-Haul
W25,46,2025-11-17,305,T1,Pier 3,50,4.3,12.7,International Short-Haul
W25,46,2025-11-17,306,T1,Pier 3,51,4.4,12.6,International Short-Haul
W25,46,2025-11-17,307,T1,Pier 3,47,4,13,International Short-Haul
W25,46,2025-11-17,308,T1,Pier 3,48,4.1,12.9,International Short-Haul
W25,46,2025-11-17,309,T1,Pier 3,52,4.5,12.5,International Short-Haul
W25,46,2025-11-17,310,T1,Pier 3,52,4.5,12.5,International Short-Haul
W25,46,2025-11-17,311,T1,Pier 3,51,4.4,12.6,International Short-Haul
W25,46,2025-11-17,312,T1,Pier 3,48,4.1,12.9,International Short-Haul
W25,46,2025-11-17,313,T1,Pier 3,50,4.3,12.7,International Short-Haul
W25,46,2025-11-17,314,T1,Pier 3,50,4.3,12.7,International Short-Haul
W25,46,2025-11-17,315,T2,Pier 3,51,4.4,12.6,Transatlantic CBP
W25,46,2025-11-17,316,T2,Pier 3,54,4.6,12.4,Transatlantic CBP
W25,46,2025-11-17,317,T2,Pier 3,54,4.6,12.4,Transatlantic CBP
W25,46,2025-11-17,318,T2,Pier 3,48,4.1,12.9,Transatlantic CBP
W25,46,2025-11-17,319,T2,Pier 3,54,4.6,12.4,Transatlantic CBP
W25,46,2025-11-17,320,T2,Pier 3,50,4.3,12.7,Transatlantic CBP
W25,46,2025-11-17,321,T2,Pier 3,52,4.5,12.5,Transatlantic CBP
W25,46,2025-11-17,322,T2,Pier 3,48,4.1,12.9,Transatlantic CBP
W25,46,2025-11-17,323,T2,Pier 3,52,4.5,12.5,Transatlantic CBP
W25,46,2025-11-17,401,T2,Pier 4,40,6.8,10.2,Transatlantic CBP
W25,46,2025-11-17,402,T2,Pier 4,41,7,10,Transatlantic CBP
W25,46,2025-11-17,403,T2,Pier 4,38,6.5,10.5,Transatlantic CBP
W25,46,2025-11-17,404,T2,Pier 4,39,6.7,10.3,Transatlantic CBP
W25,46,2025-11-17,405,T2,Pier 4,38,6.6,10.4,Transatlantic CBP
W25,46,2025-11-17,406,T2,Pier 4,40,6.8,10.2,Transatlantic CBP
W25,46,2025-11-17,407,T2,Pier 4,38,6.6,10.4,Transatlantic CBP
W25,46,2025-11-17,408,T2,Pier 4,43,7.3,9.7,Transatlantic CBP
W25,46,2025-11-17,409,T2,Pier 4,38,6.5,10.5,Transatlantic CBP
W25,46,2025-11-17,410,T2,Pier 4,42,7.2,9.8,Transatlantic CBP
W25,46,2025-11-17,411,T2,Pier 4,38,6.6,10.4,Transatlantic CBP
W25,46,2025-11-17,412,T2,Pier 4,44,7.6,9.4,Transatlantic CBP
W25,46,2025-11-17,413,T2,Pier 4,44,7.5,9.5,Transatlantic CBP
W25,46,2025-11-17,414,T2,Pier 4,39,6.7,10.3,Transatlantic CBP
W25,46,2025-11-17,415,T2,Pier 4,42,7.2,9.8,Transatlantic CBP
W25,46,2025-11-17,416,T2,Pier 4,38,6.5,10.5,Transatlantic CBP
W25,46,2025-11-17,417,T2,Pier 4,44,7.5,9.5,Transatlantic CBP
W25,46,2025-11-17,418,T2,Pier 4,41,7.1,9.9,Transatlantic CBP
W25,46,2025-11-17,419,T2,Pier 4,38,6.5,10.5,Transatlantic CBP
W25,46,2025-11-17,420,T2,Pier 4,40,6.9,10.1,Transatlantic CBP
W25,46,2025-11-17,421,T2,Pier 4,38,6.6,10.4,Transatlantic CBP
W25,46,2025-11-17,422,T2,Pier 4,40,6.9,10.1,Transatlantic CBP
W25,46,2025-11-17,423,T2,Pier 4,42,7.2,9.8,Transatlantic CBP
W25,46,2025-11-17,424,T2,Pier 4,41,7,10,Transatlantic CBP
W25,46,2025-11-17,425,T2,Pier 4,40,6.9,10.1,Transatlantic CBP
W25,46,2025-11-17,426,T2,Pier 4,38,6.6,10.4,Transatlantic CBP
W25,46,2025-11-17,501,T2,Pier E,27,7,10,International Long-Haul
W25,46,2025-11-17,502,T2,Pier E,26,6.8,10.2,International Long-Haul
W25,46,2025-11-17,503,T2,Pier E,30,7.6,9.4,International Long-Haul
W25,46,2025-11-17,504,T2,Pier E,27,6.9,10.1,International Long-Haul
W25,46,2025-11-17,505,T2,Pier E,29,7.4,9.6,International Long-Haul
W25,46,2025-11-17,506,T2,Pier E,28,7.1,9.9,International Long-Haul
W25,46,2025-11-17,507,T2,Pier E,27,7,10,International Long-Haul
W25,46,2025-11-17,508,T2,Pier E,29,7.4,9.6,International Long-Haul
W25,46,2025-11-17,509,T2,Pier E,28,7.2,9.8,International Long-Haul
W25,46,2025-11-17,510,T2,Pier E,28,7.2,9.8,International Long-Haul
W25,46,2025-11-17,511,T2,Pier E,29,7.4,9.6,International Long-Haul
W25,46,2025-11-17,512,T2,Pier E,28,7.3,9.7,International Long-Haul
W25,46,2025-11-17,513,T2,Pier E,28,7.1,9.9,International Long-Haul
W25,46,2025-11-17,514,T2,Pier E,29,7.4,9.6,International Long-Haul
W25,46,2025-11-17,515,T2,Pier E,29,7.5,9.5,International Long-Haul
W25,46,2025-11-17,601,T1,Remote North,23,1.8,15.2,International Short-Haul
W25,46,2025-11-17,602,T1,Remote North,25,2,15,International Short-Haul
W25,46,2025-11-17,603,T1,Remote North,24,1.9,15.1,International Short-Haul
W25,46,2025-11-17,604,T1,Remote North,24,1.9,15.1,International Short-Haul
W25,46,2025-11-17,605,T1,Remote North,25,2,15,International Short-Haul
W25,46,2025-11-17,606,T1,Remote North,27,2.1,14.9,International Short-Haul
W25,46,2025-11-17,607,T1,Remote North,27,2.1,14.9,International Short-Haul
W25,46,2025-11-17,608,T1,Remote North,24,1.9,15.1,International Short-Haul
W25,46,2025-11-17,609,T1,Remote North,25,2,15,International Short-Haul
W25,46,2025-11-17,610,T1,Remote North,25,2,15,International Short-Haul
W25,46,2025-11-17,611,T1,Remote North,24,1.9,15.1,International Short-Haul
W25,46,2025-11-17,612,T1,Remote North,27,2.1,14.9,International Short-Haul
W25,46,2025-11-17,613,T1,Remote North,27,2.1,14.9,International Short-Haul
W25,46,2025-11-17,614,T1,Remote North,27,2.1,14.9,International Short-Haul
W25,46,2025-11-17,615,T1,Remote North,23,1.8,15.2,International Short-Haul
W25,46,2025-11-17,616,T1,Remote North,24,1.9,15.1,International Short-Haul
W25,46,2025-11-17,617,T1,Remote North,27,2.1,14.9,International Short-Haul
W25,46,2025-11-17,618,T1,Remote North,25,2,15,International Short-Haul
W25,46,2025-11-17,619,T1,Remote North,27,2.1,14.9,International Short-Haul
W25,46,2025-11-17,620,T1,Remote North,24,1.9,15.1,International Short-Haul
W25,46,2025-11-17,621,T1,Remote North,25,2,15,International Short-Haul
W25,46,2025-11-17,701,T1,Remote South,5,1.3,15.7,Cargo
W25,46,2025-11-17,702,T1,Remote South,4,1.2,15.8,Cargo
W25,46,2025-11-17,703,T1,Remote South,5,1.3,15.7,Cargo
W25,46,2025-11-17,704,T1,Remote South,5,1.3,15.7,Cargo
W25,46,2025-11-17,705,T1,Remote South,4,1.2,15.8,Cargo
W25,46,2025-11-17,706,T1,Remote South,4,1.2,15.8,Cargo
W25,46,2025-11-17,707,T1,Remote South,5,1.3,15.7,Cargo
W25,46,2025-11-17,708,T1,Remote South,5,1.3,15.7,Cargo
W25,46,2025-11-17,709,T1,Remote South,5,1.4,15.6,Cargo
W25,46,2025-11-17,710,T1,Remote South,4,1.2,15.8,Cargo
W25,46,2025-11-17,711,T1,Remote South,4,1.2,15.8,Cargo
W25,46,2025-11-17,712,T1,Remote South,5,1.4,15.6,Cargo
W25,47,2025-11-24,101,T1,Pier 1,88,6.3,10.7,International Short-Haul
W25,47,2025-11-24,102,T1,Pier 1,77,5.5,11.5,International Short-Haul
W25,47,2025-11-24,103,T1,Pier 1,87,6.2,10.8,International Short-Haul
W25,47,2025-11-24,104,T1,Pier 1,78,5.6,11.4,International Short-Haul
W25,47,2025-11-24,105,T1,Pier 1,77,5.5,11.5,International Short-Haul
W25,47,2025-11-24,106,T1,Pier 1,80,5.7,11.3,International Short-Haul
W25,47,2025-11-24,107,T1,Pier 1,80,5.7,11.3,International Short-Haul
W25,47,2025-11-24,108,T1,Pier 1,87,6.2,10.8,International Short-Haul
W25,47,2025-11-24,109,T1,Pier 1,85,6.1,10.9,International Short-Haul
W25,47,2025-11-24,110,T1,Pier 1,90,6.4,10.6,International Short-Haul
W25,47,2025-11-24,111,T1,Pier 1,85,6.1,10.9,International Short-Haul
W25,47,2025-11-24,112,T1,Pier 1,83,5.9,11.1,International Short-Haul
W25,47,2025-11-24,113,T1,Pier 1,85,6.1,10.9,International Short-Haul
W25,47,2025-11-24,114,T1,Pier 1,90,6.4,10.6,International Short-Haul
W25,47,2025-11-24,115,T1,Pier 1,85,6.1,10.9,International Short-Haul
W25,47,2025-11-24,116,T1,Pier 1,87,6.2,10.8,International Short-Haul
W25,47,2025-11-24,117,T1,Pier 1,88,6.3,10.7,International Short-Haul
W25,47,2025-11-24,118,T1,Pier 1,78,5.6,11.4,International Short-Haul
W25,47,2025-11-24,119,T1,Pier 1,85,6.1,10.9,International Short-Haul
W25,47,2025-11-24,201,T1,Pier 2,67,5.3,11.7,International Short-Haul
W25,47,2025-11-24,202,T1,Pier 2,69,5.4,11.6,International Short-Haul
W25,47,2025-11-24,203,T1,Pier 2,61,4.8,12.2,International Short-Haul
W25,47,2025-11-24,204,T1,Pier 2,64,5,12,International Short-Haul
W25,47,2025-11-24,205,T1,Pier 2,66,5.2,11.8,International Short-Haul
W25,47,2025-11-24,206,T1,Pier 2,61,4.8,12.2,International Short-Haul
W25,47,2025-11-24,207,T1,Pier 2,65,5.1,11.9,International Short-Haul
W25,47,2025-11-24,208,T1,Pier 2,61,4.8,12.2,International Short-Haul
W25,47,2025-11-24,209,T1,Pier 2,62,4.9,12.1,International Short-Haul
W25,47,2025-11-24,210,T1,Pier 2,64,5,12,International Short-Haul
W25,47,2025-11-24,211,T1,Pier 2,65,5.1,11.9,International Short-Haul
W25,47,2025-11-24,212,T1,Pier 2,64,5,12,International Short-Haul
W25,47,2025-11-24,213,T1,Pier 2,64,5,12,International Short-Haul
W25,47,2025-11-24,214,T1,Pier 2,62,4.9,12.1,International Short-Haul
W25,47,2025-11-24,301,T1,Pier 3,50,4.3,12.7,International Short-Haul
W25,47,2025-11-24,302,T1,Pier 3,49,4.2,12.8,International Short-Haul
W25,47,2025-11-24,303,T1,Pier 3,50,4.3,12.7,International Short-Haul
W25,47,2025-11-24,304,T1,Pier 3,54,4.6,12.4,International Short-Haul
W25,47,2025-11-24,305,T1,Pier 3,56,4.8,12.2,International Short-Haul
W25,47,2025-11-24,306,T1,Pier 3,50,4.3,12.7,International Short-Haul
W25,47,2025-11-24,307,T1,Pier 3,50,4.3,12.7,International Short-Haul
W25,47,2025-11-24,308,T1,Pier 3,55,4.7,12.3,International Short-Haul
W25,47,2025-11-24,309,T1,Pier 3,51,4.4,12.6,International Short-Haul
W25,47,2025-11-24,310,T1,Pier 3,57,4.9,12.1,International Short-Haul
W25,47,2025-11-24,311,T1,Pier 3,55,4.7,12.3,International Short-Haul
W25,47,2025-11-24,312,T1,Pier 3,51,4.4,12.6,International Short-Haul
W25,47,2025-11-24,313,T1,Pier 3,51,4.4,12.6,International Short-Haul
W25,47,2025-11-24,314,T1,Pier 3,54,4.6,12.4,International Short-Haul
W25,47,2025-11-24,315,T2,Pier 3,49,4.2,12.8,Transatlantic CBP
W25,47,2025-11-24,316,T2,Pier 3,50,4.3,12.7,Transatlantic CBP
W25,47,2025-11-24,317,T2,Pier 3,50,4.3,12.7,Transatlantic CBP
W25,47,2025-11-24,318,T2,Pier 3,55,4.7,12.3,Transatlantic CBP
W25,47,2025-11-24,319,T2,Pier 3,54,4.6,12.4,Transatlantic CBP
W25,47,2025-11-24,320,T2,Pier 3,49,4.2,12.8,Transatlantic CBP
W25,47,2025-11-24,321,T2,Pier 3,55,4.7,12.3,Transatlantic CBP
W25,47,2025-11-24,322,T2,Pier 3,52,4.5,12.5,Transatlantic CBP
W25,47,2025-11-24,323,T2,Pier 3,54,4.6,12.4,Transatlantic CBP
W25,47,2025-11-24,401,T2,Pier 4,41,7,10,Transatlantic CBP
W25,47,2025-11-24,402,T2,Pier 4,43,7.4,9.6,Transatlantic CBP
W25,47,2025-11-24,403,T2,Pier 4,46,7.9,9.1,Transatlantic CBP
W25,47,2025-11-24,404,T2,Pier 4,40,6.8,10.2,Transatlantic CBP
W25,47,2025-11-24,405,T2,Pier 4,41,7.1,9.9,Transatlantic CBP
W25,47,2025-11-24,406,T2,Pier 4,41,7,10,Transatlantic CBP
W25,47,2025-11-24,407,T2,Pier 4,41,7,10,Transatlantic CBP
W25,47,2025-11-24,408,T2,Pier 4,42,7.2,9.8,Transatlantic CBP
W25,47,2025-11-24,409,T2,Pier 4,45,7.7,9.3,Transatlantic CBP
W25,47,2025-11-24,410,T2,Pier 4,46,7.8,9.2,Transatlantic CBP
W25,47,2025-11-24,411,T2,Pier 4,41,7,10,Transatlantic CBP
W25,47,2025-11-24,412,T2,Pier 4,43,7.4,9.6,Transatlantic CBP
W25,47,2025-11-24,413,T2,Pier 4,44,7.5,9.5,Transatlantic CBP
W25,47,2025-11-24,414,T2,Pier 4,43,7.4,9.6,Transatlantic CBP
W25,47,2025-11-24,415,T2,Pier 4,43,7.3,9.7,Transatlantic CBP
W25,47,2025-11-24,416,T2,Pier 4,41,7,10,Transatlantic CBP
W25,47,2025-11-24,417,T2,Pier 4,43,7.3,9.7,Transatlantic CBP
W25,47,2025-11-24,418,T2,Pier 4,42,7.2,9.8,Transatlantic CBP
W25,47,2025-11-24,419,T2,Pier 4,45,7.7,9.3,Transatlantic CBP
W25,47,2025-11-24,420,T2,Pier 4,45,7.7,9.3,Transatlantic CBP
W25,47,2025-11-24,421,T2,Pier 4,40,6.9,10.1,Transatlantic CBP
W25,47,2025-11-24,422,T2,Pier 4,40,6.9,10.1,Transatlantic CBP
W25,47,2025-11-24,423,T2,Pier 4,46,7.8,9.2,Transatlantic CBP
W25,47,2025-11-24,424,T2,Pier 4,43,7.4,9.6,Transatlantic CBP
W25,47,2025-11-24,425,T2,Pier 4,46,7.8,9.2,Transatlantic CBP
W25,47,2025-11-24,426,T2,Pier 4,40,6.8,10.2,Transatlantic CBP
W25,47,2025-11-24,501,T2,Pier E,30,7.6,9.4,International Long-Haul
W25,47,2025-11-24,502,T2,Pier E,30,7.6,9.4,International Long-Haul
W25,47,2025-11-24,503,T2,Pier E,31,8,9,International Long-Haul
W25,47,2025-11-24,504,T2,Pier E,28,7.1,9.9,International Long-Haul
W25,47,2025-11-24,505,T2,Pier E,28,7.3,9.7,International Long-Haul
W25,47,2025-11-24,506,T2,Pier E,29,7.5,9.5,International Long-Haul
W25,47,2025-11-24,507,T2,Pier E,31,8,9,International Long-Haul
W25,47,2025-11-24,508,T2,Pier E,32,8.1,8.9,International Long-Haul
W25,47,2025-11-24,509,T2,Pier E,32,8.2,8.8,International Long-Haul
W25,47,2025-11-24,510,T2,Pier E,32,8.1,8.9,International Long-Haul
W25,47,2025-11-24,511,T2,Pier E,27,7,10,International Long-Haul
W25,47,2025-11-24,512,T2,Pier E,27,7,10,International Long-Haul
W25,47,2025-11-24,513,T2,Pier E,28,7.2,9.8,International Long-Haul
W25,47,2025-11-24,514,T2,Pier E,29,7.4,9.6,International Long-Haul
W25,47,2025-11-24,515,T2,Pier E,31,8,9,International Long-Haul
W25,47,2025-11-24,601,T1,Remote North,28,2.2,14.8,International Short-Haul
W25,47,2025-11-24,602,T1,Remote North,25,2,15,International Short-Haul
W25,47,2025-11-24,603,T1,Remote North,27,2.1,14.9,International Short-Haul
W25,47,2025-11-24,604,T1,Remote North,28,2.2,14.8,International Short-Haul
W25,47,2025-11-24,605,T1,Remote North,27,2.1,14.9,International Short-Haul
W25,47,2025-11-24,606,T1,Remote North,24,1.9,15.1,International Short-Haul
W25,47,2025-11-24,607,T1,Remote North,27,2.1,14.9,International Short-Haul
W25,47,2025-11-24,608,T1,Remote North,25,2,15,International Short-Haul
W25,47,2025-11-24,609,T1,Remote North,27,2.1,14.9,International Short-Haul
W25,47,2025-11-24,610,T1,Remote North,27,2.1,14.9,International Short-Haul
W25,47,2025-11-24,611,T1,Remote North,24,1.9,15.1,International Short-Haul
W25,47,2025-11-24,612,T1,Remote North,28,2.2,14.8,International Short-Haul
W25,47,2025-11-24,613,T1,Remote North,27,2.1,14.9,International Short-Haul
W25,47,2025-11-24,614,T1,Remote North,27,2.1,14.9,International Short-Haul
W25,47,2025-11-24,615,T1,Remote North,28,2.2,14.8,International Short-Haul
W25,47,2025-11-24,616,T1,Remote North,25,2,15,International Short-Haul
W25,47,2025-11-24,617,T1,Remote North,25,2,15,International Short-Haul
W25,47,2025-11-24,618,T1,Remote North,28,2.2,14.8,International Short-Haul
W25,47,2025-11-24,619,T1,Remote North,25,2,15,International Short-Haul
W25,47,2025-11-24,620,T1,Remote North,28,2.2,14.8,International Short-Haul
W25,47,2025-11-24,621,T1,Remote North,25,2,15,International Short-Haul
W25,47,2025-11-24,701,T1,Remote South,4,1.2,15.8,Cargo
W25,47,2025-11-24,702,T1,Remote South,5,1.3,15.7,Cargo
W25,47,2025-11-24,703,T1,Remote South,5,1.3,15.7,Cargo
W25,47,2025-11-24,704,T1,Remote South,5,1.4,15.6,Cargo
W25,47,2025-11-24,705,T1,Remote South,5,1.4,15.6,Cargo
W25,47,2025-11-24,706,T1,Remote South,5,1.4,15.6,Cargo
W25,47,2025-11-24,707,T1,Remote South,5,1.4,15.6,Cargo
W25,47,2025-11-24,708,T1,Remote South,5,1.3,15.7,Cargo
W25,47,2025-11-24,709,T1,Remote South,5,1.4,15.6,Cargo
W25,47,2025-11-24,710,T1,Remote South,5,1.4,15.6,Cargo
W25,47,2025-11-24,711,T1,Remote South,5,1.4,15.6,Cargo
W25,47,2025-11-24,712,T1,Remote South,5,1.4,15.6,Cargo
W25,48,2025-12-01,101,T1,Pier 1,88,6.3,10.7,International Short-Haul
W25,48,2025-12-01,102,T1,Pier 1,87,6.2,10.8,International Short-Haul
W25,48,2025-12-01,103,T1,Pier 1,90,6.4,10.6,International Short-Haul
W25,48,2025-12-01,104,T1,Pier 1,84,6,11,International Short-Haul
W25,48,2025-12-01,105,T1,Pier 1,83,5.9,11.1,International Short-Haul
W25,48,2025-12-01,106,T1,Pier 1,90,6.4,10.6,International Short-Haul
W25,48,2025-12-01,107,T1,Pier 1,84,6,11,International Short-Haul
W25,48,2025-12-01,108,T1,Pier 1,81,5.8,11.2,International Short-Haul
W25,48,2025-12-01,109,T1,Pier 1,80,5.7,11.3,International Short-Haul
W25,48,2025-12-01,110,T1,Pier 1,88,6.3,10.7,International Short-Haul
W25,48,2025-12-01,111,T1,Pier 1,85,6.1,10.9,International Short-Haul
W25,48,2025-12-01,112,T1,Pier 1,91,6.5,10.5,International Short-Haul
W25,48,2025-12-01,113,T1,Pier 1,85,6.1,10.9,International Short-Haul
W25,48,2025-12-01,114,T1,Pier 1,87,6.2,10.8,International Short-Haul
W25,48,2025-12-01,115,T1,Pier 1,85,6.1,10.9,International Short-Haul
W25,48,2025-12-01,116,T1,Pier 1,90,6.4,10.6,International Short-Haul
W25,48,2025-12-01,117,T1,Pier 1,85,6.1,10.9,International Short-Haul
W25,48,2025-12-01,118,T1,Pier 1,94,6.7,10.3,International Short-Haul
W25,48,2025-12-01,119,T1,Pier 1,94,6.7,10.3,International Short-Haul
W25,48,2025-12-01,201,T1,Pier 2,71,5.6,11.4,International Short-Haul
W25,48,2025-12-01,202,T1,Pier 2,73,5.7,11.3,International Short-Haul
W25,48,2025-12-01,203,T1,Pier 2,67,5.3,11.7,International Short-Haul
W25,48,2025-12-01,204,T1,Pier 2,67,5.3,11.7,International Short-Haul
W25,48,2025-12-01,205,T1,Pier 2,70,5.5,11.5,International Short-Haul
W25,48,2025-12-01,206,T1,Pier 2,70,5.5,11.5,International Short-Haul
W25,48,2025-12-01,207,T1,Pier 2,71,5.6,11.4,International Short-Haul
W25,48,2025-12-01,208,T1,Pier 2,70,5.5,11.5,International Short-Haul
W25,48,2025-12-01,209,T1,Pier 2,73,5.7,11.3,International Short-Haul
W25,48,2025-12-01,210,T1,Pier 2,66,5.2,11.8,International Short-Haul
W25,48,2025-12-01,211,T1,Pier 2,71,5.6,11.4,International Short-Haul
W25,48,2025-12-01,212,T1,Pier 2,70,5.5,11.5,International Short-Haul
W25,48,2025-12-01,213,T1,Pier 2,70,5.5,11.5,International Short-Haul
W25,48,2025-12-01,214,T1,Pier 2,66,5.2,11.8,International Short-Haul
W25,48,2025-12-01,301,T1,Pier 3,58,5,12,International Short-Haul
W25,48,2025-12-01,302,T1,Pier 3,60,5.1,11.9,International Short-Haul
W25,48,2025-12-01,303,T1,Pier 3,54,4.6,12.4,International Short-Haul
W25,48,2025-12-01,304,T1,Pier 3,57,4.9,12.1,International Short-Haul
W25,48,2025-12-01,305,T1,Pier 3,55,4.7,12.3,International Short-Haul
W25,48,2025-12-01,306,T1,Pier 3,61,5.2,11.8,International Short-Haul
W25,48,2025-12-01,307,T1,Pier 3,56,4.8,12.2,International Short-Haul
W25,48,2025-12-01,308,T1,Pier 3,54,4.6,12.4,International Short-Haul
W25,48,2025-12-01,309,T1,Pier 3,55,4.7,12.3,International Short-Haul
W25,48,2025-12-01,310,T1,Pier 3,57,4.9,12.1,International Short-Haul
W25,48,2025-12-01,311,T1,Pier 3,52,4.5,12.5,International Short-Haul
W25,48,2025-12-01,312,T1,Pier 3,57,4.9,12.1,International Short-Haul
W25,48,2025-12-01,313,T1,Pier 3,60,5.1,11.9,International Short-Haul
W25,48,2025-12-01,314,T1,Pier 3,60,5.1,11.9,International Short-Haul
W25,48,2025-12-01,315,T2,Pier 3,52,4.5,12.5,Transatlantic CBP
W25,48,2025-12-01,316,T2,Pier 3,61,5.2,11.8,Transatlantic CBP
W25,48,2025-12-01,317,T2,Pier 3,57,4.9,12.1,Transatlantic CBP
W25,48,2025-12-01,318,T2,Pier 3,52,4.5,12.5,Transatlantic CBP
W25,48,2025-12-01,319,T2,Pier 3,51,4.4,12.6,Transatlantic CBP
W25,48,2025-12-01,320,T2,Pier 3,52,4.5,12.5,Transatlantic CBP
W25,48,2025-12-01,321,T2,Pier 3,58,5,12,Transatlantic CBP
W25,48,2025-12-01,322,T2,Pier 3,51,4.4,12.6,Transatlantic CBP
W25,48,2025-12-01,323,T2,Pier 3,54,4.6,12.4,Transatlantic CBP
W25,48,2025-12-01,401,T2,Pier 4,47,8,9,Transatlantic CBP
W25,48,2025-12-01,402,T2,Pier 4,46,7.8,9.2,Transatlantic CBP
W25,48,2025-12-01,403,T2,Pier 4,47,8.1,8.9,Transatlantic CBP
W25,48,2025-12-01,404,T2,Pier 4,47,8,9,Transatlantic CBP
W25,48,2025-12-01,405,T2,Pier 4,42,7.2,9.8,Transatlantic CBP
W25,48,2025-12-01,406,T2,Pier 4,48,8.2,8.8,Transatlantic CBP
W25,48,2025-12-01,407,T2,Pier 4,43,7.4,9.6,Transatlantic CBP
W25,48,2025-12-01,408,T2,Pier 4,46,7.8,9.2,Transatlantic CBP
W25,48,2025-12-01,409,T2,Pier 4,46,7.9,9.1,Transatlantic CBP
W25,48,2025-12-01,410,T2,Pier 4,43,7.3,9.7,Transatlantic CBP
W25,48,2025-12-01,411,T2,Pier 4,48,8.3,8.7,Transatlantic CBP
W25,48,2025-12-01,412,T2,Pier 4,45,7.7,9.3,Transatlantic CBP
W25,48,2025-12-01,413,T2,Pier 4,42,7.2,9.8,Transatlantic CBP
W25,48,2025-12-01,414,T2,Pier 4,48,8.3,8.7,Transatlantic CBP
W25,48,2025-12-01,415,T2,Pier 4,46,7.8,9.2,Transatlantic CBP
W25,48,2025-12-01,416,T2,Pier 4,47,8,9,Transatlantic CBP
W25,48,2025-12-01,417,T2,Pier 4,46,7.8,9.2,Transatlantic CBP
W25,48,2025-12-01,418,T2,Pier 4,47,8.1,8.9,Transatlantic CBP
W25,48,2025-12-01,419,T2,Pier 4,42,7.2,9.8,Transatlantic CBP
W25,48,2025-12-01,420,T2,Pier 4,43,7.4,9.6,Transatlantic CBP
W25,48,2025-12-01,421,T2,Pier 4,45,7.7,9.3,Transatlantic CBP
W25,48,2025-12-01,422,T2,Pier 4,42,7.2,9.8,Transatlantic CBP
W25,48,2025-12-01,423,T2,Pier 4,47,8,9,Transatlantic CBP
W25,48,2025-12-01,424,T2,Pier 4,44,7.6,9.4,Transatlantic CBP
W25,48,2025-12-01,425,T2,Pier 4,43,7.4,9.6,Transatlantic CBP
W25,48,2025-12-01,426,T2,Pier 4,41,7.1,9.9,Transatlantic CBP
W25,48,2025-12-01,501,T2,Pier E,32,8.3,8.7,International Long-Haul
W25,48,2025-12-01,502,T2,Pier E,33,8.4,8.6,International Long-Haul
W25,48,2025-12-01,503,T2,Pier E,30,7.8,9.2,International Long-Haul
W25,48,2025-12-01,504,T2,Pier E,32,8.1,8.9,International Long-Haul
W25,48,2025-12-01,505,T2,Pier E,30,7.6,9.4,International Long-Haul
W25,48,2025-12-01,506,T2,Pier E,32,8.1,8.9,International Long-Haul
W25,48,2025-12-01,507,T2,Pier E,29,7.4,9.6,International Long-Haul
W25,48,2025-12-01,508,T2,Pier E,31,8,9,International Long-Haul
W25,48,2025-12-01,509,T2,Pier E,32,8.2,8.8,International Long-Haul
W25,48,2025-12-01,510,T2,Pier E,33,8.5,8.5,International Long-Haul
W25,48,2025-12-01,511,T2,Pier E,30,7.8,9.2,International Long-Haul
W25,48,2025-12-01,512,T2,Pier E,32,8.3,8.7,International Long-Haul
W25,48,2025-12-01,513,T2,Pier E,32,8.1,8.9,International Long-Haul
W25,48,2025-12-01,514,T2,Pier E,33,8.5,8.5,International Long-Haul
W25,48,2025-12-01,515,T2,Pier E,31,7.9,9.1,International Long-Haul
W25,48,2025-12-01,601,T1,Remote North,27,2.1,14.9,International Short-Haul
W25,48,2025-12-01,602,T1,Remote North,29,2.3,14.7,International Short-Haul
W25,48,2025-12-01,603,T1,Remote North,25,2,15,International Short-Haul
W25,48,2025-12-01,604,T1,Remote North,27,2.1,14.9,International Short-Haul
W25,48,2025-12-01,605,T1,Remote North,25,2,15,International Short-Haul
W25,48,2025-12-01,606,T1,Remote North,29,2.3,14.7,International Short-Haul
W25,48,2025-12-01,607,T1,Remote North,25,2,15,International Short-Haul
W25,48,2025-12-01,608,T1,Remote North,29,2.3,14.7,International Short-Haul
W25,48,2025-12-01,609,T1,Remote North,28,2.2,14.8,International Short-Haul
W25,48,2025-12-01,610,T1,Remote North,25,2,15,International Short-Haul
W25,48,2025-12-01,611,T1,Remote North,27,2.1,14.9,International Short-Haul
W25,48,2025-12-01,612,T1,Remote North,27,2.1,14.9,International Short-Haul
W25,48,2025-12-01,613,T1,Remote North,28,2.2,14.8,International Short-Haul
W25,48,2025-12-01,614,T1,Remote North,28,2.2,14.8,International Short-Haul
W25,48,2025-12-01,615,T1,Remote North,28,2.2,14.8,International Short-Haul
W25,48,2025-12-01,616,T1,Remote North,25,2,15,International Short-Haul
W25,48,2025-12-01,617,T1,Remote North,28,2.2,14.8,International Short-Haul
W25,48,2025-12-01,618,T1,Remote North,29,2.3,14.7,International Short-Haul
W25,48,2025-12-01,619,T1,Remote North,29,2.3,14.7,International Short-Haul
W25,48,2025-12-01,620,T1,Remote North,29,2.3,14.7,International Short-Haul
W25,48,2025-12-01,621,T1,Remote North,27,2.1,14.9,International Short-Haul
W25,48,2025-12-01,701,T1,Remote South,5,1.5,15.5,Cargo
W25,48,2025-12-01,702,T1,Remote South,5,1.4,15.6,Cargo
W25,48,2025-12-01,703,T1,Remote South,5,1.3,15.7,Cargo
W25,48,2025-12-01,704,T1,Remote South,5,1.5,15.5,Cargo
W25,48,2025-12-01,705,T1,Remote South,5,1.5,15.5,Cargo
W25,48,2025-12-01,706,T1,Remote South,5,1.4,15.6,Cargo
W25,48,2025-12-01,707,T1,Remote South,5,1.3,15.7,Cargo
W25,48,2025-12-01,708,T1,Remote South,5,1.3,15.7,Cargo
W25,48,2025-12-01,709,T1,Remote South,5,1.4,15.6,Cargo
W25,48,2025-12-01,710,T1,Remote South,5,1.5,15.5,Cargo
W25,48,2025-12-01,711,T1,Remote South,5,1.3,15.7,Cargo
W25,48,2025-12-01,712,T1,Remote South,5,1.5,15.5,Cargo
W25,49,2025-12-08,101,T1,Pier 1,90,6.4,10.6,International Short-Haul
W25,49,2025-12-08,102,T1,Pier 1,98,7,10,International Short-Haul
W25,49,2025-12-08,103,T1,Pier 1,99,7.1,9.9,International Short-Haul
W25,49,2025-12-08,104,T1,Pier 1,92,6.6,10.4,International Short-Haul
W25,49,2025-12-08,105,T1,Pier 1,91,6.5,10.5,International Short-Haul
W25,49,2025-12-08,106,T1,Pier 1,98,7,10,International Short-Haul
W25,49,2025-12-08,107,T1,Pier 1,94,6.7,10.3,International Short-Haul
W25,49,2025-12-08,108,T1,Pier 1,95,6.8,10.2,International Short-Haul
W25,49,2025-12-08,109,T1,Pier 1,95,6.8,10.2,International Short-Haul
W25,49,2025-12-08,110,T1,Pier 1,88,6.3,10.7,International Short-Haul
W25,49,2025-12-08,111,T1,Pier 1,98,7,10,International Short-Haul
W25,49,2025-12-08,112,T1,Pier 1,88,6.3,10.7,International Short-Haul
W25,49,2025-12-08,113,T1,Pier 1,99,7.1,9.9,International Short-Haul
W25,49,2025-12-08,114,T1,Pier 1,90,6.4,10.6,International Short-Haul
W25,49,2025-12-08,115,T1,Pier 1,97,6.9,10.1,International Short-Haul
W25,49,2025-12-08,116,T1,Pier 1,90,6.4,10.6,International Short-Haul
W25,49,2025-12-08,117,T1,Pier 1,90,6.4,10.6,International Short-Haul
W25,49,2025-12-08,118,T1,Pier 1,90,6.4,10.6,International Short-Haul
W25,49,2025-12-08,119,T1,Pier 1,97,6.9,10.1,International Short-Haul
W25,49,2025-12-08,201,T1,Pier 2,73,5.7,11.3,International Short-Haul
W25,49,2025-12-08,202,T1,Pier 2,76,6,11,International Short-Haul
W25,49,2025-12-08,203,T1,Pier 2,70,5.5,11.5,International Short-Haul
W25,49,2025-12-08,204,T1,Pier 2,74,5.8,11.2,International Short-Haul
W25,49,2025-12-08,205,T1,Pier 2,75,5.9,11.1,International Short-Haul
W25,49,2025-12-08,206,T1,Pier 2,67,5.3,11.7,International Short-Haul
W25,49,2025-12-08,207,T1,Pier 2,70,5.5,11.5,International Short-Haul
W25,49,2025-12-08,208,T1,Pier 2,71,5.6,11.4,International Short-Haul
W25,49,2025-12-08,209,T1,Pier 2,70,5.5,11.5,International Short-Haul
W25,49,2025-12-08,210,T1,Pier 2,70,5.5,11.5,International Short-Haul
W25,49,2025-12-08,211,T1,Pier 2,74,5.8,11.2,International Short-Haul
W25,49,2025-12-08,212,T1,Pier 2,69,5.4,11.6,International Short-Haul
W25,49,2025-12-08,213,T1,Pier 2,74,5.8,11.2,International Short-Haul
W25,49,2025-12-08,214,T1,Pier 2,76,6,11,International Short-Haul
W25,49,2025-12-08,301,T1,Pier 3,60,5.1,11.9,International Short-Haul
W25,49,2025-12-08,302,T1,Pier 3,61,5.2,11.8,International Short-Haul
W25,49,2025-12-08,303,T1,Pier 3,55,4.7,12.3,International Short-Haul
W25,49,2025-12-08,304,T1,Pier 3,63,5.4,11.6,International Short-Haul
W25,49,2025-12-08,305,T1,Pier 3,57,4.9,12.1,International Short-Haul
W25,49,2025-12-08,306,T1,Pier 3,61,5.2,11.8,International Short-Haul
W25,49,2025-12-08,307,T1,Pier 3,64,5.5,11.5,International Short-Haul
W25,49,2025-12-08,308,T1,Pier 3,61,5.2,11.8,International Short-Haul
W25,49,2025-12-08,309,T1,Pier 3,62,5.3,11.7,International Short-Haul
W25,49,2025-12-08,310,T1,Pier 3,58,5,12,International Short-Haul
W25,49,2025-12-08,311,T1,Pier 3,55,4.7,12.3,International Short-Haul
W25,49,2025-12-08,312,T1,Pier 3,62,5.3,11.7,International Short-Haul
W25,49,2025-12-08,313,T1,Pier 3,55,4.7,12.3,International Short-Haul
W25,49,2025-12-08,314,T1,Pier 3,61,5.2,11.8,International Short-Haul
W25,49,2025-12-08,315,T2,Pier 3,55,4.7,12.3,Transatlantic CBP
W25,49,2025-12-08,316,T2,Pier 3,63,5.4,11.6,Transatlantic CBP
W25,49,2025-12-08,317,T2,Pier 3,56,4.8,12.2,Transatlantic CBP
W25,49,2025-12-08,318,T2,Pier 3,60,5.1,11.9,Transatlantic CBP
W25,49,2025-12-08,319,T2,Pier 3,61,5.2,11.8,Transatlantic CBP
W25,49,2025-12-08,320,T2,Pier 3,60,5.1,11.9,Transatlantic CBP
W25,49,2025-12-08,321,T2,Pier 3,58,5,12,Transatlantic CBP
W25,49,2025-12-08,322,T2,Pier 3,60,5.1,11.9,Transatlantic CBP
W25,49,2025-12-08,323,T2,Pier 3,57,4.9,12.1,Transatlantic CBP
W25,49,2025-12-08,401,T2,Pier 4,47,8.1,8.9,Transatlantic CBP
W25,49,2025-12-08,402,T2,Pier 4,47,8,9,Transatlantic CBP
W25,49,2025-12-08,403,T2,Pier 4,48,8.3,8.7,Transatlantic CBP
W25,49,2025-12-08,404,T2,Pier 4,46,7.9,9.1,Transatlantic CBP
W25,49,2025-12-08,405,T2,Pier 4,52,8.9,8.1,Transatlantic CBP
W25,49,2025-12-08,406,T2,Pier 4,48,8.2,8.8,Transatlantic CBP
W25,49,2025-12-08,407,T2,Pier 4,46,7.8,9.2,Transatlantic CBP
W25,49,2025-12-08,408,T2,Pier 4,48,8.2,8.8,Transatlantic CBP
W25,49,2025-12-08,409,T2,Pier 4,51,8.7,8.3,Transatlantic CBP
W25,49,2025-12-08,410,T2,Pier 4,44,7.6,9.4,Transatlantic CBP
W25,49,2025-12-08,411,T2,Pier 4,49,8.4,8.6,Transatlantic CBP
W25,49,2025-12-08,412,T2,Pier 4,48,8.3,8.7,Transatlantic CBP
W25,49,2025-12-08,413,T2,Pier 4,46,7.8,9.2,Transatlantic CBP
W25,49,2025-12-08,414,T2,Pier 4,50,8.6,8.4,Transatlantic CBP
W25,49,2025-12-08,415,T2,Pier 4,47,8,9,Transatlantic CBP
W25,49,2025-12-08,416,T2,Pier 4,46,7.9,9.1,Transatlantic CBP
W25,49,2025-12-08,417,T2,Pier 4,50,8.6,8.4,Transatlantic CBP
W25,49,2025-12-08,418,T2,Pier 4,49,8.4,8.6,Transatlantic CBP
W25,49,2025-12-08,419,T2,Pier 4,51,8.7,8.3,Transatlantic CBP
W25,49,2025-12-08,420,T2,Pier 4,49,8.4,8.6,Transatlantic CBP
W25,49,2025-12-08,421,T2,Pier 4,50,8.5,8.5,Transatlantic CBP
W25,49,2025-12-08,422,T2,Pier 4,51,8.7,8.3,Transatlantic CBP
W25,49,2025-12-08,423,T2,Pier 4,44,7.6,9.4,Transatlantic CBP
W25,49,2025-12-08,424,T2,Pier 4,50,8.6,8.4,Transatlantic CBP
W25,49,2025-12-08,425,T2,Pier 4,49,8.4,8.6,Transatlantic CBP
W25,49,2025-12-08,426,T2,Pier 4,44,7.6,9.4,Transatlantic CBP
W25,49,2025-12-08,501,T2,Pier E,33,8.5,8.5,International Long-Haul
W25,49,2025-12-08,502,T2,Pier E,31,7.9,9.1,International Long-Haul
W25,49,2025-12-08,503,T2,Pier E,34,8.8,8.2,International Long-Haul
W25,49,2025-12-08,504,T2,Pier E,33,8.5,8.5,International Long-Haul
W25,49,2025-12-08,505,T2,Pier E,35,9.1,7.9,International Long-Haul
W25,49,2025-12-08,506,T2,Pier E,31,8,9,International Long-Haul
W25,49,2025-12-08,507,T2,Pier E,33,8.6,8.4,International Long-Haul
W25,49,2025-12-08,508,T2,Pier E,32,8.1,8.9,International Long-Haul
W25,49,2025-12-08,509,T2,Pier E,33,8.6,8.4,International Long-Haul
W25,49,2025-12-08,510,T2,Pier E,34,8.8,8.2,International Long-Haul
W25,49,2025-12-08,511,T2,Pier E,34,8.8,8.2,International Long-Haul
W25,49,2025-12-08,512,T2,Pier E,35,8.9,8.1,International Long-Haul
W25,49,2025-12-08,513,T2,Pier E,35,9,8,International Long-Haul
W25,49,2025-12-08,514,T2,Pier E,31,7.9,9.1,International Long-Haul
W25,49,2025-12-08,515,T2,Pier E,32,8.3,8.7,International Long-Haul
W25,49,2025-12-08,601,T1,Remote North,31,2.4,14.6,International Short-Haul
W25,49,2025-12-08,602,T1,Remote North,29,2.3,14.7,International Short-Haul
W25,49,2025-12-08,603,T1,Remote North,28,2.2,14.8,International Short-Haul
W25,49,2025-12-08,604,T1,Remote North,29,2.3,14.7,International Short-Haul
W25,49,2025-12-08,605,T1,Remote North,29,2.3,14.7,International Short-Haul
W25,49,2025-12-08,606,T1,Remote North,29,2.3,14.7,International Short-Haul
W25,49,2025-12-08,607,T1,Remote North,31,2.4,14.6,International Short-Haul
W25,49,2025-12-08,608,T1,Remote North,29,2.3,14.7,International Short-Haul
W25,49,2025-12-08,609,T1,Remote North,27,2.1,14.9,International Short-Haul
W25,49,2025-12-08,610,T1,Remote North,28,2.2,14.8,International Short-Haul
W25,49,2025-12-08,611,T1,Remote North,32,2.5,14.5,International Short-Haul
W25,49,2025-12-08,612,T1,Remote North,32,2.5,14.5,International Short-Haul
W25,49,2025-12-08,613,T1,Remote North,31,2.4,14.6,International Short-Haul
W25,49,2025-12-08,614,T1,Remote North,29,2.3,14.7,International Short-Haul
W25,49,2025-12-08,615,T1,Remote North,32,2.5,14.5,International Short-Haul
W25,49,2025-12-08,616,T1,Remote North,31,2.4,14.6,International Short-Haul
W25,49,2025-12-08,617,T1,Remote North,31,2.4,14.6,International Short-Haul
W25,49,2025-12-08,618,T1,Remote North,31,2.4,14.6,International Short-Haul
W25,49,2025-12-08,619,T1,Remote North,29,2.3,14.7,International Short-Haul
W25,49,2025-12-08,620,T1,Remote North,29,2.3,14.7,International Short-Haul
W25,49,2025-12-08,621,T1,Remote North,28,2.2,14.8,International Short-Haul
W25,49,2025-12-08,701,T1,Remote South,5,1.4,15.6,Cargo
W25,49,2025-12-08,702,T1,Remote South,6,1.6,15.4,Cargo
W25,49,2025-12-08,703,T1,Remote South,6,1.6,15.4,Cargo
W25,49,2025-12-08,704,T1,Remote South,5,1.5,15.5,Cargo
W25,49,2025-12-08,705,T1,Remote South,5,1.5,15.5,Cargo
W25,49,2025-12-08,706,T1,Remote South,5,1.4,15.6,Cargo
W25,49,2025-12-08,707,T1,Remote South,5,1.4,15.6,Cargo
W25,49,2025-12-08,708,T1,Remote South,5,1.5,15.5,Cargo
W25,49,2025-12-08,709,T1,Remote South,5,1.5,15.5,Cargo
W25,49,2025-12-08,710,T1,Remote South,5,1.5,15.5,Cargo
W25,49,2025-12-08,711,T1,Remote South,5,1.4,15.6,Cargo
W25,49,2025-12-08,712,T1,Remote South,6,1.6,15.4,Cargo
W25,50,2025-12-15,101,T1,Pier 1,126,9,8,International Short-Haul
W25,50,2025-12-15,102,T1,Pier 1,136,9.7,7.3,International Short-Haul
W25,50,2025-12-15,103,T1,Pier 1,130,9.3,7.7,International Short-Haul
W25,50,2025-12-15,104,T1,Pier 1,122,8.7,8.3,International Short-Haul
W25,50,2025-12-15,105,T1,Pier 1,134,9.6,7.4,International Short-Haul
W25,50,2025-12-15,106,T1,Pier 1,133,9.5,7.5,International Short-Haul
W25,50,2025-12-15,107,T1,Pier 1,129,9.2,7.8,International Short-Haul
W25,50,2025-12-15,108,T1,Pier 1,129,9.2,7.8,International Short-Haul
W25,50,2025-12-15,109,T1,Pier 1,120,8.6,8.4,International Short-Haul
W25,50,2025-12-15,110,T1,Pier 1,132,9.4,7.6,International Short-Haul
W25,50,2025-12-15,111,T1,Pier 1,137,9.8,7.2,International Short-Haul
W25,50,2025-12-15,112,T1,Pier 1,120,8.6,8.4,International Short-Haul
W25,50,2025-12-15,113,T1,Pier 1,125,8.9,8.1,International Short-Haul
W25,50,2025-12-15,114,T1,Pier 1,137,9.8,7.2,International Short-Haul
W25,50,2025-12-15,115,T1,Pier 1,125,8.9,8.1,International Short-Haul
W25,50,2025-12-15,116,T1,Pier 1,132,9.4,7.6,International Short-Haul
W25,50,2025-12-15,117,T1,Pier 1,130,9.3,7.7,International Short-Haul
W25,50,2025-12-15,118,T1,Pier 1,130,9.3,7.7,International Short-Haul
W25,50,2025-12-15,119,T1,Pier 1,127,9.1,7.9,International Short-Haul
W25,50,2025-12-15,201,T1,Pier 2,97,7.6,9.4,International Short-Haul
W25,50,2025-12-15,202,T1,Pier 2,93,7.3,9.7,International Short-Haul
W25,50,2025-12-15,203,T1,Pier 2,103,8.1,8.9,International Short-Haul
W25,50,2025-12-15,204,T1,Pier 2,103,8.1,8.9,International Short-Haul
W25,50,2025-12-15,205,T1,Pier 2,102,8,9,International Short-Haul
W25,50,2025-12-15,206,T1,Pier 2,102,8,9,International Short-Haul
W25,50,2025-12-15,207,T1,Pier 2,95,7.5,9.5,International Short-Haul
W25,50,2025-12-15,208,T1,Pier 2,92,7.2,9.8,International Short-Haul
W25,50,2025-12-15,209,T1,Pier 2,104,8.2,8.8,International Short-Haul
W25,50,2025-12-15,210,T1,Pier 2,99,7.8,9.2,International Short-Haul
W25,50,2025-12-15,211,T1,Pier 2,97,7.6,9.4,International Short-Haul
W25,50,2025-12-15,212,T1,Pier 2,93,7.3,9.7,International Short-Haul
W25,50,2025-12-15,213,T1,Pier 2,93,7.3,9.7,International Short-Haul
W25,50,2025-12-15,214,T1,Pier 2,97,7.6,9.4,International Short-Haul
W25,50,2025-12-15,301,T1,Pier 3,86,7.4,9.6,International Short-Haul
W25,50,2025-12-15,302,T1,Pier 3,88,7.5,9.5,International Short-Haul
W25,50,2025-12-15,303,T1,Pier 3,88,7.5,9.5,International Short-Haul
W25,50,2025-12-15,304,T1,Pier 3,88,7.5,9.5,International Short-Haul
W25,50,2025-12-15,305,T1,Pier 3,88,7.5,9.5,International Short-Haul
W25,50,2025-12-15,306,T1,Pier 3,83,7.1,9.9,International Short-Haul
W25,50,2025-12-15,307,T1,Pier 3,78,6.7,10.3,International Short-Haul
W25,50,2025-12-15,308,T1,Pier 3,86,7.4,9.6,International Short-Haul
W25,50,2025-12-15,309,T1,Pier 3,78,6.7,10.3,International Short-Haul
W25,50,2025-12-15,310,T1,Pier 3,79,6.8,10.2,International Short-Haul
W25,50,2025-12-15,311,T1,Pier 3,79,6.8,10.2,International Short-Haul
W25,50,2025-12-15,312,T1,Pier 3,83,7.1,9.9,International Short-Haul
W25,50,2025-12-15,313,T1,Pier 3,81,6.9,10.1,International Short-Haul
W25,50,2025-12-15,314,T1,Pier 3,78,6.7,10.3,International Short-Haul
W25,50,2025-12-15,315,T2,Pier 3,82,7,10,Transatlantic CBP
W25,50,2025-12-15,316,T2,Pier 3,88,7.5,9.5,Transatlantic CBP
W25,50,2025-12-15,317,T2,Pier 3,83,7.1,9.9,Transatlantic CBP
W25,50,2025-12-15,318,T2,Pier 3,88,7.5,9.5,Transatlantic CBP
W25,50,2025-12-15,319,T2,Pier 3,78,6.7,10.3,Transatlantic CBP
W25,50,2025-12-15,320,T2,Pier 3,78,6.7,10.3,Transatlantic CBP
W25,50,2025-12-15,321,T2,Pier 3,83,7.1,9.9,Transatlantic CBP
W25,50,2025-12-15,322,T2,Pier 3,82,7,10,Transatlantic CBP
W25,50,2025-12-15,323,T2,Pier 3,84,7.2,9.8,Transatlantic CBP
W25,50,2025-12-15,401,T2,Pier 4,69,11.9,5.1,Transatlantic CBP
W25,50,2025-12-15,402,T2,Pier 4,69,11.9,5.1,Transatlantic CBP
W25,50,2025-12-15,403,T2,Pier 4,71,12.2,4.8,Transatlantic CBP
W25,50,2025-12-15,404,T2,Pier 4,65,11.2,5.8,Transatlantic CBP
W25,50,2025-12-15,405,T2,Pier 4,64,10.9,6.1,Transatlantic CBP
W25,50,2025-12-15,406,T2,Pier 4,67,11.5,5.5,Transatlantic CBP
W25,50,2025-12-15,407,T2,Pier 4,62,10.7,6.3,Transatlantic CBP
W25,50,2025-12-15,408,T2,Pier 4,64,11,6,Transatlantic CBP
W25,50,2025-12-15,409,T2,Pier 4,64,10.9,6.1,Transatlantic CBP
W25,50,2025-12-15,410,T2,Pier 4,65,11.2,5.8,Transatlantic CBP
W25,50,2025-12-15,411,T2,Pier 4,62,10.7,6.3,Transatlantic CBP
W25,50,2025-12-15,412,T2,Pier 4,61,10.5,6.5,Transatlantic CBP
W25,50,2025-12-15,413,T2,Pier 4,68,11.7,5.3,Transatlantic CBP
W25,50,2025-12-15,414,T2,Pier 4,68,11.6,5.4,Transatlantic CBP
W25,50,2025-12-15,415,T2,Pier 4,69,11.8,5.2,Transatlantic CBP
W25,50,2025-12-15,416,T2,Pier 4,68,11.7,5.3,Transatlantic CBP
W25,50,2025-12-15,417,T2,Pier 4,62,10.7,6.3,Transatlantic CBP
W25,50,2025-12-15,418,T2,Pier 4,64,11,6,Transatlantic CBP
W25,50,2025-12-15,419,T2,Pier 4,62,10.7,6.3,Transatlantic CBP
W25,50,2025-12-15,420,T2,Pier 4,70,12,5,Transatlantic CBP
W25,50,2025-12-15,421,T2,Pier 4,69,11.8,5.2,Transatlantic CBP
W25,50,2025-12-15,422,T2,Pier 4,64,10.9,6.1,Transatlantic CBP
W25,50,2025-12-15,423,T2,Pier 4,65,11.1,5.9,Transatlantic CBP
W25,50,2025-12-15,424,T2,Pier 4,71,12.2,4.8,Transatlantic CBP
W25,50,2025-12-15,425,T2,Pier 4,68,11.6,5.4,Transatlantic CBP
W25,50,2025-12-15,426,T2,Pier 4,69,11.9,5.1,Transatlantic CBP
W25,50,2025-12-15,501,T2,Pier E,44,11.3,5.7,International Long-Haul
W25,50,2025-12-15,502,T2,Pier E,44,11.2,5.8,International Long-Haul
W25,50,2025-12-15,503,T2,Pier E,48,12.3,4.7,International Long-Haul
W25,50,2025-12-15,504,T2,Pier E,47,12.1,4.9,International Long-Haul
W25,50,2025-12-15,505,T2,Pier E,47,12.1,4.9,International Long-Haul
W25,50,2025-12-15,506,T2,Pier E,46,11.9,5.1,International Long-Haul
W25,50,2025-12-15,507,T2,Pier E,46,11.9,5.1,International Long-Haul
W25,50,2025-12-15,508,T2,Pier E,47,12.2,4.8,International Long-Haul
W25,50,2025-12-15,509,T2,Pier E,44,11.3,5.7,International Long-Haul
W25,50,2025-12-15,510,T2,Pier E,45,11.5,5.5,International Long-Haul
W25,50,2025-12-15,511,T2,Pier E,49,12.5,4.5,International Long-Haul
W25,50,2025-12-15,512,T2,Pier E,44,11.4,5.6,International Long-Haul
W25,50,2025-12-15,513,T2,Pier E,46,11.9,5.1,International Long-Haul
W25,50,2025-12-15,514,T2,Pier E,47,12.2,4.8,International Long-Haul
W25,50,2025-12-15,515,T2,Pier E,49,12.7,4.3,International Long-Haul
W25,50,2025-12-15,601,T1,Remote North,41,3.2,13.8,International Short-Haul
W25,50,2025-12-15,602,T1,Remote North,41,3.2,13.8,International Short-Haul
W25,50,2025-12-15,603,T1,Remote North,43,3.4,13.6,International Short-Haul
W25,50,2025-12-15,604,T1,Remote North,43,3.4,13.6,International Short-Haul
W25,50,2025-12-15,605,T1,Remote North,42,3.3,13.7,International Short-Haul
W25,50,2025-12-15,606,T1,Remote North,41,3.2,13.8,International Short-Haul
W25,50,2025-12-15,607,T1,Remote North,39,3.1,13.9,International Short-Haul
W25,50,2025-12-15,608,T1,Remote North,42,3.3,13.7,International Short-Haul
W25,50,2025-12-15,609,T1,Remote North,43,3.4,13.6,International Short-Haul
W25,50,2025-12-15,610,T1,Remote North,43,3.4,13.6,International Short-Haul
W25,50,2025-12-15,611,T1,Remote North,38,3,14,International Short-Haul
W25,50,2025-12-15,612,T1,Remote North,41,3.2,13.8,International Short-Haul
W25,50,2025-12-15,613,T1,Remote North,41,3.2,13.8,International Short-Haul
W25,50,2025-12-15,614,T1,Remote North,45,3.5,13.5,International Short-Haul
W25,50,2025-12-15,615,T1,Remote North,42,3.3,13.7,International Short-Haul
W25,50,2025-12-15,616,T1,Remote North,41,3.2,13.8,International Short-Haul
W25,50,2025-12-15,617,T1,Remote North,38,3,14,International Short-Haul
W25,50,2025-12-15,618,T1,Remote North,42,3.3,13.7,International Short-Haul
W25,50,2025-12-15,619,T1,Remote North,38,3,14,International Short-Haul
W25,50,2025-12-15,620,T1,Remote North,43,3.4,13.6,International Short-Haul
W25,50,2025-12-15,621,T1,Remote North,43,3.4,13.6,International Short-Haul
W25,50,2025-12-15,701,T1,Remote South,7,2.1,14.9,Cargo
W25,50,2025-12-15,702,T1,Remote South,7,2,15,Cargo
W25,50,2025-12-15,703,T1,Remote South,8,2.2,14.8,Cargo
W25,50,2025-12-15,704,T1,Remote South,7,2,15,Cargo
W25,50,2025-12-15,705,T1,Remote South,7,2,15,Cargo
W25,50,2025-12-15,706,T1,Remote South,8,2.2,14.8,Cargo
W25,50,2025-12-15,707,T1,Remote South,8,2.2,14.8,Cargo
W25,50,2025-12-15,708,T1,Remote South,8,2.2,14.8,Cargo
W25,50,2025-12-15,709,T1,Remote South,7,2,15,Cargo
W25,50,2025-12-15,710,T1,Remote South,7,1.9,15.1,Cargo
W25,50,2025-12-15,711,T1,Remote South,7,1.9,15.1,Cargo
W25,50,2025-12-15,712,T1,Remote South,7,2,15,Cargo
W25,51,2025-12-22,101,T1,Pier 1,134,9.6,7.4,International Short-Haul
W25,51,2025-12-22,102,T1,Pier 1,123,8.8,8.2,International Short-Haul
W25,51,2025-12-22,103,T1,Pier 1,133,9.5,7.5,International Short-Haul
W25,51,2025-12-22,104,T1,Pier 1,123,8.8,8.2,International Short-Haul
W25,51,2025-12-22,105,T1,Pier 1,126,9,8,International Short-Haul
W25,51,2025-12-22,106,T1,Pier 1,139,9.9,7.1,International Short-Haul
W25,51,2025-12-22,107,T1,Pier 1,123,8.8,8.2,International Short-Haul
W25,51,2025-12-22,108,T1,Pier 1,126,9,8,International Short-Haul
W25,51,2025-12-22,109,T1,Pier 1,125,8.9,8.1,International Short-Haul
W25,51,2025-12-22,110,T1,Pier 1,120,8.6,8.4,International Short-Haul
W25,51,2025-12-22,111,T1,Pier 1,129,9.2,7.8,International Short-Haul
W25,51,2025-12-22,112,T1,Pier 1,126,9,8,International Short-Haul
W25,51,2025-12-22,113,T1,Pier 1,133,9.5,7.5,International Short-Haul
W25,51,2025-12-22,114,T1,Pier 1,136,9.7,7.3,International Short-Haul
W25,51,2025-12-22,115,T1,Pier 1,130,9.3,7.7,International Short-Haul
W25,51,2025-12-22,116,T1,Pier 1,119,8.5,8.5,International Short-Haul
W25,51,2025-12-22,117,T1,Pier 1,132,9.4,7.6,International Short-Haul
W25,51,2025-12-22,118,T1,Pier 1,119,8.5,8.5,International Short-Haul
W25,51,2025-12-22,119,T1,Pier 1,132,9.4,7.6,International Short-Haul
W25,51,2025-12-22,201,T1,Pier 2,102,8,9,International Short-Haul
W25,51,2025-12-22,202,T1,Pier 2,94,7.4,9.6,International Short-Haul
W25,51,2025-12-22,203,T1,Pier 2,104,8.2,8.8,International Short-Haul
W25,51,2025-12-22,204,T1,Pier 2,106,8.3,8.7,International Short-Haul
W25,51,2025-12-22,205,T1,Pier 2,104,8.2,8.8,International Short-Haul
W25,51,2025-12-22,206,T1,Pier 2,97,7.6,9.4,International Short-Haul
W25,51,2025-12-22,207,T1,Pier 2,101,7.9,9.1,International Short-Haul
W25,51,2025-12-22,208,T1,Pier 2,106,8.3,8.7,International Short-Haul
W25,51,2025-12-22,209,T1,Pier 2,97,7.6,9.4,International Short-Haul
W25,51,2025-12-22,210,T1,Pier 2,104,8.2,8.8,International Short-Haul
W25,51,2025-12-22,211,T1,Pier 2,92,7.2,9.8,International Short-Haul
W25,51,2025-12-22,212,T1,Pier 2,92,7.2,9.8,International Short-Haul
W25,51,2025-12-22,213,T1,Pier 2,103,8.1,8.9,International Short-Haul
W25,51,2025-12-22,214,T1,Pier 2,103,8.1,8.9,International Short-Haul
W25,51,2025-12-22,301,T1,Pier 3,86,7.4,9.6,International Short-Haul
W25,51,2025-12-22,302,T1,Pier 3,88,7.5,9.5,International Short-Haul
W25,51,2025-12-22,303,T1,Pier 3,77,6.6,10.4,International Short-Haul
W25,51,2025-12-22,304,T1,Pier 3,79,6.8,10.2,International Short-Haul
W25,51,2025-12-22,305,T1,Pier 3,88,7.5,9.5,International Short-Haul
W25,51,2025-12-22,306,T1,Pier 3,78,6.7,10.3,International Short-Haul
W25,51,2025-12-22,307,T1,Pier 3,85,7.3,9.7,International Short-Haul
W25,51,2025-12-22,308,T1,Pier 3,83,7.1,9.9,International Short-Haul
W25,51,2025-12-22,309,T1,Pier 3,77,6.6,10.4,International Short-Haul
W25,51,2025-12-22,310,T1,Pier 3,79,6.8,10.2,International Short-Haul
W25,51,2025-12-22,311,T1,Pier 3,83,7.1,9.9,International Short-Haul
W25,51,2025-12-22,312,T1,Pier 3,88,7.5,9.5,International Short-Haul
W25,51,2025-12-22,313,T1,Pier 3,85,7.3,9.7,International Short-Haul
W25,51,2025-12-22,314,T1,Pier 3,84,7.2,9.8,International Short-Haul
W25,51,2025-12-22,315,T2,Pier 3,83,7.1,9.9,Transatlantic CBP
W25,51,2025-12-22,316,T2,Pier 3,79,6.8,10.2,Transatlantic CBP
W25,51,2025-12-22,317,T2,Pier 3,77,6.6,10.4,Transatlantic CBP
W25,51,2025-12-22,318,T2,Pier 3,82,7,10,Transatlantic CBP
W25,51,2025-12-22,319,T2,Pier 3,76,6.5,10.5,Transatlantic CBP
W25,51,2025-12-22,320,T2,Pier 3,78,6.7,10.3,Transatlantic CBP
W25,51,2025-12-22,321,T2,Pier 3,82,7,10,Transatlantic CBP
W25,51,2025-12-22,322,T2,Pier 3,82,7,10,Transatlantic CBP
W25,51,2025-12-22,323,T2,Pier 3,76,6.5,10.5,Transatlantic CBP
W25,51,2025-12-22,401,T2,Pier 4,68,11.6,5.4,Transatlantic CBP
W25,51,2025-12-22,402,T2,Pier 4,67,11.5,5.5,Transatlantic CBP
W25,51,2025-12-22,403,T2,Pier 4,62,10.6,6.4,Transatlantic CBP
W25,51,2025-12-22,404,T2,Pier 4,71,12.2,4.8,Transatlantic CBP
W25,51,2025-12-22,405,T2,Pier 4,62,10.7,6.3,Transatlantic CBP
W25,51,2025-12-22,406,T2,Pier 4,70,12,5,Transatlantic CBP
W25,51,2025-12-22,407,T2,Pier 4,61,10.5,6.5,Transatlantic CBP
W25,51,2025-12-22,408,T2,Pier 4,71,12.1,4.9,Transatlantic CBP
W25,51,2025-12-22,409,T2,Pier 4,61,10.5,6.5,Transatlantic CBP
W25,51,2025-12-22,410,T2,Pier 4,69,11.9,5.1,Transatlantic CBP
W25,51,2025-12-22,411,T2,Pier 4,65,11.1,5.9,Transatlantic CBP
W25,51,2025-12-22,412,T2,Pier 4,69,11.8,5.2,Transatlantic CBP
W25,51,2025-12-22,413,T2,Pier 4,65,11.2,5.8,Transatlantic CBP
W25,51,2025-12-22,414,T2,Pier 4,62,10.6,6.4,Transatlantic CBP
W25,51,2025-12-22,415,T2,Pier 4,69,11.9,5.1,Transatlantic CBP
W25,51,2025-12-22,416,T2,Pier 4,62,10.6,6.4,Transatlantic CBP
W25,51,2025-12-22,417,T2,Pier 4,71,12.2,4.8,Transatlantic CBP
W25,51,2025-12-22,418,T2,Pier 4,62,10.6,6.4,Transatlantic CBP
W25,51,2025-12-22,419,T2,Pier 4,66,11.4,5.6,Transatlantic CBP
W25,51,2025-12-22,420,T2,Pier 4,69,11.8,5.2,Transatlantic CBP
W25,51,2025-12-22,421,T2,Pier 4,65,11.2,5.8,Transatlantic CBP
W25,51,2025-12-22,422,T2,Pier 4,64,10.9,6.1,Transatlantic CBP
W25,51,2025-12-22,423,T2,Pier 4,69,11.9,5.1,Transatlantic CBP
W25,51,2025-12-22,424,T2,Pier 4,69,11.9,5.1,Transatlantic CBP
W25,51,2025-12-22,425,T2,Pier 4,71,12.2,4.8,Transatlantic CBP
W25,51,2025-12-22,426,T2,Pier 4,65,11.2,5.8,Transatlantic CBP
W25,51,2025-12-22,501,T2,Pier E,46,11.8,5.2,International Long-Haul
W25,51,2025-12-22,502,T2,Pier E,45,11.5,5.5,International Long-Haul
W25,51,2025-12-22,503,T2,Pier E,44,11.3,5.7,International Long-Haul
W25,51,2025-12-22,504,T2,Pier E,47,12.2,4.8,International Long-Haul
W25,51,2025-12-22,505,T2,Pier E,45,11.5,5.5,International Long-Haul
W25,51,2025-12-22,506,T2,Pier E,45,11.6,5.4,International Long-Haul
W25,51,2025-12-22,507,T2,Pier E,45,11.6,5.4,International Long-Haul
W25,51,2025-12-22,508,T2,Pier E,47,12.2,4.8,International Long-Haul
W25,51,2025-12-22,509,T2,Pier E,49,12.6,4.4,International Long-Haul
W25,51,2025-12-22,510,T2,Pier E,47,12.1,4.9,International Long-Haul
W25,51,2025-12-22,511,T2,Pier E,45,11.7,5.3,International Long-Haul
W25,51,2025-12-22,512,T2,Pier E,48,12.3,4.7,International Long-Haul
W25,51,2025-12-22,513,T2,Pier E,47,12,5,International Long-Haul
W25,51,2025-12-22,514,T2,Pier E,42,10.9,6.1,International Long-Haul
W25,51,2025-12-22,515,T2,Pier E,43,11,6,International Long-Haul
W25,51,2025-12-22,601,T1,Remote North,38,3,14,International Short-Haul
W25,51,2025-12-22,602,T1,Remote North,41,3.2,13.8,International Short-Haul
W25,51,2025-12-22,603,T1,Remote North,43,3.4,13.6,International Short-Haul
W25,51,2025-12-22,604,T1,Remote North,39,3.1,13.9,International Short-Haul
W25,51,2025-12-22,605,T1,Remote North,41,3.2,13.8,International Short-Haul
W25,51,2025-12-22,606,T1,Remote North,43,3.4,13.6,International Short-Haul
W25,51,2025-12-22,607,T1,Remote North,43,3.4,13.6,International Short-Haul
W25,51,2025-12-22,608,T1,Remote North,42,3.3,13.7,International Short-Haul
W25,51,2025-12-22,609,T1,Remote North,39,3.1,13.9,International Short-Haul
W25,51,2025-12-22,610,T1,Remote North,38,3,14,International Short-Haul
W25,51,2025-12-22,611,T1,Remote North,38,3,14,International Short-Haul
W25,51,2025-12-22,612,T1,Remote North,38,3,14,International Short-Haul
W25,51,2025-12-22,613,T1,Remote North,39,3.1,13.9,International Short-Haul
W25,51,2025-12-22,614,T1,Remote North,41,3.2,13.8,International Short-Haul
W25,51,2025-12-22,615,T1,Remote North,38,3,14,International Short-Haul
W25,51,2025-12-22,616,T1,Remote North,38,3,14,International Short-Haul
W25,51,2025-12-22,617,T1,Remote North,39,3.1,13.9,International Short-Haul
W25,51,2025-12-22,618,T1,Remote North,42,3.3,13.7,International Short-Haul
W25,51,2025-12-22,619,T1,Remote North,42,3.3,13.7,International Short-Haul
W25,51,2025-12-22,620,T1,Remote North,41,3.2,13.8,International Short-Haul
W25,51,2025-12-22,621,T1,Remote North,39,3.1,13.9,International Short-Haul
W25,51,2025-12-22,701,T1,Remote South,7,2,15,Cargo
W25,51,2025-12-22,702,T1,Remote South,7,1.9,15.1,Cargo
W25,51,2025-12-22,703,T1,Remote South,7,2,15,Cargo
W25,51,2025-12-22,704,T1,Remote South,8,2.2,14.8,Cargo
W25,51,2025-12-22,705,T1,Remote South,8,2.2,14.8,Cargo
W25,51,2025-12-22,706,T1,Remote South,7,2.1,14.9,Cargo
W25,51,2025-12-22,707,T1,Remote South,8,2.2,14.8,Cargo
W25,51,2025-12-22,708,T1,Remote South,7,2.1,14.9,Cargo
W25,51,2025-12-22,709,T1,Remote South,7,1.9,15.1,Cargo
W25,51,2025-12-22,710,T1,Remote South,8,2.2,14.8,Cargo
W25,51,2025-12-22,711,T1,Remote South,7,1.9,15.1,Cargo
W25,51,2025-12-22,712,T1,Remote South,7,2.1,14.9,Cargo
W25,52,2025-12-29,101,T1,Pier 1,85,6.1,10.9,International Short-Haul
W25,52,2025-12-29,102,T1,Pier 1,88,6.3,10.7,International Short-Haul
W25,52,2025-12-29,103,T1,Pier 1,91,6.5,10.5,International Short-Haul
W25,52,2025-12-29,104,T1,Pier 1,88,6.3,10.7,International Short-Haul
W25,52,2025-12-29,105,T1,Pier 1,85,6.1,10.9,International Short-Haul
W25,52,2025-12-29,106,T1,Pier 1,87,6.2,10.8,International Short-Haul
W25,52,2025-12-29,107,T1,Pier 1,87,6.2,10.8,International Short-Haul
W25,52,2025-12-29,108,T1,Pier 1,97,6.9,10.1,International Short-Haul
W25,52,2025-12-29,109,T1,Pier 1,94,6.7,10.3,International Short-Haul
W25,52,2025-12-29,110,T1,Pier 1,90,6.4,10.6,International Short-Haul
W25,52,2025-12-29,111,T1,Pier 1,85,6.1,10.9,International Short-Haul
W25,52,2025-12-29,112,T1,Pier 1,94,6.7,10.3,International Short-Haul
W25,52,2025-12-29,113,T1,Pier 1,84,6,11,International Short-Haul
W25,52,2025-12-29,114,T1,Pier 1,85,6.1,10.9,International Short-Haul
W25,52,2025-12-29,115,T1,Pier 1,88,6.3,10.7,International Short-Haul
W25,52,2025-12-29,116,T1,Pier 1,95,6.8,10.2,International Short-Haul
W25,52,2025-12-29,117,T1,Pier 1,84,6,11,International Short-Haul
W25,52,2025-12-29,118,T1,Pier 1,84,6,11,International Short-Haul
W25,52,2025-12-29,119,T1,Pier 1,90,6.4,10.6,International Short-Haul
W25,52,2025-12-29,201,T1,Pier 2,66,5.2,11.8,International Short-Haul
W25,52,2025-12-29,202,T1,Pier 2,70,5.5,11.5,International Short-Haul
W25,52,2025-12-29,203,T1,Pier 2,69,5.4,11.6,International Short-Haul
W25,52,2025-12-29,204,T1,Pier 2,69,5.4,11.6,International Short-Haul
W25,52,2025-12-29,205,T1,Pier 2,65,5.1,11.9,International Short-Haul
W25,52,2025-12-29,206,T1,Pier 2,65,5.1,11.9,International Short-Haul
W25,52,2025-12-29,207,T1,Pier 2,73,5.7,11.3,International Short-Haul
W25,52,2025-12-29,208,T1,Pier 2,74,5.8,11.2,International Short-Haul
W25,52,2025-12-29,209,T1,Pier 2,66,5.2,11.8,International Short-Haul
W25,52,2025-12-29,210,T1,Pier 2,65,5.1,11.9,International Short-Haul
W25,52,2025-12-29,211,T1,Pier 2,64,5,12,International Short-Haul
W25,52,2025-12-29,212,T1,Pier 2,70,5.5,11.5,International Short-Haul
W25,52,2025-12-29,213,T1,Pier 2,71,5.6,11.4,International Short-Haul
W25,52,2025-12-29,214,T1,Pier 2,67,5.3,11.7,International Short-Haul
W25,52,2025-12-29,301,T1,Pier 3,58,5,12,International Short-Haul
W25,52,2025-12-29,302,T1,Pier 3,60,5.1,11.9,International Short-Haul
W25,52,2025-12-29,303,T1,Pier 3,61,5.2,11.8,International Short-Haul
W25,52,2025-12-29,304,T1,Pier 3,54,4.6,12.4,International Short-Haul
W25,52,2025-12-29,305,T1,Pier 3,55,4.7,12.3,International Short-Haul
W25,52,2025-12-29,306,T1,Pier 3,54,4.6,12.4,International Short-Haul
W25,52,2025-12-29,307,T1,Pier 3,61,5.2,11.8,International Short-Haul
W25,52,2025-12-29,308,T1,Pier 3,60,5.1,11.9,International Short-Haul
W25,52,2025-12-29,309,T1,Pier 3,58,5,12,International Short-Haul
W25,52,2025-12-29,310,T1,Pier 3,54,4.6,12.4,International Short-Haul
W25,52,2025-12-29,311,T1,Pier 3,55,4.7,12.3,International Short-Haul
W25,52,2025-12-29,312,T1,Pier 3,55,4.7,12.3,International Short-Haul
W25,52,2025-12-29,313,T1,Pier 3,58,5,12,International Short-Haul
W25,52,2025-12-29,314,T1,Pier 3,55,4.7,12.3,International Short-Haul
W25,52,2025-12-29,315,T2,Pier 3,54,4.6,12.4,Transatlantic CBP
W25,52,2025-12-29,316,T2,Pier 3,60,5.1,11.9,Transatlantic CBP
W25,52,2025-12-29,317,T2,Pier 3,55,4.7,12.3,Transatlantic CBP
W25,52,2025-12-29,318,T2,Pier 3,57,4.9,12.1,Transatlantic CBP
W25,52,2025-12-29,319,T2,Pier 3,54,4.6,12.4,Transatlantic CBP
W25,52,2025-12-29,320,T2,Pier 3,60,5.1,11.9,Transatlantic CBP
W25,52,2025-12-29,321,T2,Pier 3,58,5,12,Transatlantic CBP
W25,52,2025-12-29,322,T2,Pier 3,61,5.2,11.8,Transatlantic CBP
W25,52,2025-12-29,323,T2,Pier 3,57,4.9,12.1,Transatlantic CBP
W25,52,2025-12-29,401,T2,Pier 4,50,8.5,8.5,Transatlantic CBP
W25,52,2025-12-29,402,T2,Pier 4,49,8.4,8.6,Transatlantic CBP
W25,52,2025-12-29,403,T2,Pier 4,47,8,9,Transatlantic CBP
W25,52,2025-12-29,404,T2,Pier 4,50,8.5,8.5,Transatlantic CBP
W25,52,2025-12-29,405,T2,Pier 4,45,7.7,9.3,Transatlantic CBP
W25,52,2025-12-29,406,T2,Pier 4,46,7.8,9.2,Transatlantic CBP
W25,52,2025-12-29,407,T2,Pier 4,43,7.3,9.7,Transatlantic CBP
W25,52,2025-12-29,408,T2,Pier 4,47,8,9,Transatlantic CBP
W25,52,2025-12-29,409,T2,Pier 4,48,8.2,8.8,Transatlantic CBP
W25,52,2025-12-29,410,T2,Pier 4,48,8.3,8.7,Transatlantic CBP
W25,52,2025-12-29,411,T2,Pier 4,44,7.5,9.5,Transatlantic CBP
W25,52,2025-12-29,412,T2,Pier 4,46,7.9,9.1,Transatlantic CBP
W25,52,2025-12-29,413,T2,Pier 4,44,7.5,9.5,Transatlantic CBP
W25,52,2025-12-29,414,T2,Pier 4,47,8.1,8.9,Transatlantic CBP
W25,52,2025-12-29,415,T2,Pier 4,44,7.5,9.5,Transatlantic CBP
W25,52,2025-12-29,416,T2,Pier 4,49,8.4,8.6,Transatlantic CBP
W25,52,2025-12-29,417,T2,Pier 4,44,7.6,9.4,Transatlantic CBP
W25,52,2025-12-29,418,T2,Pier 4,45,7.7,9.3,Transatlantic CBP
W25,52,2025-12-29,419,T2,Pier 4,49,8.4,8.6,Transatlantic CBP
W25,52,2025-12-29,420,T2,Pier 4,46,7.9,9.1,Transatlantic CBP
W25,52,2025-12-29,421,T2,Pier 4,43,7.3,9.7,Transatlantic CBP
W25,52,2025-12-29,422,T2,Pier 4,46,7.9,9.1,Transatlantic CBP
W25,52,2025-12-29,423,T2,Pier 4,43,7.4,9.6,Transatlantic CBP
W25,52,2025-12-29,424,T2,Pier 4,50,8.5,8.5,Transatlantic CBP
W25,52,2025-12-29,425,T2,Pier 4,47,8,9,Transatlantic CBP
W25,52,2025-12-29,426,T2,Pier 4,44,7.6,9.4,Transatlantic CBP
W25,52,2025-12-29,501,T2,Pier E,32,8.3,8.7,International Long-Haul
W25,52,2025-12-29,502,T2,Pier E,30,7.6,9.4,International Long-Haul
W25,52,2025-12-29,503,T2,Pier E,33,8.6,8.4,International Long-Haul
W25,52,2025-12-29,504,T2,Pier E,34,8.7,8.3,International Long-Haul
W25,52,2025-12-29,505,T2,Pier E,34,8.7,8.3,International Long-Haul
W25,52,2025-12-29,506,T2,Pier E,31,8,9,International Long-Haul
W25,52,2025-12-29,507,T2,Pier E,31,8,9,International Long-Haul
W25,52,2025-12-29,508,T2,Pier E,30,7.6,9.4,International Long-Haul
W25,52,2025-12-29,509,T2,Pier E,33,8.4,8.6,International Long-Haul
W25,52,2025-12-29,510,T2,Pier E,32,8.2,8.8,International Long-Haul
W25,52,2025-12-29,511,T2,Pier E,32,8.1,8.9,International Long-Haul
W25,52,2025-12-29,512,T2,Pier E,34,8.7,8.3,International Long-Haul
W25,52,2025-12-29,513,T2,Pier E,30,7.7,9.3,International Long-Haul
W25,52,2025-12-29,514,T2,Pier E,29,7.5,9.5,International Long-Haul
W25,52,2025-12-29,515,T2,Pier E,30,7.6,9.4,International Long-Haul
W25,52,2025-12-29,601,T1,Remote North,27,2.1,14.9,International Short-Haul
W25,52,2025-12-29,602,T1,Remote North,27,2.1,14.9,International Short-Haul
W25,52,2025-12-29,603,T1,Remote North,28,2.2,14.8,International Short-Haul
W25,52,2025-12-29,604,T1,Remote North,28,2.2,14.8,International Short-Haul
W25,52,2025-12-29,605,T1,Remote North,27,2.1,14.9,International Short-Haul
W25,52,2025-12-29,606,T1,Remote North,29,2.3,14.7,International Short-Haul
W25,52,2025-12-29,607,T1,Remote North,27,2.1,14.9,International Short-Haul
W25,52,2025-12-29,608,T1,Remote North,29,2.3,14.7,International Short-Haul
W25,52,2025-12-29,609,T1,Remote North,28,2.2,14.8,International Short-Haul
W25,52,2025-12-29,610,T1,Remote North,28,2.2,14.8,International Short-Haul
W25,52,2025-12-29,611,T1,Remote North,31,2.4,14.6,International Short-Haul
W25,52,2025-12-29,612,T1,Remote North,27,2.1,14.9,International Short-Haul
W25,52,2025-12-29,613,T1,Remote North,28,2.2,14.8,International Short-Haul
W25,52,2025-12-29,614,T1,Remote North,31,2.4,14.6,International Short-Haul
W25,52,2025-12-29,615,T1,Remote North,29,2.3,14.7,International Short-Haul
W25,52,2025-12-29,616,T1,Remote North,28,2.2,14.8,International Short-Haul
W25,52,2025-12-29,617,T1,Remote North,28,2.2,14.8,International Short-Haul
W25,52,2025-12-29,618,T1,Remote North,29,2.3,14.7,International Short-Haul
W25,52,2025-12-29,619,T1,Remote North,31,2.4,14.6,International Short-Haul
W25,52,2025-12-29,620,T1,Remote North,27,2.1,14.9,International Short-Haul
W25,52,2025-12-29,621,T1,Remote North,27,2.1,14.9,International Short-Haul
W25,52,2025-12-29,701,T1,Remote South,5,1.4,15.6,Cargo
W25,52,2025-12-29,702,T1,Remote South,5,1.4,15.6,Cargo
W25,52,2025-12-29,703,T1,Remote South,5,1.4,15.6,Cargo
W25,52,2025-12-29,704,T1,Remote South,5,1.4,15.6,Cargo
W25,52,2025-12-29,705,T1,Remote South,5,1.4,15.6,Cargo
W25,52,2025-12-29,706,T1,Remote South,5,1.4,15.6,Cargo
W25,52,2025-12-29,707,T1,Remote South,5,1.5,15.5,Cargo
W25,52,2025-12-29,708,T1,Remote South,5,1.4,15.6,Cargo
W25,52,2025-12-29,709,T1,Remote South,5,1.4,15.6,Cargo
W25,52,2025-12-29,710,T1,Remote South,5,1.4,15.6,Cargo
W25,52,2025-12-29,711,T1,Remote South,5,1.5,15.5,Cargo
W25,52,2025-12-29,712,T1,Remote South,5,1.5,15.5,Cargo
"ROW COLOURS: Yellow = Peak (Jul–Aug, mult ≥1.28)  |  Blue = Low season (Jan–Feb, mult ≤0.68)  |  Purple = St Patrick's / Easter  |  Pink = Christmas",,,,,,,,,
"SOURCE: Synthesised from DAA 3-day actual schedule (31 Mar–3 Apr 2026) using IATA S25/W25 seasonality curves, Irish calendar events, and Dublin Airport 2025 traffic patterns (~36.4M pax).",,,,,,,,,
