date,std,flight_no,destination,destination_code,airline_name,aircraft_type,tail_reg,icao_cat,actual_departure,gate
31-Mar-26,08:00,,Katowice (KTW),KTW,Ryanair,CL35,M-ASBA,C,08:18,208
31-Mar-26,08:15,FR96,Prague (PRG),PRG,Ryanair,B738,SP-RSD,C,08:20,105
31-Mar-26,08:20,FR7008,Vienna (VIE),VIE,Lauda Europe,A320,9H-LOR,C,08:41,207
31-Mar-26,08:25,FR2971,Kaunas (KUN),KUN,Ryanair,B38M,SP-RZU,C,08:44,108
31-Mar-26,08:30,FR272,London (STN),STN,Ryanair,B738,9H-QEU,C,08:46,103
31-Mar-26,08:35,BA825,London (LHR),LHR,British Airways,A320,G-EUYT,C,08:49,423
31-Mar-26,08:37,FX5050,Indianapolis (IND),IND,FedEx,B763,N125FE,D,08:36,R201
31-Mar-26,08:40,EI156,London (LHR),LHR,Aer Lingus,A20N,EI-NSA,C,08:47,415
31-Mar-26,08:45,BA4463,London (LCY),LCY,British Airways,E190,G-LCYO,C,08:50,424
31-Mar-26,08:50,LH977,Frankfurt (FRA),FRA,Lufthansa (Star Alliance Livery),A320,D-AIZH,C,08:58,116
31-Mar-26,08:50,UA311,Washington (IAD),IAD,United Airlines,B752,N18112,D,08:56,419
31-Mar-26,08:55,FR7046,Malaga (AGP),AGP,Malta Air,B38M,9H-VUB,C,09:14,209
31-Mar-26,08:55,KL1136,Amsterdam (AMS),AMS,KLM,E295,PH-NXG,C,09:21,118
31-Mar-26,08:58,FX5202,Liege (LGG),LGG,FedEx,B763,N107FE,D,09:15,R201
31-Mar-26,09:05,FR611,Kerry (KIR),KIR,Ryanair,B738,EI-GJT,C,09:03,206
31-Mar-26,09:10,FR5405,Murcia (RMU),RMU,Ryanair,B38M,EI-IHY,C,09:12,206
31-Mar-26,09:15,AF1617,Paris (CDG),CDG,Air France,BCS3,F-HPNZ,C,09:24,115
31-Mar-26,09:20,FR446,Liverpool (LPL),LPL,Ryanair,B738,EI-GSK,C,09:18,201
31-Mar-26,09:25,EA3554,Edinburgh (EDI),EDI,Aer Lingus Regional,AT76,EI-GZV,B,09:28,421
31-Mar-26,09:25,,Weeze (NRN),NRN,Ryanair,B738,9H-QAL,C,09:38,208
31-Mar-26,09:30,AA133,Dallas (DFW),DFW,American Airlines,B788,N872AN,E,09:50,416
31-Mar-26,09:30,UA22,New York (EWR),EWR,United Airlines,B772,N77012,E,10:25,418
31-Mar-26,09:35,FR6187,Palma de Mallorca (PMI),PMI,Lauda Europe,A320,9H-LMC,C,09:45,208
31-Mar-26,09:40,AY1382,Helsinki (HEL),HEL,Finnair,E190,OH-LKI,C,09:53,407
31-Mar-26,09:40,EI158,London (LHR),LHR,Aer Lingus,A20N,EI-NSE,C,10:14,410
31-Mar-26,09:45,EI204,Manchester (MAN),MAN,Aer Lingus,A21N,EI-LRE,C,09:57,408
31-Mar-26,09:45,EI524,Paris (CDG),CDG,Aer Lingus,A21N,EI-LRG,C,10:17,414
31-Mar-26,09:45,FR1111,London (LGW),LGW,Ryanair,B738,9H-QAD,C,09:54,203
31-Mar-26,09:50,AC801,Toronto (YYZ),YYZ,Air Canada,B789,C-FGFZ,E,10:01,413
31-Mar-26,09:50,FR7390,Lisbon (LIS),LIS,Ryanair,B38M,EI-IKK,C,10:07,210
31-Mar-26,09:50,IB1882,Madrid (MAD),MAD,Iberia Express,A320,EC-LVQ,C,10:03,112
31-Mar-26,09:55,EI504,Bordeaux (BOD),BOD,Aer Lingus,A320,EI-DEJ,C,10:27,406
31-Mar-26,09:55,EI604,Amsterdam (AMS),AMS,Aer Lingus,A21N,EI-XLU,C,10:11,406
31-Mar-26,10:00,DL259,Minneapolis (MSP),MSP,Delta Air Lines,A333,N829NW,E,11:08,404
31-Mar-26,10:00,EI392,Hamburg (HAM),HAM,Aer Lingus,A320,EI-DEI,C,13:02,412
31-Mar-26,10:00,FR156,Leeds (LBA),LBA,Ryanair,B38M,EI-IFV,C,10:19,210
31-Mar-26,10:00,FR1023,Budapest (BUD),BUD,Ryanair,B38M,EI-IFS,C,10:12,202
31-Mar-26,10:00,FR1116,Reus (REU),REU,Ryanair,B738,9H-QCT,C,10:33,205
31-Mar-26,10:00,VY8721,Barcelona (BCN),BCN,Vueling,A320,EC-MJC,C,10:16,110
31-Mar-26,10:05,,London (LGW),LGW,Ryanair,B738,9H-QAD,C,10:05,208
31-Mar-26,10:20,EA3222,Glasgow (GLA),GLA,Aer Lingus Regional,AT76,EI-HPK,B,12:11,421
31-Mar-26,10:20,EA3252,Edinburgh (EDI),EDI,Aer Lingus Regional,AT76,EI-GPN,B,10:29,417
31-Mar-26,10:20,EI3322,Manchester (MAN),MAN,Aer Lingus,AT7,,B,10:20,416
31-Mar-26,10:20,,Manchester (MAN),MAN,Aer Lingus Regional,AT76,EI-FAT,B,10:34,418
31-Mar-26,10:25,FR662,Birmingham (BHX),BHX,Ryanair,B738,EI-GXK,C,10:45,210
31-Mar-26,10:30,BA827,London (LHR),LHR,British Airways,A320,G-EUYJ,C,11:22,424
31-Mar-26,10:30,EI404,Rome (FCO),FCO,Aer Lingus,A320,EI-DEL,C,10:56,407
31-Mar-26,10:30,EI3264,Birmingham (BHX),BHX,Aer Lingus,AT7,,B,10:30,416
31-Mar-26,10:30,,Birmingham (BHX),BHX,Aer Lingus Regional,AT76,EI-HPJ,B,10:38,418
31-Mar-26,10:35,FR534,Nottingham (EMA),EMA,Ryanair,B38M,EI-HEZ,C,11:12,201
31-Mar-26,10:40,LH2517,Munich (MUC),MUC,Lufthansa,A21N,D-AIEJ,C,10:51,117
31-Mar-26,10:40,TK1976,Istanbul (IST),IST,Turkish Airlines,A21N,TC-LTD,C,11:00,114
31-Mar-26,10:50,FR1454,Milan (MXP),MXP,Ryanair,B738,9H-QDI,C,11:10,203
31-Mar-26,10:50,FR7354,Chania (CHQ),CHQ,Ryanair,B738,EI-EKI,C,11:34,208
31-Mar-26,11:00,DL177,Atlanta (ATL),ATL,Delta Air Lines,B764,N839MH,D,11:15,403
31-Mar-26,11:10,EI162,London (LHR),LHR,Aer Lingus,A20N,EI-NSG,C,11:24,409
31-Mar-26,11:10,EI105,New York (JFK),JFK,Aer Lingus,A333,EI-FNG,E,11:29,415
31-Mar-26,11:10,FR116,London (LGW),LGW,Ryanair,B38M,EI-IHN,C,12:00,209
31-Mar-26,11:10,KL1138,Amsterdam (AMS),AMS,KLM,B738,PH-BXA,C,11:38,118
31-Mar-26,11:15,BA4465,London (LCY),LCY,British Airways,E190,G-LCYP,C,11:31,424
31-Mar-26,11:20,EI3266,Birmingham (BHX),BHX,Aer Lingus,AT7,,B,11:18,409
31-Mar-26,11:20,,Birmingham (BHX),BHX,Aer Lingus Regional,AT76,EI-GPO,B,11:26,418
31-Mar-26,11:25,FR7240,Madrid (MAD),MAD,Ryanair,B738,EI-EBY,C,11:42,201
31-Mar-26,11:30,EA3226,Glasgow (GLA),GLA,Aer Lingus Regional,AT76,EI-HDK,B,11:39,421
31-Mar-26,11:30,FR202,London (STN),STN,Ryanair,B738,9H-QBJ,C,11:36,201
31-Mar-26,11:30,FR337,London (LTN),LTN,Ryanair,B738,EI-EVJ,C,11:35,206
31-Mar-26,11:30,WS35,Toronto (YYZ),YYZ,WestJet,B38M,C-GCAM,C,12:02,413
31-Mar-26,11:35,EI123,Chicago (ORD),ORD,Aer Lingus,A333,EI-EDY,E,12:24,411
31-Mar-26,11:35,UA981,Chicago (ORD),ORD,United Airlines,B788,N20904,E,11:48,418
31-Mar-26,11:40,EI3254,Edinburgh (EDI),EDI,Aer Lingus Regional,AT76,EI-HNA,B,11:45,422
31-Mar-26,11:40,FR436,Liverpool (LPL),LPL,Ryanair,B38M,9H-VVJ,C,12:04,201
31-Mar-26,11:40,GR687,Guernsey (GCI),GCI,Aurigny,AT76,G-OGFC,B,11:53,R105
31-Mar-26,11:40,SK536,Stockholm (ARN),ARN,SAS,A20N,SE-ROE,C,11:50,116
31-Mar-26,11:45,AA725,Charlotte (CLT),CLT,American Airlines,B772,N756AM,E,13:37,417
31-Mar-26,11:45,EI544,Nice (NCE),NCE,Aer Lingus,A320,EI-GAL,C,12:27,410
31-Mar-26,11:50,FR3006,Amsterdam (AMS),AMS,Ryanair,B738,EI-DPP,C,12:17,207
31-Mar-26,11:50,FR4266,Verona (VRN),VRN,Ryanair,B738,9H-QEK,C,12:06,202
31-Mar-26,11:55,EW9395,Dusseldorf (DUS),DUS,Eurowings,A321,D-AIDO,C,12:22,117
31-Mar-26,12:00,EI164,London (LHR),LHR,Aer Lingus,A320,EI-FNJ,C,12:20,410
31-Mar-26,12:00,FR7032,Faro (FAO),FAO,Ryanair,B738,9H-QDL,C,12:08,206
31-Mar-26,12:00,HU752,Beijing (PEK),PEK,Hainan Airlines,A333,B-1021,E,12:14,416
31-Mar-26,12:05,FR1974,Poznan (POZ),POZ,Ryanair,B738,EI-GJT,C,12:10,207
31-Mar-26,12:05,FR7062,Alicante (ALC),ALC,Ryanair,B738,SP-RKH,C,12:19,213
31-Mar-26,12:20,EI514,Marseille (MRS),MRS,Aer Lingus,A320,EI-DEM,C,12:32,415
31-Mar-26,12:25,LH979,Frankfurt (FRA),FRA,Lufthansa,A20N,D-AIJD,C,12:41,117
31-Mar-26,12:30,EI160,London (LHR),LHR,Aer Lingus,A20N,EI-NSH,C,12:59,407
31-Mar-26,12:30,FR1740,Valencia (VLC),VLC,Ryanair,B738,EI-EGD,C,13:08,210
31-Mar-26,12:30,UA229,Washington (IAD),IAD,United Airlines,B752,N19117,D,12:49,418
31-Mar-26,12:30,XQ533,Antalya (AYT),AYT,SunExpress (Crystal Palace Livery),B38M,TC-SMF,C,12:43,113
31-Mar-26,12:35,EI117,Washington (IAD),IAD,Aer Lingus,A21N,EI-LRA,C,12:47,408
31-Mar-26,12:40,AA723,Philadelphia (PHL),PHL,American Airlines,B788,N874AN,E,12:57,416
31-Mar-26,12:40,SK538,Copenhagen (CPH),CPH,SAS,A20N,EI-SIB,C,12:45,117
31-Mar-26,12:45,EI208,Manchester (MAN),MAN,Aer Lingus,A320,EI-GAM,C,13:14,411
31-Mar-26,12:50,BA829,London (LHR),LHR,British Airways,A21N,G-TNEE,C,13:12,423
31-Mar-26,12:50,EI552,Lyon (LYS),LYS,Aer Lingus,A21N,EI-LRF,C,13:05,405
31-Mar-26,12:50,WF373,Bergen (BGO),BGO,Wideroe,E290,LN-WEB,C,13:03,417
31-Mar-26,12:55,FR816,Edinburgh (EDI),EDI,Ryanair,B38M,EI-ILH,C,13:34,209
31-Mar-26,13:00,EI61,San Francisco (SFO),SFO,Aer Lingus,A333,EI-EIM,E,13:35,414
31-Mar-26,13:00,EW2775,Stuttgart (STR),STR,Eurowings,A319,D-AGWV,C,13:57,117
31-Mar-26,13:00,FR506,Bristol (BRS),BRS,Ryanair,B738,SP-RKD,C,13:20,207
31-Mar-26,13:00,FR9456,Bologna (BLQ),BLQ,Ryanair,B738,9H-QCX,C,13:19,208
31-Mar-26,13:00,LX401,Zurich (ZRH),ZRH,Swiss,BCS3,HB-JCJ,C,13:41,118
31-Mar-26,13:05,FR152,Leeds (LBA),LBA,Ryanair,B38M,9H-VVL,C,13:23,206
31-Mar-26,13:10,EI584,Malaga (AGP),AGP,Aer Lingus,A320,EI-DVG,C,13:32,404
31-Mar-26,13:15,DL45,New York (JFK),JFK,Delta Air Lines,B763,N173DZ,D,14:03,404
31-Mar-26,13:15,FR9177,Ibiza (IBZ),IBZ,Ryanair,B738,SP-RSQ,C,13:43,210
31-Mar-26,13:15,FR9776,Nimes (FNI),FNI,Ryanair,B738,SP-RKV,C,13:52,202
31-Mar-26,13:20,EI101,New York (EWR),EWR,Aer Lingus,A21N,EI-LRC,C,13:30,411
31-Mar-26,13:20,EI127,Toronto (YYZ),YYZ,Aer Lingus,A333,EI-DUZ,E,13:59,406
31-Mar-26,13:20,FR288,London (STN),STN,Ryanair,B738,SP-RKW,C,13:40,204
31-Mar-26,13:20,FR8130,Malaga (AGP),AGP,Ryanair,B38M,EI-IJD,C,13:29,210
31-Mar-26,13:25,FR24,Paris (BVA),BVA,Ryanair,B38M,EI-IJZ,C,13:44,203
31-Mar-26,13:25,KL1140,Amsterdam (AMS),AMS,KLM,E295,PH-NXW,C,13:55,118
31-Mar-26,13:30,EI166,London (LHR),LHR,Aer Lingus,A20N,EI-NSD,C,13:46,410
31-Mar-26,13:30,EI526,Paris (CDG),CDG,Aer Lingus,A320,EI-EDS,C,13:53,404
31-Mar-26,13:35,EI608,Amsterdam (AMS),AMS,Aer Lingus,A320,EI-DEP,C,14:11,413
31-Mar-26,13:35,UA316,New York (EWR),EWR,United Airlines,B752,N14115,D,14:01,419
31-Mar-26,13:45,EI3256,Edinburgh (EDI),EDI,Aer Lingus Regional,AT76,EI-FAT,B,14:06,403
31-Mar-26,13:50,EI147,Bridgetown (BGI),BGI,Aer Lingus,A21N,EI-XLV,C,14:09,409
31-Mar-26,14:00,FR1992,La Rochelle (LRH),LRH,Ryanair,B738,EI-GXK,C,14:12,208
31-Mar-26,14:05,EI77,Nashville (BNA),BNA,Aer Lingus,A21N,EI-XLR,C,14:34,405
31-Mar-26,14:05,EI121,Orlando (MCO),MCO,Aer Lingus,A333,EI-FNH,E,15:06,410
31-Mar-26,14:05,EA3224,Glasgow (GLA),GLA,Aer Lingus Regional,AT76,EI-HPJ,B,14:27,421
31-Mar-26,14:05,EI3330,Exeter (EXT),EXT,Aer Lingus Regional,AT76,EI-GZV,B,14:16,410
31-Mar-26,14:05,PC1158,Istanbul (SAW),SAW,Pegasus,A20N,TC-NBA,C,14:24,113
31-Mar-26,14:05,,London (BQH),BQH,NetJets,C56X,G-NJAK,C,14:14,R110
31-Mar-26,14:10,EI131,Windsor Locks (BDL),BDL,Aer Lingus,A21N,EI-LRD,C,15:03,403
31-Mar-26,14:15,EI708,Marrakesh (RAK),RAK,Aer Lingus,A320,EI-DVN,C,14:36,407
31-Mar-26,14:15,FI419,Reykjavik (KEF),KEF,Icelandair,B39M,TF-ICA,C,14:54,113
31-Mar-26,14:20,EI464,Malta (MLA),MLA,Aer Lingus,A320,EI-DES,C,16:27,416
31-Mar-26,14:20,EI748,Bilbao (BIO),BIO,Aer Lingus,A320,EI-DVH,C,14:49,415
31-Mar-26,14:20,EK162,Dubai (DXB),DXB,Emirates,B77W,A6-ENV,C,14:43,415
31-Mar-26,14:20,FR1986,Nantes (NTE),NTE,Ryanair,B38M,9H-VUZ,C,14:25,210
31-Mar-26,14:20,FR5131,Basel (BSL),BSL,Ryanair,B738,9H-QAD,C,14:23,210
31-Mar-26,14:20,MS776,Cairo (CAI),CAI,Egyptair (90 Years Sticker),A20N,SU-GFO,C,14:57,115
31-Mar-26,14:25,EI89,Minneapolis (MSP),MSP,Aer Lingus,A21N,EI-XLW,C,14:48,404
31-Mar-26,14:30,EI168,London (LHR),LHR,Aer Lingus,A20N,EI-NSE,C,14:55,409
31-Mar-26,14:30,FR340,London (LTN),LTN,Ryanair,B738,SP-RKM,C,15:59,205
31-Mar-26,14:30,FR558,Manchester (MAN),MAN,Ryanair,B738,EI-EMH,C,15:28,209
31-Mar-26,14:30,FR9611,Rome (FCO),FCO,Ryanair,B738,SP-RNP,C,14:52,210
31-Mar-26,14:30,,London (LCY),LCY,NetJets,C68A,CS-LUD,C,14:45,R110
31-Mar-26,14:40,EA3286,Bristol (BRS),BRS,Aer Lingus Regional,AT76,EI-GPN,B,14:59,422
31-Mar-26,14:40,FR5151,Glasgow (GLA),GLA,Ryanair,B38M,EI-IHC,C,14:51,202
31-Mar-26,14:45,,Maastricht (MST),MST,NetJets,GLEX,CS-GLK,C,15:01,R110
31-Mar-26,14:50,EI51,Las Vegas (LAS),LAS,Aer Lingus,A332,EI-DUO,E,15:08,410
31-Mar-26,14:50,EI412,Verona (VRN),VRN,Aer Lingus,A320,EI-DVE,C,15:13,404
31-Mar-26,14:50,FR664,Birmingham (BHX),BHX,Ryanair,B38M,9H-VVJ,C,16:08,202
31-Mar-26,14:50,FR7235,Malta (MLA),MLA,Ryanair,B38M,EI-HMZ,C,15:25,208
31-Mar-26,15:00,DL155,Boston (BOS),BOS,Delta Air Lines,B763,N178DZ,D,15:10,403
31-Mar-26,15:00,EI764,Tenerife (TFS),TFS,Aer Lingus (Retro livery),A320,EI-DVM,C,15:23,403
31-Mar-26,15:00,EI782,Gran Canaria (LPA),LPA,Aer Lingus,A320,EI-DVL,C,15:18,406
31-Mar-26,15:00,EI778,Lanzarote (ACE),ACE,Aer Lingus,A20N,EI-NSB,C,15:14,415
31-Mar-26,15:00,FR884,Fuerteventura (FUE),FUE,Ryanair,B38M,EI-HGP,C,15:16,208
31-Mar-26,15:00,,Reykjavik (KEF),KEF,-,H25B,OY-JBJ,C,15:36,R101
31-Mar-26,15:05,FR3100,Amsterdam (AMS),AMS,Ryanair,B38M,EI-HET,C,15:20,201
31-Mar-26,15:10,EA3242,Aberdeen (ABZ),ABZ,Aer Lingus Regional,AT76,EI-GPO,B,15:48,421
31-Mar-26,15:15,BA831,London (LHR),LHR,British Airways,A320,G-EUYC,C,15:56,425
31-Mar-26,15:15,FR831,Venice (VCE),VCE,Ryanair,B738,9H-QEW,C,15:47,206
31-Mar-26,15:20,FR8564,Malaga (AGP),AGP,Ryanair,B738,EI-EVJ,C,16:10,202
31-Mar-26,15:25,FR118,London (LGW),LGW,Ryanair,B38M,9H-VUQ,C,15:51,204
31-Mar-26,15:25,FR442,Liverpool (LPL),LPL,Ryanair,B38M,EI-IHN,C,16:20,205
31-Mar-26,15:25,FR7124,Lanzarote (ACE),ACE,Ryanair,B38M,EI-IFW,C,15:40,202
31-Mar-26,15:35,FR7121,Tenerife (TFS),TFS,Ryanair,B38M,EI-HEN,C,16:45,208
31-Mar-26,15:40,EI87,Cleveland (CLE),CLE,Aer Lingus,A21N,EI-XLU,C,15:58,407
31-Mar-26,15:40,EI798,Izmir (ADB),ADB,Aer Lingus,A320,EI-DEJ,C,16:06,412
31-Mar-26,15:40,EA3930,Newquay (NQY),NQY,Aer Lingus Regional,AT76,EI-HDK,B,15:42,420
31-Mar-26,15:45,BA4467,London (LCY),LCY,British Airways,E190,G-LCAE,C,16:46,423
31-Mar-26,15:45,EI406,Rome (FCO),FCO,Aer Lingus,A320,EI-DER,C,15:54,409
31-Mar-26,15:45,FR204,London (STN),STN,Ryanair,B738,SP-RNS,C,16:36,205
31-Mar-26,15:50,EA3216,Isle of Man (IOM),IOM,Aer Lingus Regional,AT76,EI-HPK,B,16:03,418
31-Mar-26,15:50,EA3326,Manchester (MAN),MAN,Aer Lingus Regional,AT76,EI-HNA,B,16:15,421
31-Mar-26,15:55,EI172,London (LHR),LHR,Aer Lingus,A20N,EI-NSG,C,16:01,415
31-Mar-26,16:05,FR7328,Lisbon (LIS),LIS,Ryanair,B38M,EI-HGW,C,16:28,202
31-Mar-26,16:10,EI586,Malaga (AGP),AGP,Aer Lingus,A320,EI-EDP,C,16:31,416
31-Mar-26,16:15,EI574,Alicante (ALC),ALC,Aer Lingus,A320,EI-DVK,C,16:42,416
31-Mar-26,16:20,AF1817,Paris (CDG),CDG,Air France,BCS3,F-HZUN,C,17:27,114
31-Mar-26,16:20,EI496,Faro (FAO),FAO,Aer Lingus,A320,EI-GAM,C,16:51,416
31-Mar-26,16:25,EI736,Palma de Mallorca (PMI),PMI,Aer Lingus,A320,EI-DEK,C,16:33,413
31-Mar-26,16:25,FR120,London (LGW),LGW,Ryanair,B738,EI-DPP,C,17:22,204
31-Mar-26,16:25,FR808,Edinburgh (EDI),EDI,Ryanair,B38M,EI-IHY,C,16:48,208
31-Mar-26,16:25,FR1452,Brussels (BRU),BRU,Ryanair,B738,EI-DPN,C,16:37,210
31-Mar-26,16:30,FR8912,Zagreb (ZAG),ZAG,Lauda Europe,A320,9H-LAX,C,17:00,206
31-Mar-26,16:35,EI119,Washington (IAD),IAD,Aer Lingus,A21N,EI-LRG,C,16:41,409
31-Mar-26,16:40,FR5306,Kerry (KIR),KIR,Ryanair,B738,SP-RKD,C,16:39,203
31-Mar-26,16:40,FR7326,Prague (PRG),PRG,Ryanair,B738,SP-RSF,C,16:50,209
31-Mar-26,16:45,BA4469,London (LCY),LCY,British Airways,E190,G-LCYS,C,16:57,425
31-Mar-26,16:45,EI107,New York (JFK),JFK,Aer Lingus,A21N,EI-LRE,C,17:11,405
31-Mar-26,16:45,EI125,Chicago (ORD),ORD,Aer Lingus,A333,EI-EIL,E,17:03,412
31-Mar-26,16:45,EI137,Boston (BOS),BOS,Aer Lingus,A333,EI-EIN,E,16:55,416
31-Mar-26,16:45,FR943,Palma de Mallorca (PMI),PMI,Ryanair,B38M,EI-IFS,C,17:14,207
31-Mar-26,16:50,FR562,Manchester (MAN),MAN,Ryanair,B38M,9H-VUW,C,17:05,104
31-Mar-26,16:50,FR4224,Bratislava (BTS),BTS,Ryanair,B738,9H-QCT,C,16:59,210
31-Mar-26,17:00,FR7034,Faro (FAO),FAO,Ryanair,B738,EI-DPL,C,17:12,205
31-Mar-26,17:05,TK1978,Istanbul (IST),IST,Turkish Airlines,B738,TC-JHV,C,17:25,114
31-Mar-26,17:15,FR3977,Barcelona (BCN),BCN,Ryanair,B738,9H-QDI,C,18:29,209
31-Mar-26,17:20,FR3880,Dubrovnik (DBV),DBV,Ryanair,B38M,EI-ILJ,C,17:35,207
31-Mar-26,17:20,FR5203,Sofia (SOF),SOF,Ryanair,B38M,EI-ILC,C,17:51,205
31-Mar-26,17:20,KL1142,Amsterdam (AMS),AMS,KLM,E190,PH-EZL,C,17:45,119
31-Mar-26,17:30,EI176,London (LHR),LHR,Aer Lingus,A20N,EI-NSA,C,17:38,408
31-Mar-26,17:35,LH981,Frankfurt (FRA),FRA,Lufthansa,A321,D-AISH,C,18:17,117
31-Mar-26,17:45,VL2519,Munich (MUC),MUC,Lufthansa City,A20N,D-AIIC,C,18:06,117
31-Mar-26,17:50,EI336,Berlin (BER),BER,Aer Lingus,A320,EI-DVI,C,17:58,407
31-Mar-26,17:50,EA3228,Glasgow (GLA),GLA,Aer Lingus Regional,AT76,EI-GZV,B,17:54,418
31-Mar-26,17:50,EA3308,Southampton (SOU),SOU,Aer Lingus Regional,AT76,EI-HPJ,B,18:00,421
31-Mar-26,17:50,FR5021,Pisa (PSA),PSA,Ryanair,B38M,9H-VVJ,C,19:45,208
31-Mar-26,17:50,FR7134,Palermo (PMO),PMO,Ryanair,B738,SP-RND,C,17:53,209
31-Mar-26,17:55,FR7312,Zadar (ZAD),ZAD,Ryanair,B38M,EI-IHC,C,18:13,209
31-Mar-26,18:00,AY1386,Helsinki (HEL),HEL,Finnair,A319,OH-LVH,C,18:12,408
31-Mar-26,18:00,FR122,London (LGW),LGW,Ryanair,B738,9H-QEK,C,18:32,202
31-Mar-26,18:00,FR3102,Amsterdam (AMS),AMS,Ryanair,B738,SP-RKM,C,19:17,210
31-Mar-26,18:00,,Tirana (TIA),TIA,Ryanair,CL35,M-ASBA,C,18:04,208
31-Mar-26,18:05,FR290,London (STN),STN,Ryanair,B38M,EI-IHN,C,19:12,210
31-Mar-26,18:05,FR8134,Alicante (ALC),ALC,Ryanair,B38M,EI-HMW,C,18:57,209
31-Mar-26,18:10,FR9977,Ibiza (IBZ),IBZ,Ryanair,B738,EI-EBY,C,19:19,201
31-Mar-26,18:20,EI610,Amsterdam (AMS),AMS,Aer Lingus,A320,EI-FNJ,C,18:19,410
31-Mar-26,18:20,FR8107,Reus (REU),REU,Ryanair,B738,EI-GXK,C,18:30,209
31-Mar-26,18:30,EI528,Paris (CDG),CDG,Aer Lingus,A320,EI-DEI,C,18:52,403
31-Mar-26,18:30,EA3258,Edinburgh (EDI),EDI,Aer Lingus Regional,AT76,EI-FAT,B,18:41,422
31-Mar-26,18:30,FR20,Newcastle (NCL),NCL,Ryanair,B738,EI-GJT,C,18:34,202
31-Mar-26,18:35,FR126,London (LGW),LGW,Ryanair,B738,9H-QCA,C,18:50,205
31-Mar-26,18:35,FR7002,Girona (GRO),GRO,Ryanair,B38M,9H-VUZ,C,18:46,211
31-Mar-26,18:35,LX405,Zurich (ZRH),ZRH,airBaltic,BCS3,YL-BTB,C,19:00,118
31-Mar-26,18:35,FX5201,London (STN),STN,FedEx,B763,N107FE,D,18:47,R201
31-Mar-26,18:35,,Zurich (ZRH),ZRH,airBaltic,BCS3,YL-BTB,C,19:00,114
31-Mar-26,18:40,EI486,Lisbon (LIS),LIS,Aer Lingus,A20N,EI-NSD,C,18:44,403
31-Mar-26,18:45,FR4038,Milan (BGY),BGY,Ryanair,B38M,9H-VVR,C,20:04,210
31-Mar-26,18:50,EI276,Birmingham (BHX),BHX,Aer Lingus,A320,EI-GAL,C,18:55,406
31-Mar-26,18:50,EI3408,Donegal (CFN),CFN,Aer Lingus Regional,AT76,EI-HPK,B,19:02,417
31-Mar-26,18:50,TP1325,Lisbon (LIS),LIS,TAP Express,E190,CS-TPO,C,19:46,113
31-Mar-26,18:55,EI564,Barcelona (BCN),BCN,Aer Lingus,A320,EI-EDS,C,19:08,403
31-Mar-26,18:55,FR1860,Paris (BVA),BVA,Ryanair,B738,SP-RKV,C,19:24,112
31-Mar-26,18:55,TK6425,Milan (MXP),MXP,Turkish Airlines,33X,,C,,R204
31-Mar-26,19:00,EI182,London (LHR),LHR,Aer Lingus,A20N,EI-NSE,C,18:58,412
31-Mar-26,19:05,SK2538,Copenhagen (CPH),CPH,SAS,A20N,EI-SIG,C,19:05,117
31-Mar-26,19:10,EI3328,Manchester (MAN),MAN,Aer Lingus Regional,AT76,EI-HNA,B,19:34,421
31-Mar-26,19:10,FR508,Bristol (BRS),BRS,Ryanair,B38M,EI-HGG,C,20:06,211
31-Mar-26,19:15,AF1117,Paris (CDG),CDG,Air France,BCS3,F-HZUA,C,19:32,114
31-Mar-26,19:15,FR3568,Santiago de Compostela (SCQ),SCQ,Ryanair,B738,SP-RNS,C,20:18,207
31-Mar-26,19:15,FR5563,Glasgow (GLA),GLA,Ryanair,B738,SP-RKH,C,19:27,204
31-Mar-26,19:20,BA4473,London (LCY),LCY,British Airways,E190,G-LCAG,C,19:25,423
31-Mar-26,19:20,EI3274,Birmingham (BHX),BHX,Aer Lingus,AT7,,B,19:20,421
31-Mar-26,19:20,FR7072,Porto (OPO),OPO,Ryanair,B738,SP-RKD,C,19:31,201
31-Mar-26,19:20,,Birmingham (BHX),BHX,Aer Lingus Regional,AT76,EI-HDK,B,19:28,418
31-Mar-26,19:25,FR142,London (LGW),LGW,Ryanair,B38M,9H-VUQ,C,19:39,210
31-Mar-26,19:25,FR7799,Milan (MXP),MXP,Ryanair,B38M,EI-IHY,C,20:37,202
31-Mar-26,19:30,BA833,London (LHR),LHR,British Airways,A320,G-EUYA,C,19:41,423
31-Mar-26,19:30,EA3196,Liverpool (LPL),LPL,Aer Lingus Regional,AT76,EI-GPO,B,19:36,418
31-Mar-26,19:35,FR632,Copenhagen (CPH),CPH,Ryanair,B38M,EI-HET,C,19:43,209
31-Mar-26,19:35,FR4501,Cologne (CGN),CGN,Ryanair,B738,9H-QAD,C,19:49,208
31-Mar-26,19:45,EI109,New York (JFK),JFK,Aer Lingus,A21N,EI-LRF,C,20:00,405
31-Mar-26,19:45,FR5418,Berlin (BER),BER,Ryanair,B738,EI-EBV,C,19:55,205
31-Mar-26,19:55,5X207,London (STN),STN,UPS,B763,N327UP,D,19:56,R202
31-Mar-26,20:00,FR211,London (STN),STN,Ryanair,B738,SP-RSQ,C,20:14,109
31-Mar-26,20:10,BA4471,London (LCY),LCY,British Airways,E190,G-LCAE,C,20:28,424
31-Mar-26,20:10,FR666,Birmingham (BHX),BHX,Ryanair,B738,EI-DPP,C,20:46,206
31-Mar-26,20:15,FR1556,Manchester (MAN),MAN,Ryanair,B738,9H-QBZ,C,20:20,208
31-Mar-26,20:25,BA835,London (LHR),LHR,British Airways,A21N,G-NEOV,C,20:33,426
31-Mar-26,20:30,FR448,Liverpool (LPL),LPL,Ryanair,B738,EI-DCL,C,20:30,107
31-Mar-26,20:30,FR812,Edinburgh (EDI),EDI,Ryanair,B38M,EI-IJD,C,21:11,209
31-Mar-26,20:35,FR7132,Faro (FAO),FAO,Ryanair,B738,EI-EVR,C,20:48,206
31-Mar-26,20:45,FR2030,Krakow (KRK),KRK,Ryanair,B38M,SP-RZO,C,20:53,203
31-Mar-26,20:50,,Leipzig (LEJ),LEJ,Titan Airways,A321,9H-ZTB,C,20:59,R105
31-Mar-26,21:05,DN508,Bucharest (OTP),OTP,Dan Air,A320,YR-JUL,C,21:34,R106
31-Mar-26,21:05,,Nottingham (EMA),EMA,DHL,B738,EC-IXE,C,21:17,R204
31-Mar-26,21:19,5X249,Cologne (CGN),CGN,UPS,B763,N391UP,D,21:29,R203
31-Mar-26,21:20,FR556,Manchester (MAN),MAN,Ryanair,B738,EI-DPN,C,21:19,210
31-Mar-26,21:20,FR7787,Marrakesh (RAK),RAK,Ryanair,B738,EI-EKI,C,23:06,206
31-Mar-26,21:30,FR7156,Madrid (MAD),MAD,Ryanair,B738,EI-DWA,C,22:32,204
31-Mar-26,21:35,FR342,London (LTN),LTN,Ryanair,B38M,EI-ILG,C,21:59,205
31-Mar-26,21:35,VY8723,Barcelona (BCN),BCN,Vueling,A320,EC-LOP,C,21:55,110
31-Mar-26,21:40,FR668,Birmingham (BHX),BHX,Ryanair,B738,EI-GJT,C,21:35,109
31-Mar-26,21:45,FR6395,Barcelona (BCN),BCN,Ryanair,B738,9H-QEK,C,22:24,204
31-Mar-26,21:50,FR634,Cardiff (CWL),CWL,Ryanair,B738,SP-RNP,C,22:20,209
31-Mar-26,22:00,EK164,Dubai (DXB),DXB,Emirates,B77W,A6-EPH,C,22:10,415
31-Mar-26,22:00,FR292,London (STN),STN,Ryanair,B738,EI-DLI,C,22:33,103
31-Mar-26,22:00,FR513,Bristol (BRS),BRS,Ryanair,B38M,EI-IKR,C,22:17,202
31-Mar-26,22:00,5O4394,Paris (CDG),CDG,ASL Airlines,B738,F-HIQB,C,22:13,R115
31-Mar-26,22:50,FR457,Leeds (LBA),LBA,Ryanair,B38M,9H-VVL,C,23:04,206
31-Mar-26,23:20,5F5712,Chisinau (RMO),RMO,FlyOne,A321,ER-00003,C,23:52,R111
31-Mar-26,23:30,,Kaunas (KUN),KUN,Ryanair,B38M,EI-HGW,C,00:18,208
01-Apr-26,02:20,LH8321,Frankfurt (FRA),FRA,Lufthansa Cargo,A321,D-AEUA,C,02:28,R201
01-Apr-26,03:50,XM359,Maastricht (MST),MST,Zimex Aviation,AT72,HB-AFJ,B,04:00,R108
01-Apr-26,05:28,5X248,Shannon (SNN),SNN,UPS,B763,N391UP,D,05:54,R201
01-Apr-26,05:35,5O4294,Shannon (SNN),SNN,ASL Airlines,B738,F-HIQB,C,05:37,R115
01-Apr-26,05:35,,Cologne (CGN),CGN,DHL,A306,D-AEAT,C,05:47,R204
01-Apr-26,05:45,FR46,Brussels (CRL),CRL,Ryanair,B738,9H-QAL,C,06:04,201
01-Apr-26,05:45,FR808,Edinburgh (EDI),EDI,Ryanair,B738,9H-QCT,C,06:00,208
01-Apr-26,05:45,FR943,Palma de Mallorca (PMI),PMI,Ryanair,B738,EI-DPN,C,05:52,207
01-Apr-26,05:45,FR1986,Nantes (NTE),NTE,Ryanair,B738,SP-RSQ,C,06:17,210
01-Apr-26,05:45,FR7030,Faro (FAO),FAO,Ryanair,B738,EI-DPP,C,06:02,209
01-Apr-26,05:45,FR7378,Marrakesh (RAK),RAK,Ryanair,B738,SP-RNS,C,05:53,208
01-Apr-26,05:50,FR7358,Bari (BRI),BRI,Ryanair,B38M,EI-IHC,C,06:05,209
01-Apr-26,05:55,AF1017,Paris (CDG),CDG,Air France,BCS3,F-HPNM,C,06:25,114
01-Apr-26,05:55,FR1901,Krakow (KRK),KRK,Ryanair,B38M,EI-IFW,C,06:10,206
01-Apr-26,05:55,FR5555,Tenerife (TFS),TFS,Ryanair,B38M,EI-HEN,C,06:12,207
01-Apr-26,05:55,KL1134,Amsterdam (AMS),AMS,KLM,B738,PH-BGA,C,06:18,118
01-Apr-26,05:55,LH983,Frankfurt (FRA),FRA,Lufthansa,A321,D-AISG,C,06:09,119
01-Apr-26,06:05,EY46,Abu Dhabi (AUH),AUH,Etihad Airways,B789,A6-BNA,E,06:14,416
01-Apr-26,06:15,EI450,Naples (NAP),NAP,Aer Lingus,A320,EI-GAL,C,06:41,406
01-Apr-26,06:15,EI602,Amsterdam (AMS),AMS,Aer Lingus,A320,EI-DEK,C,06:53,412
01-Apr-26,06:15,EI680,Geneva (GVA),GVA,Aer Lingus,A320,EI-DEM,C,06:52,403
01-Apr-26,06:15,EA3400,Donegal (CFN),CFN,Aer Lingus Regional,AT76,EI-GPO,B,06:28,419
01-Apr-26,06:15,FR2412,Memmingen (FMM),FMM,Ryanair,B738,EI-GXK,C,06:23,205
01-Apr-26,06:15,FR4844,Milan (BGY),BGY,Ryanair,B38M,EI-ILJ,C,07:02,210
01-Apr-26,06:15,FR7762,Alicante (ALC),ALC,Ryanair,B38M,EI-IJD,C,06:39,205
01-Apr-26,06:20,EI402,Rome (FCO),FCO,Aer Lingus,A320,EI-EDP,C,07:00,412
01-Apr-26,06:20,EI592,Madrid (MAD),MAD,Aer Lingus,A320,EI-FNJ,C,06:32,411
01-Apr-26,06:20,FR276,Glasgow (GLA),GLA,Ryanair,B738,SP-RND,C,06:46,205
01-Apr-26,06:20,FR3995,Agadir (AGA),AGA,Ryanair,B738,EI-EVJ,C,06:27,209
01-Apr-26,06:20,FR7046,Malaga (AGP),AGP,Ryanair,B38M,EI-ILC,C,06:33,209
01-Apr-26,06:20,FR9582,Iasi (IAS),IAS,Ryanair,B38M,EI-IHM,C,06:36,203
01-Apr-26,06:25,EA3300,Southampton (SOU),SOU,Aer Lingus Regional,AT76,EI-HPK,B,06:57,420
01-Apr-26,06:30,EI152,London (LHR),LHR,Aer Lingus,A20N,EI-NSE,C,06:47,403
01-Apr-26,06:30,EI202,Manchester (MAN),MAN,Aer Lingus,A320,EI-DEJ,C,06:38,416
01-Apr-26,06:30,EI262,Birmingham (BHX),BHX,Aer Lingus,A320,EI-DEI,C,06:50,413
01-Apr-26,06:30,FR30,London (STN),STN,Ryanair,B738,SP-RKM,C,06:56,208
01-Apr-26,06:30,FR552,Manchester (MAN),MAN,Ryanair,B738,SP-RKD,C,06:49,207
01-Apr-26,06:30,FR5125,Hamburg (HAM),HAM,Ryanair,B738,EI-EBL,C,06:55,210
01-Apr-26,06:30,FR5568,Rome (FCO),FCO,Ryanair,B38M,EI-HMZ,C,07:04,206
01-Apr-26,06:40,EI332,Berlin (BER),BER,Aer Lingus,A320,EI-DVG,C,07:10,409
01-Apr-26,06:40,EI562,Barcelona (BCN),BCN,Aer Lingus,A20N,EI-NSD,C,07:07,405
01-Apr-26,06:40,EA3250,Edinburgh (EDI),EDI,Aer Lingus Regional,AT76,EI-FAT,B,07:05,421
01-Apr-26,06:40,FR2703,Seville (SVQ),SVQ,Ryanair,B38M,EI-IFS,C,07:09,210
01-Apr-26,06:45,EI520,Paris (CDG),CDG,Aer Lingus,A21N,EI-LRD,C,07:17,405
01-Apr-26,06:45,FR328,Bucharest (OTP),OTP,Ryanair,B38M,9H-VVJ,C,07:12,204
01-Apr-26,06:50,EI630,Brussels (BRU),BRU,Aer Lingus (Retro livery),A320,EI-DVM,C,07:18,403
01-Apr-26,06:50,EI692,Dusseldorf (DUS),DUS,Aer Lingus,A320,EI-GAM,C,07:28,409
01-Apr-26,06:50,EI3220,Glasgow (GLA),GLA,Aer Lingus Regional,AT76,EI-HNA,B,07:13,417
01-Apr-26,06:50,EI3390,Leeds (LBA),LBA,Aer Lingus Regional,AT76,EI-GZV,B,07:20,419
01-Apr-26,06:50,FR112,London (LGW),LGW,Ryanair,B38M,EI-HET,C,07:22,205
01-Apr-26,06:55,FR22,Paris (BVA),BVA,Ryanair,B38M,EI-IKW,C,07:25,205
01-Apr-26,06:55,FR94,Gran Canaria (LPA),LPA,Ryanair,B38M,9H-VUZ,C,07:23,207
01-Apr-26,07:00,BA4461,London (LCY),LCY,British Airways,E190,G-LCYP,C,07:34,424
01-Apr-26,07:00,EI432,Milan (LIN),LIN,Aer Lingus,A320,EI-DVN,C,07:30,415
01-Apr-26,07:00,EI502,Bordeaux (BOD),BOD,Aer Lingus,A20N,EI-NSB,C,07:26,404
01-Apr-26,07:00,EI650,Frankfurt (FRA),FRA,Aer Lingus,A320,EI-DEL,C,07:31,411
01-Apr-26,07:00,EI776,Lanzarote (ACE),ACE,Aer Lingus,A320,EI-DES,C,07:33,405
01-Apr-26,07:00,FR660,Birmingham (BHX),BHX,Ryanair,B38M,EI-HMW,C,07:16,201
01-Apr-26,07:10,EI342,Zurich (ZRH),ZRH,Aer Lingus,A320,EI-DEP,C,07:41,403
01-Apr-26,07:10,EI660,Vienna (VIE),VIE,Aer Lingus,A320,EI-DVL,C,07:47,404
01-Apr-26,07:10,FR420,Amsterdam (AMS),AMS,Ryanair,B738,SP-RKH,C,07:36,206
01-Apr-26,07:10,FR436,Liverpool (LPL),LPL,Ryanair,B738,EI-GSK,C,07:49,201
01-Apr-26,07:10,FR657,Brussels (BRU),BRU,Ryanair,B738,SP-RKV,C,07:44,202
01-Apr-26,07:10,FR5910,Lanzarote (ACE),ACE,Ryanair,B38M,9H-VUQ,C,07:37,204
01-Apr-26,07:15,EI352,Munich (MUC),MUC,Aer Lingus,A320,EI-DVH,C,07:42,412
01-Apr-26,07:20,EI580,Malaga (AGP),AGP,Aer Lingus,A333,EI-FNG,E,07:38,409
01-Apr-26,07:20,EI762,Tenerife (TFS),TFS,Aer Lingus,A320,EI-DVI,C,07:58,412
01-Apr-26,07:20,FR5021,Pisa (PSA),PSA,Ryanair,B38M,EI-IHY,C,07:45,208
01-Apr-26,07:20,FR7235,Malta (MLA),MLA,Ryanair,B738,EI-EBY,C,07:50,208
01-Apr-26,07:25,EI642,Prague (PRG),PRG,Aer Lingus,A320,EI-EDS,C,07:52,416
01-Apr-26,07:25,FR156,Leeds (LBA),LBA,Ryanair,B738,9H-QFD,C,09:27,210
01-Apr-26,07:30,EI154,London (LHR),LHR,Aer Lingus,A20N,EI-NSG,C,08:28,413
01-Apr-26,07:30,EI492,Faro (FAO),FAO,Aer Lingus,A320,EI-DVE,C,08:03,416
01-Apr-26,07:30,EI3320,Manchester (MAN),MAN,Aer Lingus,AT7,,B,07:30,403
01-Apr-26,07:30,EA3350,Newcastle (NCL),NCL,Aer Lingus Regional,AT76,EI-HDK,B,07:53,417
01-Apr-26,07:30,,Manchester (MAN),MAN,Aer Lingus Regional,AT76,EI-HPJ,B,07:55,418
01-Apr-26,07:35,FR2971,Kaunas (KUN),KUN,Ryanair,B38M,SP-RZL,C,08:00,108
01-Apr-26,07:40,EI672,Budapest (BUD),BUD,Aer Lingus,A320,EI-DVK,C,08:01,408
01-Apr-26,07:50,EA3550,Edinburgh (EDI),EDI,Aer Lingus Regional,AT76,EI-GPN,B,08:10,417
01-Apr-26,07:50,FR114,London (LGW),LGW,Ryanair,B738,SP-RNP,C,08:05,201
01-Apr-26,07:50,FR504,Bristol (BRS),BRS,Ryanair,B738,9H-QCO,C,08:58,202
01-Apr-26,07:50,FR1948,Luxembourg (LUX),LUX,Ryanair,B738,9H-QAD,C,08:07,205
01-Apr-26,07:50,,Edinburgh (EDI),EDI,Aer Lingus Regional,AT76,EI-GPN,B,08:12,418
01-Apr-26,08:00,FR340,London (LTN),LTN,Ryanair,B38M,9H-VUH,C,08:08,205
01-Apr-26,08:00,FR3977,Barcelona (BCN),BCN,Ryanair,B738,EI-EME,C,08:26,209
01-Apr-26,08:00,FR5418,Berlin (BER),BER,Ryanair,B38M,EI-IGK,C,08:14,205
01-Apr-26,08:05,FR10,Madrid (MAD),MAD,Ryanair,B38M,EI-HGY,C,08:47,209
01-Apr-26,08:20,H5334,Milan (LIN),LIN,VistaJet,C56X,D-CXLS,C,08:52,R110
01-Apr-26,08:25,TK6425,Milan (MXP),MXP,Turkish Cargo,A332,TC-JCI,E,08:41,R204
01-Apr-26,08:30,FR272,London (STN),STN,Ryanair,B738,9H-QCA,C,08:45,103
01-Apr-26,08:35,BA825,London (LHR),LHR,British Airways,A320,G-EUUJ,C,09:07,423
01-Apr-26,08:40,EI156,London (LHR),LHR,Aer Lingus,A20N,EI-NSA,C,09:20,415
01-Apr-26,08:45,BA4463,London (LCY),LCY,British Airways,E190,G-LCAG,C,08:55,424
01-Apr-26,08:50,FR7032,Faro (FAO),FAO,Ryanair,B38M,EI-HMW,C,10:28,206
01-Apr-26,08:50,LH977,Frankfurt (FRA),FRA,Lufthansa,A319,D-AIBF,C,09:12,116
01-Apr-26,08:50,UA311,Washington (IAD),IAD,United Airlines,B752,N14106,D,09:14,419
01-Apr-26,08:55,KL1136,Amsterdam (AMS),AMS,KLM,E295,PH-NXI,C,09:10,118
01-Apr-26,08:58,FX5202,Liege (LGG),LGG,FedEx,B763,N107FE,D,09:24,R201
01-Apr-26,09:00,D83607,Copenhagen (CPH),CPH,Norwegian (Gustav Vigeland Livery),B738,SE-RPL,C,09:21,110
01-Apr-26,09:15,AF1617,Paris (CDG),CDG,Air France,BCS3,F-HOZB,C,09:34,115
01-Apr-26,09:17,FX5050,Indianapolis (IND),IND,FedEx,B763,N125FE,D,09:16,R201
01-Apr-26,09:20,FR611,Kerry (KIR),KIR,Ryanair,B738,SP-RKD,C,09:23,206
01-Apr-26,09:25,EA3554,Edinburgh (EDI),EDI,Aer Lingus Regional,AT76,EI-GPO,B,09:31,421
01-Apr-26,09:30,AA133,Dallas (DFW),DFW,American Airlines,B788,N871AY,E,09:39,416
01-Apr-26,09:30,UA22,New York (EWR),EWR,United Airlines,B77W,N2331U,C,09:46,418
01-Apr-26,09:35,FR1111,London (LGW),LGW,Ryanair,B738,9H-QCT,C,09:44,203
01-Apr-26,09:40,AY1382,Helsinki (HEL),HEL,Jettime,B738,OY-JZO,C,10:00,407
01-Apr-26,09:40,EI158,London (LHR),LHR,Aer Lingus,A20N,EI-NSH,C,09:52,410
01-Apr-26,09:40,FR20,Newcastle (NCL),NCL,Ryanair,B38M,EI-HAW,C,10:20,202
01-Apr-26,09:45,EI204,Manchester (MAN),MAN,Aer Lingus,A21N,EI-XLV,C,10:03,408
01-Apr-26,09:45,EI524,Paris (CDG),CDG,Aer Lingus,A21N,EI-LRA,C,10:13,414
01-Apr-26,09:50,AC801,Toronto (YYZ),YYZ,Air Canada,B789,C-FGDZ,E,10:45,413
01-Apr-26,09:50,IB1882,Madrid (MAD),MAD,Iberia Express,A320,EC-LVQ,C,10:05,112
01-Apr-26,09:55,EI532,Toulouse (TLS),TLS,Aer Lingus,A320,EI-DEJ,C,10:15,408
01-Apr-26,09:55,EI604,Amsterdam (AMS),AMS,Aer Lingus,A21N,EI-XLW,C,10:22,406
01-Apr-26,10:00,DL259,Minneapolis (MSP),MSP,Delta Air Lines,A333,N806NW,E,10:10,404
01-Apr-26,10:00,EI392,Hamburg (HAM),HAM,Aer Lingus,A320,EI-DEI,C,10:17,412
01-Apr-26,10:00,VY8721,Barcelona (BCN),BCN,Vueling,A320,EC-MER,C,10:19,110
01-Apr-26,10:05,FR554,Manchester (MAN),MAN,Ryanair,B738,SP-RSQ,C,10:07,205
01-Apr-26,10:15,FR662,Birmingham (BHX),BHX,Ryanair,B738,SP-RKM,C,10:42,210
01-Apr-26,10:15,FR1116,Reus (REU),REU,Ryanair,B738,SP-RND,C,10:23,205
01-Apr-26,10:15,FR1740,Valencia (VLC),VLC,Ryanair,B38M,EI-HET,C,10:57,210
01-Apr-26,10:20,EA3252,Edinburgh (EDI),EDI,Aer Lingus Regional,AT76,EI-FAT,B,10:37,417
01-Apr-26,10:20,EI3322,Manchester (MAN),MAN,Aer Lingus,AT7,,B,10:18,416
01-Apr-26,10:20,,Manchester (MAN),MAN,Aer Lingus Regional,AT76,EI-HNA,B,10:25,418
01-Apr-26,10:30,BA827,London (LHR),LHR,British Airways,A21N,G-NEOU,C,10:48,424
01-Apr-26,10:30,EI404,Rome (FCO),FCO,Aer Lingus,A320,EI-DEH,C,11:21,407
01-Apr-26,10:30,EI3264,Birmingham (BHX),BHX,Aer Lingus,AT7,,B,10:46,416
01-Apr-26,10:30,,Birmingham (BHX),BHX,Aer Lingus Regional,AT76,EI-GZV,B,10:53,418
01-Apr-26,10:40,FR442,Liverpool (LPL),LPL,Ryanair,B738,EI-DWF,C,10:40,205
01-Apr-26,10:40,LH2517,Munich (MUC),MUC,Lufthansa,A21N,D-AIEE,C,11:42,117
01-Apr-26,10:40,TK1976,Istanbul (IST),IST,Turkish Airlines,A21N,TC-LSZ,C,11:00,114
01-Apr-26,10:45,FR3880,Dubrovnik (DBV),DBV,Ryanair,B38M,SP-RZX,C,11:02,207
01-Apr-26,10:45,TP1323,Lisbon (LIS),LIS,TAP Express,E195,CS-TAY,C,11:18,112
01-Apr-26,10:50,FR116,London (LGW),LGW,Ryanair,B738,9H-QAL,C,11:10,209
01-Apr-26,10:50,FR816,Edinburgh (EDI),EDI,Ryanair,B38M,9H-VUI,C,11:16,209
01-Apr-26,10:50,FR6187,Palma de Mallorca (PMI),PMI,Ryanair,B738,9H-QCO,C,11:53,208
01-Apr-26,10:55,A3631,Athens (ATH),ATH,Aegean Airlines,A320,SX-DNB,C,12:00,113
01-Apr-26,11:00,DL177,Atlanta (ATL),ATL,Delta Air Lines,B764,N825MH,D,13:44,403
01-Apr-26,11:00,EI544,Nice (NCE),NCE,Aer Lingus,A320,EI-DER,C,11:29,410
01-Apr-26,11:10,EI105,New York (JFK),JFK,Aer Lingus,A333,EI-DUZ,E,11:25,415
01-Apr-26,11:10,EI162,London (LHR),LHR,Aer Lingus,A20N,EI-NSE,C,11:30,409
01-Apr-26,11:10,KL1138,Amsterdam (AMS),AMS,KLM,B738,PH-BXY,C,11:47,118
01-Apr-26,11:15,BA4465,London (LCY),LCY,British Airways,E190,G-LCYP,C,11:27,424
01-Apr-26,11:20,EI3266,Birmingham (BHX),BHX,Aer Lingus,AT7,,B,11:20,409
01-Apr-26,11:20,,Birmingham (BHX),BHX,Aer Lingus Regional,AT76,EI-HPJ,B,11:32,418
01-Apr-26,11:20,,Berlin (BER),BER,NetJets,C56X,CS-DQA,C,11:45,R110
01-Apr-26,11:25,FR202,London (STN),STN,Ryanair,B738,EI-EBL,C,12:39,201
01-Apr-26,11:30,EI3192,Liverpool (LPL),LPL,Aer Lingus,AT7,,B,11:55,422
01-Apr-26,11:30,EA3226,Glasgow (GLA),GLA,Aer Lingus Regional,AT76,EI-HPK,B,11:39,421
01-Apr-26,11:30,,Liverpool (LPL),LPL,Aer Lingus Regional,AT76,EI-GPN,B,12:09,418
01-Apr-26,11:35,EI123,Chicago (ORD),ORD,Aer Lingus,A333,EI-EDY,E,12:02,411
01-Apr-26,11:35,FR3006,Amsterdam (AMS),AMS,Ryanair,B738,SP-RNP,C,11:51,207
01-Apr-26,11:35,UA981,Chicago (ORD),ORD,United Airlines,B788,N27901,E,12:12,418
01-Apr-26,11:40,EI3254,Edinburgh (EDI),EDI,Aer Lingus Regional,AT76,EI-HDK,B,12:04,422
01-Apr-26,11:40,FR7367,Vienna (VIE),VIE,Ryanair,B738,SP-RKV,C,12:23,207
01-Apr-26,11:40,SK536,Stockholm (ARN),ARN,SAS,A20N,EI-SIW,C,11:49,116
01-Apr-26,11:45,AA725,Charlotte (CLT),CLT,American Airlines,B772,N762AN,E,12:16,417
01-Apr-26,11:45,FR652,Lisbon (LIS),LIS,Ryanair,B738,SP-RKH,C,12:18,201
01-Apr-26,12:00,EI164,London (LHR),LHR,Aer Lingus,A20N,EI-NSB,C,12:21,410
01-Apr-26,12:00,FR534,Nottingham (EMA),EMA,Malta Air,B38M,9H-VUF,C,12:20,201
01-Apr-26,12:00,FR5432,Ibiza (IBZ),IBZ,Ryanair,B738,SP-RKD,C,12:08,207
01-Apr-26,12:00,QS4401,Skopje (SKP),SKP,Smartwings (CSA Livery),BCS3,OK-FYD,C,12:29,114
01-Apr-26,12:00,,Leeds (LBA),LBA,NetJets,C68A,CS-LUD,C,12:14,R110
01-Apr-26,12:00,VJT449,Faro (FAO),FAO,VistaJet,CL35,9H-VCO,C,13:24,R109
01-Apr-26,12:05,LM52,Aberdeen (ABZ),ABZ,Loganair,AT76,G-LMTI,B,13:17,418
01-Apr-26,12:10,FR332,London (LTN),LTN,Ryanair,B38M,EI-ILJ,C,13:34,201
01-Apr-26,12:15,FI417,Reykjavik (KEF),KEF,Icelandair,B38M,TF-ICP,C,13:48,113
01-Apr-26,12:25,FR556,Manchester (MAN),MAN,Ryanair,B738,EI-DPN,C,12:51,210
01-Apr-26,12:25,FR7034,Faro (FAO),FAO,Ryanair,B738,EI-GXK,C,12:27,205
01-Apr-26,12:25,LH979,Frankfurt (FRA),FRA,Lufthansa (Superstar Heritage Livery),A321,D-AISZ,C,13:00,117
01-Apr-26,12:30,EI160,London (LHR),LHR,Aer Lingus,A20N,EI-NSG,C,12:45,407
01-Apr-26,12:30,UA229,Washington (IAD),IAD,United Airlines,B752,N18112,D,12:34,418
01-Apr-26,12:35,EI117,Washington (IAD),IAD,Aer Lingus,A21N,EI-XLR,C,12:37,408
01-Apr-26,12:35,EI117,Washington (IAD),IAD,Aer Lingus,A21N,EI-XLR,C,12:37,408
01-Apr-26,12:40,AA723,Philadelphia (PHL),PHL,American Airlines,B788,N882BL,E,14:23,416
01-Apr-26,12:40,FR96,Prague (PRG),PRG,Ryanair,B38M,EI-IFW,C,13:05,105
01-Apr-26,12:40,SK538,Copenhagen (CPH),CPH,SAS,A20N,EI-SID,C,12:43,117
01-Apr-26,12:45,EI133,Boston (BOS),BOS,Aer Lingus,A21N,EI-LRC,C,13:02,407
01-Apr-26,12:45,EI208,Manchester (MAN),MAN,Aer Lingus,A320,EI-DEK,C,12:53,411
01-Apr-26,12:45,EW9395,Dusseldorf (DUS),DUS,Eurowings,A319,D-AGWG,C,13:26,117
01-Apr-26,12:50,BA829,London (LHR),LHR,British Airways,A320,G-EUYL,C,12:57,423
01-Apr-26,12:50,EI552,Lyon (LYS),LYS,Aer Lingus,A320,EI-DEM,C,13:06,405
01-Apr-26,12:50,EI742,Santiago de Compostela (SCQ),SCQ,Aer Lingus,A320,EI-DEL,C,13:29,405
01-Apr-26,12:50,FR152,Leeds (LBA),LBA,Ryanair,B738,9H-QAD,C,13:19,206
01-Apr-26,13:00,EI61,San Francisco (SFO),SFO,Aer Lingus,A333,EI-EIN,E,13:51,414
01-Apr-26,13:00,EI526,Paris (CDG),CDG,Aer Lingus,A320,EI-FNJ,C,13:22,404
01-Apr-26,13:00,LX401,Zurich (ZRH),ZRH,Swiss,A20N,HB-JDF,C,13:41,118
01-Apr-26,13:10,EI584,Malaga (AGP),AGP,Aer Lingus (Retro livery),A320,EI-DVM,C,13:27,404
01-Apr-26,13:15,DL45,New York (JFK),JFK,Delta Air Lines,B763,N178DZ,D,13:43,404
01-Apr-26,13:15,EI101,New York (EWR),EWR,Aer Lingus,A21N,EI-LRF,C,13:35,411
01-Apr-26,13:20,EI127,Toronto (YYZ),YYZ,Aer Lingus,A333,EI-FNH,E,13:37,406
01-Apr-26,13:20,FR1958,Nice (NCE),NCE,Ryanair,B738,SP-RSQ,C,13:31,203
01-Apr-26,13:25,FR664,Birmingham (BHX),BHX,Ryanair,B38M,EI-ILC,C,14:01,202
01-Apr-26,13:25,FR6875,Barcelona (BCN),BCN,Ryanair,B38M,EI-IJD,C,14:16,207
01-Apr-26,13:25,FR7054,Malaga (AGP),AGP,Ryanair,B738,EI-DPP,C,13:32,203
01-Apr-26,13:25,KL1140,Amsterdam (AMS),AMS,KLM,E295,PH-NXF,C,13:59,118
01-Apr-26,13:30,EI166,London (LHR),LHR,Aer Lingus,A20N,EI-NSD,C,13:49,410
01-Apr-26,13:30,,Shannon (SNN),SNN,Aer Lingus,A320,EI-GAM,C,14:05,415
01-Apr-26,13:35,EI608,Amsterdam (AMS),AMS,Aer Lingus,A320,EI-DEP,C,14:03,413
01-Apr-26,13:35,UA316,New York (EWR),EWR,United Airlines,B752,N17126,D,13:53,419
01-Apr-26,13:40,FR118,London (LGW),LGW,Ryanair,B38M,EI-IHC,C,14:27,204
01-Apr-26,13:40,FR444,Liverpool (LPL),LPL,Ryanair,B738,EI-DLD,C,14:07,204
01-Apr-26,13:45,EA3256,Edinburgh (EDI),EDI,Aer Lingus Regional,AT76,EI-GPO,B,13:55,420
01-Apr-26,13:50,EI121,Orlando (MCO),MCO,Aer Lingus,A333,EI-EIL,E,14:09,410
01-Apr-26,14:00,FR9473,Nantes (NTE),NTE,Ryanair,B38M,EI-IHY,C,14:18,209
01-Apr-26,14:05,EA3224,Glasgow (GLA),GLA,Aer Lingus Regional,AT76,EI-HNA,B,14:12,421
01-Apr-26,14:05,FR5324,Kosice (KSC),KSC,Ryanair,B38M,EI-IHM,C,15:19,209
01-Apr-26,14:05,PC1158,Istanbul (SAW),SAW,Pegasus,A21N,TC-RFS,C,14:25,113
01-Apr-26,14:05,EI3330,Exeter (EXT),EXT,Aer Lingus Regional,AT76,EI-FAT,B,,410
01-Apr-26,14:10,EI131,Windsor Locks (BDL),BDL,Aer Lingus,A21N,EI-LRD,C,14:20,403
01-Apr-26,14:15,EI143,Cancun (CUN),CUN,Aer Lingus,A333,EI-GAJ,E,14:33,407
01-Apr-26,14:15,FR337,London (LTN),LTN,Ryanair,B38M,EI-IFS,C,14:29,206
01-Apr-26,14:15,FR5151,Glasgow (GLA),GLA,Ryanair,B738,9H-QCT,C,14:15,202
01-Apr-26,14:15,LG4884,Luxembourg (LUX),LUX,Luxair,DH8D,LX-LQB,B,14:41,114
01-Apr-26,14:20,EI748,Bilbao (BIO),BIO,Aer Lingus,A320,EI-EDS,C,14:38,415
01-Apr-26,14:20,EK162,Dubai (DXB),DXB,Emirates,B77W,A6-EQA,C,14:31,415
01-Apr-26,14:20,FR4784,Newquay (NQY),NQY,Ryanair,B738,SP-RNS,C,14:36,204
01-Apr-26,14:25,EI89,Minneapolis (MSP),MSP,Aer Lingus,A21N,EI-XLV,C,14:39,404
01-Apr-26,14:30,EI168,London (LHR),LHR,Aer Lingus,A20N,EI-NSH,C,14:44,409
01-Apr-26,14:30,FR812,Edinburgh (EDI),EDI,Ryanair,B38M,EI-HMZ,C,15:12,209
01-Apr-26,14:40,EA3286,Bristol (BRS),BRS,Aer Lingus Regional,AT76,EI-GZV,B,14:46,422
01-Apr-26,14:40,FR1452,Brussels (BRU),BRU,Ryanair,B738,SP-RKM,C,14:53,210
01-Apr-26,14:45,EI3272,Birmingham (BHX),BHX,Aer Lingus,AT7,,B,,410
01-Apr-26,14:45,,Birmingham (BHX),BHX,Aer Lingus Regional,AT76,EI-HPJ,B,,418
01-Apr-26,14:50,EI83,Indianapolis (IND),IND,Aer Lingus,A21N,EI-XLU,C,15:07,408
01-Apr-26,15:00,DL155,Boston (BOS),BOS,Delta Air Lines,B763,N177DZ,D,15:10,403
01-Apr-26,15:00,EI764,Tenerife (TFS),TFS,Aer Lingus,A320,EI-GAL,C,15:30,403
01-Apr-26,15:00,EI778,Lanzarote (ACE),ACE,Aer Lingus,A320,EI-EDP,C,15:15,415
01-Apr-26,15:00,FR5242,Bodrum (BJV),BJV,Ryanair,B738,EI-EVJ,C,15:43,203
01-Apr-26,15:05,,Exeter (EXT),EXT,Aer Lingus Regional,AT76,EI-HPK,B,15:26,418
01-Apr-26,15:10,EA3242,Aberdeen (ABZ),ABZ,Aer Lingus Regional,AT76,EI-GPN,B,15:21,421
01-Apr-26,15:15,FR9611,Rome (FCO),FCO,Ryanair,B738,EI-DPN,C,15:49,210
01-Apr-26,15:20,FR495,Madrid (MAD),MAD,Ryanair,B38M,EI-HGY,C,16:04,206
01-Apr-26,15:25,BA831,London (LHR),LHR,British Airways,A21N,G-NEOV,C,15:33,425
01-Apr-26,15:25,EI53,Seattle (SEA),SEA,Aer Lingus,A332,EI-DUO,E,15:41,411
01-Apr-26,15:25,EI69,Los Angeles (LAX),LAX,Aer Lingus,A333,EI-EIM,E,15:58,405
01-Apr-26,15:25,EI756,Seville (SVQ),SVQ,Aer Lingus,A320,EI-DVH,C,15:45,413
01-Apr-26,15:25,FR3100,Amsterdam (AMS),AMS,Ryanair,B738,9H-QAL,C,15:24,201
01-Apr-26,15:30,FR506,Bristol (BRS),BRS,Ryanair,B38M,EI-IJA,C,15:37,207
01-Apr-26,15:40,EI87,Cleveland (CLE),CLE,Aer Lingus,A21N,EI-XLW,C,15:48,407
01-Apr-26,15:40,EA3930,Newquay (NQY),NQY,Aer Lingus Regional,AT76,EI-HDK,B,16:14,420
01-Apr-26,15:40,FR120,London (LGW),LGW,Ryanair,B738,9H-QCF,C,16:59,204
01-Apr-26,15:45,BA4467,London (LCY),LCY,British Airways,E190,G-LCYP,C,15:57,423
01-Apr-26,15:45,EI406,Rome (FCO),FCO,Aer Lingus,A320,EI-DVG,C,15:52,409
01-Apr-26,15:50,EI3216,Isle of Man (IOM),IOM,Aer Lingus,AT7,,B,,414
01-Apr-26,15:50,H4244,Iasi (IAS),IAS,HiSky,A320,YR-SKY,C,15:51,R113
01-Apr-26,15:50,,Isle of Man (IOM),IOM,Aer Lingus Regional,AT76,EI-FAT,B,16:10,418
01-Apr-26,15:55,EI172,London (LHR),LHR,Aer Lingus,A20N,EI-NSE,C,16:05,415
01-Apr-26,15:55,FR884,Fuerteventura (FUE),FUE,Ryanair,B738,9H-QAD,C,16:29,208
01-Apr-26,16:00,FR7121,Tenerife (TFS),TFS,Ryanair,B38M,9H-VVJ,C,16:11,208
01-Apr-26,16:00,,Cork (ORK),ORK,Aer Lingus,A320,EI-DVL,C,16:07,415
01-Apr-26,16:00,,Birmingham (BHX),BHX,Aer Lingus Regional,AT76,EI-FAT,B,16:41,418
01-Apr-26,16:05,FR7124,Lanzarote (ACE),ACE,Ryanair,B38M,EI-HEN,C,16:27,202
01-Apr-26,16:10,EI586,Malaga (AGP),AGP,Aer Lingus,A320,EI-DVK,C,16:26,416
01-Apr-26,16:10,FR666,Birmingham (BHX),BHX,Ryanair,B38M,EI-ILJ,C,17:47,206
01-Apr-26,16:10,FR8130,Malaga (AGP),AGP,Ryanair,B38M,EI-ILC,C,17:31,210
01-Apr-26,16:10,OU3501,Mostar (OMO),OMO,Croatia Airlines,BCS3,9A-CAM,C,17:06,115
01-Apr-26,16:15,FR204,London (STN),STN,Ryanair,B738,EI-EBY,C,16:53,205
01-Apr-26,16:20,AF1817,Paris (CDG),CDG,Air France,BCS3,F-HZUJ,C,17:09,114
01-Apr-26,16:20,EI496,Faro (FAO),FAO,Aer Lingus,A320,EI-DVN,C,16:33,416
01-Apr-26,16:25,EI119,Washington (IAD),IAD,Aer Lingus,A21N,EI-LRE,C,16:24,409
01-Apr-26,16:25,EI356,Munich (MUC),MUC,Aer Lingus,A20N,EI-NSB,C,17:00,415
01-Apr-26,16:25,FR1556,Manchester (MAN),MAN,Ryanair,B738,9H-QBZ,C,17:15,208
01-Apr-26,16:25,FR5306,Kerry (KIR),KIR,Ryanair,B738,SP-RNP,C,16:30,203
01-Apr-26,16:35,FR1390,Thessaloniki (SKG),SKG,Ryanair,B38M,EI-HMW,C,17:30,202
01-Apr-26,16:45,BA4469,London (LCY),LCY,British Airways,E190,G-LCYN,C,16:57,425
01-Apr-26,16:45,EI107,New York (JFK),JFK,Aer Lingus,A21N,EI-LRA,C,16:43,405
01-Apr-26,16:45,EI125,Chicago (ORD),ORD,Aer Lingus,A333,EI-GCF,E,17:02,412
01-Apr-26,16:45,EI137,Boston (BOS),BOS,Aer Lingus,A333,EI-FNG,E,17:12,416
01-Apr-26,16:50,EI656,Frankfurt (FRA),FRA,Aer Lingus,A320,EI-DEK,C,17:08,413
01-Apr-26,16:55,FR6130,Naples (NAP),NAP,Ryanair,B38M,9H-VUQ,C,17:04,207
01-Apr-26,16:55,FR6899,Palermo (PMO),PMO,Ryanair,B38M,EI-HET,C,18:37,208
01-Apr-26,17:00,EI348,Zurich (ZRH),ZRH,Aer Lingus,A320,EI-DVE,C,17:21,414
01-Apr-26,17:00,FR3669,Berlin (BER),BER,Ryanair,B38M,9H-VUZ,C,17:33,208
01-Apr-26,17:05,FR2023,Krakow (KRK),KRK,Ryanair,B38M,EI-IHC,C,18:26,204
01-Apr-26,17:05,TK1978,Istanbul (IST),IST,Turkish Airlines,B39M,TC-LYA,C,17:23,114
01-Apr-26,17:15,EA3342,Jersey (JER),JER,Aer Lingus Regional,AT76,EI-GPO,B,17:24,417
01-Apr-26,17:20,KL1142,Amsterdam (AMS),AMS,KLM,E190,PH-EZN,C,17:45,119
01-Apr-26,17:25,,Isle of Man (IOM),IOM,Aer Lingus Regional,AT76,EI-HPJ,B,19:05,418
01-Apr-26,17:30,EI176,London (LHR),LHR,Aer Lingus,A20N,EI-NSA,C,17:39,408
01-Apr-26,17:30,FR3381,Manchester (MAN),MAN,Ryanair,B738,SP-RND,C,17:35,206
01-Apr-26,17:30,FR5070,Copenhagen (CPH),CPH,Ryanair,B38M,EI-IJN,C,17:44,201
01-Apr-26,17:30,UNI135,Kassel (KSF),KSF,Unicair,LJ45,D-CHLP,C,18:05,R110
01-Apr-26,17:35,EI698,Dusseldorf (DUS),DUS,Aer Lingus,A320,EI-DEJ,C,17:48,412
01-Apr-26,17:35,FR1025,Budapest (BUD),BUD,Ryanair,B38M,EI-HMZ,C,18:34,206
01-Apr-26,17:35,LH981,Frankfurt (FRA),FRA,Lufthansa,A321,D-AIRX,C,17:50,117
01-Apr-26,17:35,T2345,Vagar (FAE),FAE,West Air Sweden,75C,,C,,R107
01-Apr-26,17:45,FR261,Alicante (ALC),ALC,Ryanair,B38M,9H-VUL,C,18:14,208
01-Apr-26,17:45,FR831,Venice (VCE),VCE,Ryanair,B38M,EI-IFS,C,18:00,206
01-Apr-26,17:45,VL2519,Munich (MUC),MUC,Lufthansa City,A20N,D-AIJH,C,17:59,117
01-Apr-26,17:50,BA833,London (LHR),LHR,British Airways,A21N,G-TNEJ,C,18:16,423
01-Apr-26,17:50,EI336,Berlin (BER),BER,Aer Lingus,A320,EI-DER,C,18:08,407
01-Apr-26,17:50,EI3228,Glasgow (GLA),GLA,Aer Lingus,AT7,,B,,406
01-Apr-26,17:50,EA3308,Southampton (SOU),SOU,Aer Lingus Regional,AT76,EI-HNA,B,17:53,421
01-Apr-26,17:50,,Glasgow (GLA),GLA,Aer Lingus Regional,AT76,EI-HPK,B,19:11,418
01-Apr-26,17:55,FR1442,Liverpool (LPL),LPL,Ryanair,B738,9H-QCT,C,19:22,206
01-Apr-26,17:55,FR7138,Lisbon (LIS),LIS,Ryanair,B738,SP-RNS,C,17:57,210
01-Apr-26,17:55,FR8107,Reus (REU),REU,Ryanair,B738,9H-QCO,C,18:29,209
01-Apr-26,18:00,AY1386,Helsinki (HEL),HEL,Jettime,B738,OY-JZT,C,18:22,408
01-Apr-26,18:00,EI436,Milan (MXP),MXP,Aer Lingus,A320,EI-DES,C,18:39,416
01-Apr-26,18:00,EI638,Brussels (BRU),BRU,Aer Lingus,A320,EI-FNJ,C,18:04,403
01-Apr-26,18:00,FR7044,Malaga (AGP),AGP,Ryanair,B738,EI-GXG,C,18:20,208
01-Apr-26,18:05,FR1380,Split (SPU),SPU,Ryanair,B38M,EI-IFW,C,19:38,203
01-Apr-26,18:10,FR6907,Bydgoszcz (BZG),BZG,Ryanair,B38M,EI-IHY,C,18:33,207
01-Apr-26,18:15,FR290,London (STN),STN,Ryanair,B738,EI-EVT,C,18:43,210
01-Apr-26,18:15,FR3102,Amsterdam (AMS),AMS,Ryanair,B738,SP-RKH,C,19:04,210
01-Apr-26,18:15,FR4038,Milan (BGY),BGY,Ryanair,B38M,EI-ILO,C,19:30,210
01-Apr-26,18:20,EI610,Amsterdam (AMS),AMS,Aer Lingus,A20N,EI-NSD,C,18:30,410
01-Apr-26,18:20,FR313,Stockholm (ARN),ARN,Ryanair,B38M,EI-IKC,C,18:25,210
01-Apr-26,18:20,FR2192,Zagreb (ZAG),ZAG,Lauda Europe,A320,9H-LOI,C,18:46,201
01-Apr-26,18:25,FR3780,Mahon (MAH),MAH,Ryanair,B738,9H-QBD,C,19:17,208
01-Apr-26,18:30,EI528,Paris (CDG),CDG,Aer Lingus,A320,EI-DEP,C,18:36,403
01-Apr-26,18:30,EI3258,Edinburgh (EDI),EDI,Aer Lingus,AT7,,B,20:00,410
01-Apr-26,18:30,FR814,Edinburgh (EDI),EDI,Ryanair,B738,SP-RKV,C,18:59,205
01-Apr-26,18:30,,Edinburgh (EDI),EDI,Aer Lingus Regional,AT76,EI-FAT,B,20:20,418
01-Apr-26,18:35,LX405,Zurich (ZRH),ZRH,Swiss,BCS1,HB-JBI,C,18:50,118
01-Apr-26,18:35,FX5201,London (STN),STN,FedEx,B763,N107FE,D,18:40,R201
01-Apr-26,18:40,EI486,Lisbon (LIS),LIS,Aer Lingus,A320,EI-DVI,C,18:52,403
01-Apr-26,18:45,FR122,London (LGW),LGW,Ryanair,B738,SP-RKD,C,18:55,202
01-Apr-26,18:50,EI276,Birmingham (BHX),BHX,Aer Lingus,A320,EI-DEL,C,19:02,406
01-Apr-26,18:50,EI3408,Donegal (CFN),CFN,Aer Lingus,AT7,,B,18:55,417
01-Apr-26,18:50,,Donegal (CFN),CFN,Aer Lingus Regional,AT76,EI-HPJ,B,18:54,418
01-Apr-26,18:55,EI564,Barcelona (BCN),BCN,Aer Lingus,A320,EI-DEH,C,19:31,403
01-Apr-26,18:55,EY48,Abu Dhabi (AUH),AUH,Etihad Airways,B789,A6-BLZ,E,19:19,415
01-Apr-26,18:55,FR4224,Bratislava (BTS),BTS,Ryanair,B38M,EI-IJD,C,19:03,210
01-Apr-26,19:00,EI182,London (LHR),LHR,Aer Lingus,A20N,EI-NSH,C,19:10,412
01-Apr-26,19:05,FR558,Manchester (MAN),MAN,Ryanair,B738,EI-GXK,C,19:33,209
01-Apr-26,19:05,FR6921,Barcelona (BCN),BCN,Ryanair,B738,SP-RNP,C,19:23,205
01-Apr-26,19:05,SK2538,Copenhagen (CPH),CPH,SAS,A20N,EI-SIB,C,19:15,117
01-Apr-26,19:10,EA3328,Manchester (MAN),MAN,Aer Lingus Regional,AT76,EI-HDK,B,19:39,418
01-Apr-26,19:10,FR16,Newcastle (NCL),NCL,Ryanair,B738,SP-RKM,C,19:28,206
01-Apr-26,19:15,AF1117,Paris (CDG),CDG,Air France,BCS3,F-HZUU,C,19:42,114
01-Apr-26,19:20,BA4473,London (LCY),LCY,British Airways,E190,G-LCYS,C,19:26,423
01-Apr-26,19:20,EI3274,Birmingham (BHX),BHX,Aer Lingus,AT7,,B,19:25,421
01-Apr-26,19:20,,Birmingham (BHX),BHX,Aer Lingus Regional,AT76,EI-GPN,B,19:35,418
01-Apr-26,19:25,FR9428,Milan (BGY),BGY,Ryanair,B738,9H-QCF,C,19:33,208
01-Apr-26,19:30,FR7002,Girona (GRO),GRO,Ryanair,B38M,EI-ILJ,C,19:38,211
01-Apr-26,19:30,FR7408,Palma de Mallorca (PMI),PMI,Lauda Europe,A320,9H-LMB,C,19:36,212
01-Apr-26,19:35,FR3095,Szczecin (SZZ),SZZ,Ryanair,B738,9H-QAL,C,19:43,204
01-Apr-26,19:40,FR668,Birmingham (BHX),BHX,Ryanair,B738,EI-DPP,C,19:48,109
01-Apr-26,19:45,BA811,London (LHR),LHR,British Airways,A320,G-EUUJ,C,19:51,425
01-Apr-26,19:45,EI109,New York (JFK),JFK,Aer Lingus,A21N,EI-LRG,C,19:50,405
01-Apr-26,19:45,FR126,London (LGW),LGW,Ryanair,B738,SP-RSQ,C,19:53,205
01-Apr-26,19:45,FR1925,Warsaw (WMI),WMI,Ryanair,B738,SP-RSG,C,19:53,210
01-Apr-26,19:50,SK2566,Stockholm (ARN),ARN,SAS,A20N,EI-SIU,C,19:56,116
01-Apr-26,19:55,5X207,London (STN),STN,UPS,B763,N346UP,D,19:58,R202
01-Apr-26,20:00,FR211,London (STN),STN,Ryanair,B738,EI-DLV,C,20:08,109
01-Apr-26,20:00,FR1860,Paris (BVA),BVA,Ryanair,B38M,EI-IJZ,C,20:08,112
01-Apr-26,20:00,FR4285,Marseille (MRS),MRS,Ryanair,B738,EI-DCJ,C,20:08,208
01-Apr-26,20:10,BA4471,London (LCY),LCY,British Airways,E190,G-LCYP,C,20:16,424
01-Apr-26,20:30,BA835,London (LHR),LHR,British Airways,A20N,G-TTSA,C,20:36,426
01-Apr-26,20:35,FR8111,Faro (FAO),FAO,Ryanair,B738,9H-QBP,C,20:43,203
01-Apr-26,20:45,FR5346,Katowice (KTW),KTW,Ryanair,B738,SP-RNG,C,20:53,214
01-Apr-26,20:45,FR7078,Porto (OPO),OPO,Ryanair,B38M,EI-IFZ,C,20:53,204
01-Apr-26,20:50,,Leipzig (LEJ),LEJ,Titan Airways,A321,9H-ZTB,C,20:55,R105
01-Apr-26,20:55,FR342,London (LTN),LTN,Ryanair,B738,9H-QFE,C,21:03,205
01-Apr-26,20:55,FR7062,Alicante (ALC),ALC,Ryanair,B38M,EI-IHA,C,21:03,213
01-Apr-26,21:00,FR255,London (STN),STN,Ryanair,B38M,EI-IHM,C,21:08,114
01-Apr-26,21:00,FR457,Leeds (LBA),LBA,Ryanair,B38M,9H-VVL,C,21:08,206
01-Apr-26,21:00,FR562,Manchester (MAN),MAN,Ryanair,B38M,EI-HGP,C,21:08,104
01-Apr-26,21:05,DN408,Bacau (BCM),BCM,Dan Air,A320,YR-JUL,C,21:10,R105
01-Apr-26,21:05,FR1974,Poznan (POZ),POZ,Ryanair,B738,SP-RSU,C,21:13,207
01-Apr-26,21:05,,Nottingham (EMA),EMA,DHL,B738,EC-HLN,C,21:08,R204
01-Apr-26,21:10,FR5563,Glasgow (GLA),GLA,Ryanair,B738,SP-RND,C,21:18,204
01-Apr-26,21:19,5X249,Cologne (CGN),CGN,UPS,B763,N391UP,D,21:22,R203
01-Apr-26,21:35,VY8723,Barcelona (BCN),BCN,Vueling,A20N,EC-NIY,C,21:41,110
01-Apr-26,21:50,FR448,Liverpool (LPL),LPL,Ryanair,B38M,EI-IFT,C,21:58,107
01-Apr-26,21:50,FR508,Bristol (BRS),BRS,Ryanair,B38M,EI-IKR,C,21:58,211
01-Apr-26,22:00,FR292,London (STN),STN,Ryanair,B738,EI-EVT,C,22:08,103
01-Apr-26,22:00,5O4394,Paris (CDG),CDG,ASL Airlines,B738,F-HIQB,C,22:05,R115
01-Apr-26,22:05,FR634,Cardiff (CWL),CWL,Ryanair,B38M,EI-HGY,C,22:13,209
01-Apr-26,23:50,FR8115,Nottingham (EMA),EMA,Ryanair,B738,EI-DPN,C,23:58,112
01-Apr-26,23:55,H4474,Chisinau (RMO),RMO,HiSky,A320,YR-SKY,C,00:00,R117
02-Apr-26,00:00,,Nottingham (EMA),EMA,RVL Aviation,BE20,G-REXA,C,00:03,R110
02-Apr-26,02:20,LH8321,Frankfurt (FRA),FRA,Lufthansa Cargo,A321,D-AEUA,C,02:24,R201
02-Apr-26,02:30,OJ301,Karlsruhe / Baden-Baden (FKB),FKB,NyxAir,AT75,ES-NTC,B,02:41,R110
02-Apr-26,03:50,XM359,Maastricht (MST),MST,Zimex Aviation,AT72,HB-AFJ,B,04:00,R108
02-Apr-26,05:28,5X248,Shannon (SNN),SNN,UPS,B763,N364UP,D,05:28,R201
02-Apr-26,05:30,TP1327,Lisbon (LIS),LIS,TAP Express,E195,CS-TAX,C,05:45,113
02-Apr-26,05:35,,Copenhagen (CPH),CPH,DHL,A306,D-AEAL,C,05:38,R204
02-Apr-26,05:35,5O4294,Shannon (SNN),SNN,ASL Airlines,B738,F-HIQB,C,05:51,R115
02-Apr-26,05:45,FR1982,Biarritz (BIQ),BIQ,Ryanair,B38M,EI-IHY,C,05:47,208
02-Apr-26,05:45,FR1984,Carcassonne (CCF),CCF,Ryanair,B38M,EI-HGP,C,06:02,206
02-Apr-26,05:45,FR4518,Athens (ATH),ATH,Ryanair,B738,9H-QAD,C,06:04,205
02-Apr-26,05:45,FR7128,Fuerteventura (FUE),FUE,Ryanair,B38M,EI-ILJ,C,05:53,209
02-Apr-26,05:45,FR9456,Bologna (BLQ),BLQ,Ryanair,B38M,EI-HMW,C,05:55,208
02-Apr-26,05:45,TK1174,Istanbul (IST),IST,Turkish Airlines,B39M,TC-LYC,C,06:13,113
02-Apr-26,05:50,FR7762,Alicante (ALC),ALC,Ryanair,B38M,EI-HMZ,C,06:00,205
02-Apr-26,05:55,AF1017,Paris (CDG),CDG,Air France,BCS3,F-HZUK,C,07:15,114
02-Apr-26,05:55,EI440,Athens (ATH),ATH,Aer Lingus,A320,EI-DVN,C,06:11,413
02-Apr-26,05:55,FR436,Liverpool (LPL),LPL,Ryanair,B738,EI-EVJ,C,06:06,201
02-Apr-26,05:55,FR943,Palma de Mallorca (PMI),PMI,Ryanair,B38M,EI-HET,C,06:10,207
02-Apr-26,05:55,KL1134,Amsterdam (AMS),AMS,KLM,B738,PH-BXA,C,06:19,118
02-Apr-26,06:00,LH983,Frankfurt (FRA),FRA,Lufthansa,A321,D-AIRL,C,06:16,119
02-Apr-26,06:10,FR652,Lisbon (LIS),LIS,Ryanair,B738,EI-EBK,C,06:36,201
02-Apr-26,06:10,FR808,Edinburgh (EDI),EDI,Ryanair,B738,SP-RKV,C,06:14,208
02-Apr-26,06:15,EI450,Naples (NAP),NAP,Aer Lingus,A320,EI-GAM,C,06:33,406
02-Apr-26,06:15,EI602,Amsterdam (AMS),AMS,Aer Lingus,A320,EI-EDS,C,06:57,412
02-Apr-26,06:15,EI680,Geneva (GVA),GVA,Aer Lingus,A20N,EI-NSA,C,06:29,403
02-Apr-26,06:15,EA3400,Donegal (CFN),CFN,Aer Lingus Regional,AT76,EI-GPO,B,06:27,419
02-Apr-26,06:15,FR5125,Hamburg (HAM),HAM,Ryanair,B738,9H-QDR,C,07:01,210
02-Apr-26,06:20,EI402,Rome (FCO),FCO,Aer Lingus,A320,EI-DEH,C,06:39,412
02-Apr-26,06:20,EI592,Madrid (MAD),MAD,Aer Lingus (Retro livery),A320,EI-DVM,C,06:41,411
02-Apr-26,06:20,FR6875,Barcelona (BCN),BCN,Ryanair,B738,9H-QAR,C,06:48,207
02-Apr-26,06:25,FR94,Gran Canaria (LPA),LPA,Ryanair,B38M,EI-ILC,C,06:51,207
02-Apr-26,06:25,FR112,London (LGW),LGW,Ryanair,B738,SP-RKH,C,06:34,205
02-Apr-26,06:25,FR3995,Agadir (AGA),AGA,Ryanair,B738,SP-RNS,C,08:12,209
02-Apr-26,06:25,FR7030,Faro (FAO),FAO,Ryanair,B38M,EI-HEN,C,06:46,209
02-Apr-26,06:30,EI152,London (LHR),LHR,Aer Lingus,A20N,EI-NSB,C,06:49,403
02-Apr-26,06:30,EI202,Manchester (MAN),MAN,Aer Lingus,A320,EI-DEP,C,06:55,416
02-Apr-26,06:30,EI262,Birmingham (BHX),BHX,Aer Lingus,A320,EI-DEL,C,06:58,413
02-Apr-26,06:30,FR30,London (STN),STN,Ryanair,B38M,EI-IFW,C,06:45,208
02-Apr-26,06:30,FR1986,Nantes (NTE),NTE,Ryanair,B738,9H-QCF,C,06:54,210
02-Apr-26,06:30,FR5568,Rome (FCO),FCO,Ryanair,B738,9H-QAL,C,07:05,206
02-Apr-26,06:40,EI332,Berlin (BER),BER,Aer Lingus,A320,EI-DEJ,C,07:06,409
02-Apr-26,06:40,EI562,Barcelona (BCN),BCN,Aer Lingus,A20N,EI-NSH,C,07:10,405
02-Apr-26,06:40,EA3250,Edinburgh (EDI),EDI,Aer Lingus Regional,AT76,EI-HPK,B,07:02,421
02-Apr-26,06:40,FR5217,Lublin (LUZ),LUZ,Ryanair,B38M,9H-VUQ,C,07:12,205
02-Apr-26,06:40,FR7046,Malaga (AGP),AGP,Ryanair,B738,SP-RND,C,06:52,209
02-Apr-26,06:45,EI520,Paris (CDG),CDG,Aer Lingus,A21N,EI-XLR,C,07:13,405
02-Apr-26,06:50,EI630,Brussels (BRU),BRU,Aer Lingus,A320,EI-FNJ,C,07:18,403
02-Apr-26,06:50,EI692,Dusseldorf (DUS),DUS,Aer Lingus,A320,EI-DES,C,07:19,409
02-Apr-26,06:50,EA3220,Glasgow (GLA),GLA,Aer Lingus Regional,AT76,EI-GZV,B,07:08,420
02-Apr-26,06:50,FR657,Brussels (BRU),BRU,Ryanair,B738,SP-RSQ,C,07:32,202
02-Apr-26,06:50,FR660,Birmingham (BHX),BHX,Ryanair,B38M,EI-IHM,C,07:21,201
02-Apr-26,06:50,FR1925,Warsaw (WMI),WMI,Ryanair,B738,SP-RNP,C,07:23,210
02-Apr-26,06:55,FR5060,Cagliari (CAG),CAG,Ryanair,B38M,9H-VVJ,C,07:17,201
02-Apr-26,07:00,BA4461,London (LCY),LCY,British Airways,E190,G-LCAH,C,07:36,424
02-Apr-26,07:00,EI432,Milan (LIN),LIN,Aer Lingus,A320,EI-DEK,C,07:28,415
02-Apr-26,07:00,EI650,Frankfurt (FRA),FRA,Aer Lingus,A320,EI-DEI,C,07:24,411
02-Apr-26,07:00,EI3300,Southampton (SOU),SOU,Aer Lingus,AT7,,B,,408
02-Apr-26,07:00,EI3350,Newcastle (NCL),NCL,Aer Lingus Regional,AT76,EI-HPJ,B,07:26,421
02-Apr-26,07:05,FR420,Amsterdam (AMS),AMS,Ryanair,B738,EI-DPP,C,07:40,206
02-Apr-26,07:10,EI342,Zurich (ZRH),ZRH,Aer Lingus,A320,EI-DVE,C,07:38,403
02-Apr-26,07:10,EA3390,Leeds (LBA),LBA,Aer Lingus Regional,AT76,EI-FAT,B,07:29,417
02-Apr-26,07:15,EI352,Munich (MUC),MUC,Aer Lingus,A21N,EI-LRF,C,07:39,412
02-Apr-26,07:20,EI580,Malaga (AGP),AGP,Aer Lingus,A21N,EI-LRD,C,07:49,409
02-Apr-26,07:20,EA3242,Aberdeen (ABZ),ABZ,Aer Lingus Regional,AT76,EI-GPN,B,07:33,421
02-Apr-26,07:20,FR5555,Tenerife (TFS),TFS,Ryanair,B38M,EI-IJD,C,07:58,207
02-Apr-26,07:25,EI642,Prague (PRG),PRG,Aer Lingus,A320,EI-DVH,C,07:47,416
02-Apr-26,07:25,FR504,Bristol (BRS),BRS,Ryanair,B738,9H-QBD,C,07:57,202
02-Apr-26,07:30,EI154,London (LHR),LHR,Aer Lingus,A20N,EI-NSE,C,08:10,413
02-Apr-26,07:30,EI492,Faro (FAO),FAO,Aer Lingus,A320,EI-DVI,C,07:52,416
02-Apr-26,07:30,EI776,Lanzarote (ACE),ACE,Aer Lingus,A320,EI-GAL,C,07:44,405
02-Apr-26,07:30,EI3320,Manchester (MAN),MAN,Aer Lingus,AT7,,B,07:30,403
02-Apr-26,07:30,FR152,Leeds (LBA),LBA,Ryanair,B738,9H-QAT,C,07:46,206
02-Apr-26,07:30,FR558,Manchester (MAN),MAN,Ryanair,B738,EI-DLX,C,07:50,209
02-Apr-26,07:30,,Manchester (MAN),MAN,Aer Lingus Regional,AT76,EI-HDK,B,07:42,418
02-Apr-26,07:35,EI476,Dubrovnik (DBV),DBV,Aer Lingus,A320,EI-EDP,C,08:00,409
02-Apr-26,07:40,EI422,Venice (VCE),VCE,Aer Lingus,A320,EI-DVK,C,07:55,407
02-Apr-26,07:40,EI482,Lisbon (LIS),LIS,Aer Lingus,A320,EI-DEM,C,08:03,411
02-Apr-26,07:40,FR276,Glasgow (GLA),GLA,Ryanair,B738,SP-RKD,C,07:53,205
02-Apr-26,07:45,FR332,London (LTN),LTN,Ryanair,B38M,9H-VUZ,C,08:01,201
02-Apr-26,07:45,FR3669,Berlin (BER),BER,Ryanair,B738,9H-QBF,C,08:06,208
02-Apr-26,07:50,EI3550,Edinburgh (EDI),EDI,Aer Lingus Regional,AT76,EI-HNA,B,07:50,422
02-Apr-26,07:50,FR114,London (LGW),LGW,Ryanair,B738,SP-RKM,C,08:05,201
02-Apr-26,07:50,,Edinburgh (EDI),EDI,Aer Lingus Regional,AT76,EI-HNA,B,08:08,418
02-Apr-26,07:55,FR22,Paris (BVA),BVA,Ryanair,B38M,EI-IGO,C,08:14,205
02-Apr-26,07:55,FR5910,Lanzarote (ACE),ACE,Ryanair,B38M,EI-IHC,C,08:23,204
02-Apr-26,08:00,FR10,Madrid (MAD),MAD,Ryanair,B738,9H-QBB,C,08:20,209
02-Apr-26,08:05,FR7663,Poznan (POZ),POZ,Ryanair,B738,SP-RSB,C,08:37,202
02-Apr-26,08:10,BY1486,Lanzarote (ACE),ACE,TUI,B738,G-FDZZ,C,09:25,109
02-Apr-26,08:15,FR5021,Pisa (PSA),PSA,Ryanair,B38M,EI-ILN,C,08:30,208
02-Apr-26,08:25,FR1023,Budapest (BUD),BUD,Ryanair,B738,SP-RSC,C,09:13,202
02-Apr-26,08:25,FR7008,Vienna (VIE),VIE,Lauda Europe,A320,9H-LOU,C,08:40,207
02-Apr-26,08:30,FR272,London (STN),STN,Ryanair,B38M,EI-IHP,C,08:35,103
02-Apr-26,08:34,FX5050,Indianapolis (IND),IND,FedEx,B763,N125FE,D,08:32,R201
02-Apr-26,08:35,BA825,London (LHR),LHR,British Airways,A20N,G-TTSD,C,09:11,423
02-Apr-26,08:40,EI156,London (LHR),LHR,Aer Lingus,A20N,EI-NSD,C,08:49,415
02-Apr-26,08:40,FR437,Reus (REU),REU,Ryanair,B738,EI-EVJ,C,08:45,204
02-Apr-26,08:40,LX403,Zurich (ZRH),ZRH,airBaltic,BCS3,YL-BTB,C,09:06,115
02-Apr-26,08:45,BA4463,London (LCY),LCY,British Airways,E190,G-LCYL,C,08:46,424
02-Apr-26,08:45,FR261,Alicante (ALC),ALC,Ryanair,B738,9H-QAY,C,09:27,208
02-Apr-26,08:50,LH977,Frankfurt (FRA),FRA,Lufthansa,A319,D-AIBC,C,09:10,116
02-Apr-26,08:50,UA311,Washington (IAD),IAD,United Airlines,B752,N14106,D,11:31,419
02-Apr-26,08:55,FR3880,Dubrovnik (DBV),DBV,Ryanair,B738,SP-RKN,C,09:15,207
02-Apr-26,08:55,KL1136,Amsterdam (AMS),AMS,KLM,E295,PH-NXU,C,09:21,118
02-Apr-26,09:10,FR116,London (LGW),LGW,Ryanair,B738,EI-EBF,C,09:17,209
02-Apr-26,09:10,FR812,Edinburgh (EDI),EDI,Ryanair,B38M,EI-IFW,C,10:56,209
02-Apr-26,09:15,AF1617,Paris (CDG),CDG,Air France,BCS3,F-HZUV,C,09:36,115
02-Apr-26,09:15,QR20,Doha (DOH),DOH,Qatar Airways,B789,A7-BHO,E,09:40,416
02-Apr-26,09:20,FR611,Kerry (KIR),KIR,Ryanair,B38M,EI-HGY,C,11:20,206
02-Apr-26,09:25,EA3554,Edinburgh (EDI),EDI,Aer Lingus Regional,AT76,EI-GPO,B,09:30,421
02-Apr-26,09:25,FR6126,Milan (BGY),BGY,Ryanair,B738,SP-RKV,C,09:38,207
02-Apr-26,09:30,AA133,Dallas (DFW),DFW,American Airlines,B788,N882BL,E,,416
02-Apr-26,09:30,UA22,New York (EWR),EWR,United Airlines,B772,N78003,E,09:52,418
02-Apr-26,09:35,FR7044,Malaga (AGP),AGP,Ryanair,B738,EI-DWP,C,10:22,208
02-Apr-26,09:40,AY1382,Helsinki (HEL),HEL,Jettime,B738,OY-JYC,C,10:20,407
02-Apr-26,09:40,EI158,London (LHR),LHR,Aer Lingus,A20N,EI-NSG,C,09:54,410
02-Apr-26,09:45,EI204,Manchester (MAN),MAN,Aer Lingus,A21N,EI-XLW,C,10:17,408
02-Apr-26,09:45,EI524,Paris (CDG),CDG,Aer Lingus,A21N,EI-XLV,C,10:04,414
02-Apr-26,09:50,AC801,Toronto (YYZ),YYZ,Air Canada,B789,C-FNOE,E,09:58,413
02-Apr-26,09:50,IB1882,Madrid (MAD),MAD,Iberia Express,A320,EC-KOH,C,10:18,112
02-Apr-26,09:50,VY8721,Barcelona (BCN),BCN,Vueling,A320,EC-MER,C,10:31,110
02-Apr-26,09:55,EI504,Bordeaux (BOD),BOD,Aer Lingus,A320,EI-DEP,C,10:25,406
02-Apr-26,09:55,EI604,Amsterdam (AMS),AMS,Aer Lingus,A21N,EI-XLU,C,10:23,406
02-Apr-26,10:00,DL259,Minneapolis (MSP),MSP,Delta Air Lines,A333,N810NW,E,10:14,404
02-Apr-26,10:00,EI392,Hamburg (HAM),HAM,Aer Lingus,A320,EI-DEL,C,10:29,412
02-Apr-26,10:05,FR364,Funchal (FNC),FNC,Ryanair,B38M,EI-IKN,C,10:40,209
02-Apr-26,10:15,FR288,London (STN),STN,Ryanair,B38M,EI-HGP,C,11:41,204
02-Apr-26,10:20,EA3222,Glasgow (GLA),GLA,Aer Lingus Regional,AT76,EI-GZV,B,10:33,421
02-Apr-26,10:20,EA3252,Edinburgh (EDI),EDI,Aer Lingus Regional,AT76,EI-FAT,B,11:02,417
02-Apr-26,10:20,EI3322,Manchester (MAN),MAN,Aer Lingus,AT7,,B,10:30,416
02-Apr-26,10:20,FR562,Manchester (MAN),MAN,Ryanair,B738,EI-DLX,C,10:54,104
02-Apr-26,10:20,FR7032,Faro (FAO),FAO,Ryanair,B38M,EI-IHM,C,10:42,206
02-Apr-26,10:20,,Manchester (MAN),MAN,Aer Lingus Regional,AT76,EI-HPK,B,10:37,418
02-Apr-26,10:30,BA827,London (LHR),LHR,British Airways,A320,G-EUUC,C,11:01,424
02-Apr-26,10:30,EI404,Rome (FCO),FCO,Aer Lingus,A320,EI-DVG,C,11:15,407
02-Apr-26,10:30,FR662,Birmingham (BHX),BHX,Ryanair,B738,9H-QCF,C,11:17,210
02-Apr-26,10:30,FR831,Venice (VCE),VCE,Ryanair,B738,SP-RKD,C,11:34,206
02-Apr-26,10:35,FR442,Liverpool (LPL),LPL,Ryanair,B738,EI-GSK,C,10:48,205
02-Apr-26,10:40,LH2517,Munich (MUC),MUC,Lufthansa,A321,D-AIRS,C,10:59,117
02-Apr-26,10:40,TK1976,Istanbul (IST),IST,Turkish Airlines,A21N,TC-LSM,C,10:57,114
02-Apr-26,10:45,FR5131,Basel (BSL),BSL,Ryanair,B738,SP-RKH,C,11:05,210
02-Apr-26,10:45,,Southampton (SOU),SOU,Aer Lingus Regional,AT76,EI-HPJ,B,11:06,418
02-Apr-26,10:55,FR536,Nottingham (EMA),EMA,Ryanair,B38M,EI-ILA,C,11:10,202
02-Apr-26,10:55,FR3006,Amsterdam (AMS),AMS,Ryanair,B738,9H-QBD,C,11:19,207
02-Apr-26,11:00,DL177,Atlanta (ATL),ATL,Delta Air Lines,B764,N825MH,D,11:13,403
02-Apr-26,11:00,EI544,Nice (NCE),NCE,Aer Lingus,A320,EI-DER,C,11:25,410
02-Apr-26,11:00,FR1111,London (LGW),LGW,Ryanair,B38M,EI-IHY,C,11:11,203
02-Apr-26,11:05,EA3930,Newquay (NQY),NQY,Aer Lingus Regional,AT76,EI-HDK,B,11:22,420
02-Apr-26,11:10,EI105,New York (JFK),JFK,Aer Lingus,A333,EI-DUZ,E,11:27,415
02-Apr-26,11:10,EI162,London (LHR),LHR,Aer Lingus,A20N,EI-NSB,C,11:38,409
02-Apr-26,11:10,FR7054,Malaga (AGP),AGP,Ryanair,B38M,9H-VUZ,C,11:44,203
02-Apr-26,11:10,KL1138,Amsterdam (AMS),AMS,KLM,B738,PH-BXZ,C,11:30,118
02-Apr-26,11:10,SK4604,Oslo (OSL),OSL,SAS,32N,,C,,117
02-Apr-26,11:15,BA4465,London (LCY),LCY,British Airways,E190,G-LCAH,C,11:40,424
02-Apr-26,11:20,EA3266,Birmingham (BHX),BHX,Aer Lingus Regional,AT76,EI-GPN,B,11:35,419
02-Apr-26,11:20,FR337,London (LTN),LTN,Ryanair,B738,9H-QDR,C,12:17,206
02-Apr-26,11:25,FR632,Copenhagen (CPH),CPH,Ryanair,B738,EI-DPP,C,11:48,209
02-Apr-26,11:30,EI3192,Liverpool (LPL),LPL,Aer Lingus Regional,AT76,EI-HNA,B,11:52,422
02-Apr-26,11:30,EA3226,Glasgow (GLA),GLA,Aer Lingus Regional,AT76,EI-GZV,B,14:14,421
02-Apr-26,11:30,FR202,London (STN),STN,Ryanair,B738,SP-RSQ,C,12:05,201
02-Apr-26,11:30,WS35,Toronto (YYZ),YYZ,WestJet,B38M,C-GRAG,C,11:50,413
02-Apr-26,11:35,EI123,Chicago (ORD),ORD,Aer Lingus,A333,EI-EIL,E,12:03,411
02-Apr-26,11:35,FR7034,Faro (FAO),FAO,Ryanair,B738,SP-RKM,C,12:11,205
02-Apr-26,11:35,UA981,Chicago (ORD),ORD,United Airlines,B788,N26906,E,11:58,418
02-Apr-26,11:40,EA3254,Edinburgh (EDI),EDI,Aer Lingus Regional,AT76,EI-GPP,B,12:00,419
02-Apr-26,11:40,SK536,Stockholm (ARN),ARN,SAS,A20N,EI-SCE,C,11:51,116
02-Apr-26,11:45,AA725,Charlotte (CLT),CLT,American Airlines,B772,N776AN,E,12:20,417
02-Apr-26,12:00,EI164,London (LHR),LHR,Aer Lingus,A20N,EI-NSE,C,12:34,410
02-Apr-26,12:00,GR687,Guernsey (GCI),GCI,Titan Airways,E190,G-POWX,C,12:22,R105
02-Apr-26,12:00,HU752,Beijing (PEK),PEK,Hainan Airlines,A333,B-1021,E,12:14,416
02-Apr-26,12:05,LM52,Aberdeen (ABZ),ABZ,Loganair,AT76,G-LMTE,B,13:13,418
02-Apr-26,12:20,FR9319,Trieste (TRS),TRS,Ryanair,B38M,EI-HET,C,13:07,203
02-Apr-26,12:25,LH979,Frankfurt (FRA),FRA,Lufthansa,A321,D-AIRO,C,12:56,117
02-Apr-26,12:25,,Fes (FEZ),FEZ,Ryanair,CL35,M-ABTE,C,16:02,208
02-Apr-26,12:30,EI160,London (LHR),LHR,Aer Lingus,A20N,EI-NSA,C,13:21,407
02-Apr-26,12:30,UA229,Washington (IAD),IAD,United Airlines,B752,N13113,D,12:43,418
02-Apr-26,12:30,XQ533,Antalya (AYT),AYT,SunExpress,B38M,TC-SMI,C,12:49,113
02-Apr-26,12:35,EI117,Washington (IAD),IAD,Aer Lingus,A21N,EI-LRE,C,12:48,408
02-Apr-26,12:35,FR9611,Rome (FCO),FCO,Ryanair,B38M,EI-HMW,C,12:51,210
02-Apr-26,12:40,AA723,Philadelphia (PHL),PHL,American Airlines,B788,N812AA,E,12:58,416
02-Apr-26,12:40,FR118,London (LGW),LGW,United Arab Emirates - Air Force,PC21,948,C,13:56,204
02-Apr-26,12:40,SK538,Copenhagen (CPH),CPH,SAS,A20N,EI-SCH,C,12:38,117
02-Apr-26,12:40,,London (LGW),LGW,Ryanair,B738,9H-QCF,C,14:40,208
02-Apr-26,12:45,EI133,Boston (BOS),BOS,Aer Lingus,A21N,EI-LRA,C,13:11,407
02-Apr-26,12:45,EI208,Manchester (MAN),MAN,Aer Lingus,A320,EI-DEJ,C,13:03,411
02-Apr-26,12:50,EI61,San Francisco (SFO),SFO,Aer Lingus,A333,EI-GCF,E,13:09,414
02-Apr-26,12:50,EI552,Lyon (LYS),LYS,Aer Lingus,A320,EI-DES,C,13:05,405
02-Apr-26,12:50,WF373,Bergen (BGO),BGO,Wideroe,E290,LN-WEA,C,12:54,417
02-Apr-26,12:55,QR18,Doha (DOH),DOH,Qatar Airways,B789,A7-BHK,E,13:30,417
02-Apr-26,13:00,BA829,London (LHR),LHR,British Airways,A21N,G-NEOP,C,13:45,423
02-Apr-26,13:00,EI526,Paris (CDG),CDG,Aer Lingus,A320,EI-DEI,C,13:16,404
02-Apr-26,13:00,FR552,Manchester (MAN),MAN,Ryanair,B38M,EI-HMZ,C,13:18,207
02-Apr-26,13:00,FR1860,Paris (BVA),BVA,Ryanair,B738,9H-QAR,C,13:53,112
02-Apr-26,13:00,LX401,Zurich (ZRH),ZRH,Swiss,BCS3,HB-JCM,C,13:33,118
02-Apr-26,13:05,,Amsterdam (AMS),AMS,NetJets,E55P,CS-PHV,C,13:35,R110
02-Apr-26,13:10,EI584,Malaga (AGP),AGP,Aer Lingus,A320,EI-FNJ,C,13:40,404
02-Apr-26,13:10,FR664,Birmingham (BHX),BHX,Ryanair,B738,EI-EBF,C,13:20,202
02-Apr-26,13:15,DL45,New York (JFK),JFK,Delta Air Lines,B763,N177DZ,D,13:38,404
02-Apr-26,13:15,FR1116,Reus (REU),REU,Ryanair,B38M,EI-HEN,C,14:22,205
02-Apr-26,13:20,EI101,New York (EWR),EWR,Aer Lingus,A21N,EI-LRC,C,13:36,411
02-Apr-26,13:20,EI127,Toronto (YYZ),YYZ,Aer Lingus,A333,EI-EDY,E,14:17,406
02-Apr-26,13:20,FR7132,Faro (FAO),FAO,Ryanair,B738,EI-EBK,C,14:26,206
02-Apr-26,13:25,KL1140,Amsterdam (AMS),AMS,KLM (1700th E-Jet Sticker),E295,PH-NXM,C,14:09,118
02-Apr-26,13:30,EI166,London (LHR),LHR,Aer Lingus,A20N,EI-NSH,C,14:02,410
02-Apr-26,13:30,FR506,Bristol (BRS),BRS,Ryanair,B738,EI-EMB,C,14:46,207
02-Apr-26,13:35,EI608,Amsterdam (AMS),AMS,Aer Lingus,A320,EI-EDS,C,14:10,413
02-Apr-26,13:35,UA316,New York (EWR),EWR,United Airlines,B752,N17128,D,13:42,419
02-Apr-26,13:40,FR814,Edinburgh (EDI),EDI,Ryanair,B738,SP-RNP,C,13:56,205
02-Apr-26,13:45,BA811,London (LHR),LHR,British Airways,A20N,G-TTNW,C,13:58,425
02-Apr-26,13:45,EA3256,Edinburgh (EDI),EDI,Aer Lingus Regional,AT76,EI-GPO,B,14:04,420
02-Apr-26,13:55,FR5151,Glasgow (GLA),GLA,Ryanair,B738,9H-QAL,C,15:24,202
02-Apr-26,13:55,SK2468,Copenhagen (CPH),CPH,SAS,E195,SE-RSZ,C,14:12,116
02-Apr-26,14:00,EI448,Heraklion (HER),HER,Aer Lingus,A320,EI-DVE,C,14:07,413
02-Apr-26,14:00,FR1042,Toulouse (TLS),TLS,Ryanair,B738,SP-RND,C,14:58,203
02-Apr-26,14:05,EI77,Nashville (BNA),BNA,Aer Lingus,A21N,EI-XLR,C,14:29,405
02-Apr-26,14:05,EA3224,Glasgow (GLA),GLA,Aer Lingus Regional,AT76,EI-FAT,B,14:51,421
02-Apr-26,14:05,PC1158,Istanbul (SAW),SAW,Pegasus,A21N,TC-RDJ,C,14:28,113
02-Apr-26,14:10,EI131,Windsor Locks (BDL),BDL,Aer Lingus,A21N,EI-LRG,C,14:20,403
02-Apr-26,14:10,FR340,London (LTN),LTN,Ryanair,B38M,9H-VVJ,C,14:56,205
02-Apr-26,14:10,FR3332,Pafos (PFO),PFO,Ryanair,B38M,9H-VUQ,C,14:45,203
02-Apr-26,14:15,EI464,Malta (MLA),MLA,Aer Lingus,A320,EI-DVH,C,14:30,416
02-Apr-26,14:15,EI708,Marrakesh (RAK),RAK,Aer Lingus (Retro livery),A320,EI-DVM,C,15:13,407
02-Apr-26,14:15,FI419,Reykjavik (KEF),KEF,Icelandair,B39M,TF-ICB,C,14:59,113
02-Apr-26,14:20,EI748,Bilbao (BIO),BIO,Aer Lingus,A320,EI-DEK,C,14:36,415
02-Apr-26,14:20,EI3392,Leeds (LBA),LBA,Aer Lingus Regional,AT76,EI-HPK,B,14:20,414
02-Apr-26,14:20,EK162,Dubai (DXB),DXB,Emirates,B77W,A6-EPH,C,14:38,415
02-Apr-26,14:20,FR4409,Rhodes (RHO),RHO,Ryanair,B38M,EI-IFW,C,14:32,209
02-Apr-26,14:20,MS776,Cairo (CAI),CAI,Egyptair,A20N,SU-GFK,C,14:50,115
02-Apr-26,14:20,,Leeds (LBA),LBA,Aer Lingus Regional,AT76,EI-HPK,B,14:42,418
02-Apr-26,14:25,EI89,Minneapolis (MSP),MSP,Aer Lingus,A21N,EI-XLW,C,14:55,404
02-Apr-26,14:25,FR7235,Malta (MLA),MLA,Ryanair,B38M,EI-HGY,C,14:48,208
02-Apr-26,14:30,EI168,London (LHR),LHR,Aer Lingus,A20N,EI-NSG,C,14:49,409
02-Apr-26,14:40,EA3286,Bristol (BRS),BRS,Aer Lingus Regional,AT76,EI-GPN,B,15:18,422
02-Apr-26,14:45,EI51,Las Vegas (LAS),LAS,Aer Lingus,A332,EI-DUO,E,15:04,410
02-Apr-26,14:45,EA3272,Birmingham (BHX),BHX,Aer Lingus Regional,AT76,EI-HDK,B,15:01,418
02-Apr-26,14:50,EI412,Verona (VRN),VRN,Aer Lingus,A320,EI-DEH,C,15:15,404
02-Apr-26,14:55,EI782,Gran Canaria (LPA),LPA,Aer Lingus,A320,EI-DVK,C,15:16,406
02-Apr-26,15:00,DL155,Boston (BOS),BOS,Delta Air Lines,B763,N1603,D,15:25,403
02-Apr-26,15:00,EI764,Tenerife (TFS),TFS,Aer Lingus,A320,EI-DVN,C,16:34,403
02-Apr-26,15:00,EI778,Lanzarote (ACE),ACE,Aer Lingus,A320,EI-DVI,C,15:22,415
02-Apr-26,15:00,EW9395,Dusseldorf (DUS),DUS,Eurowings,A20N,D-AENG,C,15:21,117
02-Apr-26,15:00,FR7138,Lisbon (LIS),LIS,Ryanair,B738,EI-EVJ,C,15:06,210
02-Apr-26,15:05,FR6244,Tirana (TIA),TIA,Ryanair,B738,EI-EBF,C,17:08,210
02-Apr-26,15:10,EA3304,Southampton (SOU),SOU,Aer Lingus Regional,AT76,EI-HPJ,B,15:33,418
02-Apr-26,15:10,FR1456,Brussels (BRU),BRU,Ryanair,B738,9H-QBD,C,16:32,208
02-Apr-26,15:20,FR3100,Amsterdam (AMS),AMS,Ryanair,B738,SP-RSQ,C,16:24,201
02-Apr-26,15:25,EI69,Los Angeles (LAX),LAX,Aer Lingus,A333,EI-GAJ,E,15:42,405
02-Apr-26,15:30,BA831,London (LHR),LHR,British Airways,A21N,G-NEOS,C,16:25,425
02-Apr-26,15:30,EA3228,Glasgow (GLA),GLA,Aer Lingus Regional,AT76,EI-HNA,B,15:37,418
02-Apr-26,15:30,FR7199,Lanzarote (ACE),ACE,Ryanair,B38M,EI-HGP,C,15:53,207
02-Apr-26,15:30,FR8130,Malaga (AGP),AGP,Ryanair,B738,9H-QAD,C,15:51,210
02-Apr-26,15:35,FR120,London (LGW),LGW,Ryanair,B38M,EI-ILJ,C,15:45,204
02-Apr-26,15:40,EI798,Izmir (ADB),ADB,Aer Lingus,A320,EI-DEP,C,16:10,412
02-Apr-26,15:45,BA4467,London (LCY),LCY,British Airways,E190,G-LCYM,C,16:21,423
02-Apr-26,15:45,EI406,Rome (FCO),FCO,Aer Lingus,A320,EI-DEL,C,16:05,409
02-Apr-26,15:45,FR554,Manchester (MAN),MAN,Ryanair,B38M,EI-IHY,C,16:00,205
02-Apr-26,15:50,EI3216,Isle of Man (IOM),IOM,Aer Lingus Regional,AT76,EI-GZV,B,17:34,414
02-Apr-26,15:50,EI3326,Manchester (MAN),MAN,Aer Lingus Regional,AT76,EI-GPP,B,16:27,407
02-Apr-26,15:50,FR96,Prague (PRG),PRG,Ryanair,B738,SP-RSF,C,16:15,105
02-Apr-26,15:50,FR6840,Naples (NAP),NAP,Ryanair,B38M,EI-HMZ,C,16:33,203
02-Apr-26,15:55,EI172,London (LHR),LHR,Aer Lingus,A20N,EI-NSB,C,16:04,415
02-Apr-26,16:00,VJT437,Faro (FAO),FAO,VistaJet,CL35,9H-VCN,C,16:38,R109
02-Apr-26,16:05,,Helsinki (HEL),HEL,NetJets,C68A,CS-LTQ,C,16:13,R110
02-Apr-26,16:10,EI115,Philadelphia (PHL),PHL,Aer Lingus,A21N,EI-XLU,C,16:30,407
02-Apr-26,16:10,EI119,Washington (IAD),IAD,Aer Lingus,A21N,EI-XLV,C,16:19,409
02-Apr-26,16:10,EI586,Malaga (AGP),AGP,Aer Lingus,A320,EI-DEM,C,16:22,416
02-Apr-26,16:15,FR204,London (STN),STN,Ryanair,B738,SP-RKV,C,16:36,205
02-Apr-26,16:20,AF1817,Paris (CDG),CDG,Air France,BCS3,F-HZUH,C,17:37,114
02-Apr-26,16:20,EI496,Faro (FAO),FAO,Aer Lingus,A320,EI-DEJ,C,16:55,416
02-Apr-26,16:20,FR122,London (LGW),LGW,Ryanair,B738,9H-QDR,C,16:29,202
02-Apr-26,16:25,EI736,Palma de Mallorca (PMI),PMI,Aer Lingus,A20N,EI-NSE,C,16:53,413
02-Apr-26,16:25,FR1976,Riga (RIX),RIX,Ryanair,B738,SP-RNS,C,17:20,208
02-Apr-26,16:25,FR5306,Kerry (KIR),KIR,Ryanair,B738,SP-RKH,C,16:40,203
02-Apr-26,16:30,FR666,Birmingham (BHX),BHX,Ryanair,B38M,EI-ILC,C,17:12,206
02-Apr-26,16:35,FR156,Leeds (LBA),LBA,Ryanair,B38M,9H-VVL,C,16:51,210
02-Apr-26,16:45,BA4469,London (LCY),LCY,British Airways,E190,G-LCAC,C,16:50,425
02-Apr-26,16:45,EI107,New York (JFK),JFK,Aer Lingus,A21N,EI-LRF,C,17:01,405
02-Apr-26,16:45,EI125,Chicago (ORD),ORD,Aer Lingus,A333,EI-EIN,E,17:03,412
02-Apr-26,16:45,EI137,Boston (BOS),BOS,Aer Lingus,A333,EI-FNG,E,17:05,416
02-Apr-26,16:55,FR126,London (LGW),LGW,Ryanair,B738,9H-QCF,C,18:33,205
02-Apr-26,17:00,FR5405,Murcia (RMU),RMU,Ryanair,B738,EI-DPP,C,17:18,206
02-Apr-26,17:05,TK1978,Istanbul (IST),IST,Turkish Airlines,B38M,TC-LCI,C,17:17,114
02-Apr-26,17:15,FR328,Bucharest (OTP),OTP,Ryanair,B38M,EI-IJD,C,17:55,204
02-Apr-26,17:20,EA3330,Exeter (EXT),EXT,Aer Lingus Regional,AT76,EI-GPO,B,17:32,421
02-Apr-26,17:20,KL1142,Amsterdam (AMS),AMS,KLM,E190,PH-EZG,C,18:17,119
02-Apr-26,17:25,FR8107,Reus (REU),REU,Ryanair,B738,SP-RKD,C,18:46,209
02-Apr-26,17:25,FR8111,Faro (FAO),FAO,Ryanair,B738,SP-RNP,C,17:57,203
02-Apr-26,17:30,EI176,London (LHR),LHR,Aer Lingus,A20N,EI-NSD,C,17:45,408
02-Apr-26,17:35,T2345,Vagar (FAE),FAE,West Air Sweden,75C,,C,,R107
02-Apr-26,17:40,FR9288,Brindisi (BDS),BDS,Ryanair,B38M,EI-IHM,C,17:54,204
02-Apr-26,17:40,LH981,Frankfurt (FRA),FRA,Lufthansa,A321,D-AISB,C,18:09,117
02-Apr-26,17:45,FR2971,Kaunas (KUN),KUN,Ryanair,B738,9H-QAR,C,18:04,108
02-Apr-26,17:45,FR3086,Venice (VCE),VCE,Ryanair,B38M,EI-IHC,C,18:16,206
02-Apr-26,17:45,FR3977,Barcelona (BCN),BCN,Ryanair,B738,EI-ESV,C,18:31,209
02-Apr-26,17:45,VL2519,Munich (MUC),MUC,Lufthansa City,A20N,D-AIJR,C,17:59,117
02-Apr-26,17:50,EI336,Berlin (BER),BER,Aer Lingus,A320,EI-DER,C,18:12,407
02-Apr-26,17:50,EA3308,Southampton (SOU),SOU,Aer Lingus Regional,AT76,EI-FAT,B,18:18,421
02-Apr-26,17:50,EI3556,Edinburgh (EDI),EDI,Aer Lingus,AT7,,B,17:50,410
02-Apr-26,17:50,FR446,Liverpool (LPL),LPL,Ryanair,B738,9H-QAS,C,18:11,201
02-Apr-26,17:50,FR3102,Amsterdam (AMS),AMS,Ryanair,B738,9H-QAL,C,18:30,210
02-Apr-26,17:50,,Edinburgh (EDI),EDI,Aer Lingus Regional,AT76,EI-HPK,B,18:01,418
02-Apr-26,17:55,EI574,Alicante (ALC),ALC,Aer Lingus,A320,EI-EDP,C,18:27,416
02-Apr-26,18:00,AY1386,Helsinki (HEL),HEL,Finnair (Oneworld Livery),E190,OH-LKN,C,18:14,408
02-Apr-26,18:00,EI178,London (LHR),LHR,Aer Lingus,A20N,EI-NSH,C,18:22,412
02-Apr-26,18:00,EI638,Brussels (BRU),BRU,Aer Lingus,A320,EI-DEI,C,18:24,403
02-Apr-26,18:00,FR4266,Verona (VRN),VRN,Ryanair,B38M,EI-IGL,C,18:59,202
02-Apr-26,18:00,,Malaga (AGP),AGP,Flexjet,E550,9H-ZFX,C,19:41,R109
02-Apr-26,18:00,,Nice (NCE),NCE,NetJets,CL60,CS-CLA,C,18:41,R110
02-Apr-26,18:10,FR313,Stockholm (ARN),ARN,Ryanair,B738,EI-DLV,C,18:25,210
02-Apr-26,18:20,EI610,Amsterdam (AMS),AMS,Aer Lingus,A320,EI-GAL,C,18:34,410
02-Apr-26,18:25,FR7367,Vienna (VIE),VIE,Lauda Europe,A320,9H-LOA,C,19:00,207
02-Apr-26,18:30,EI528,Paris (CDG),CDG,Aer Lingus,A320,EI-EDS,C,18:39,403
02-Apr-26,18:30,EI3258,Edinburgh (EDI),EDI,Aer Lingus,AT7,,B,18:26,410
02-Apr-26,18:30,,Edinburgh (EDI),EDI,Aer Lingus Regional,AT76,EI-HDK,B,18:35,418
02-Apr-26,18:30,,Edinburgh (EDI),EDI,NetJets,GLEX,CS-GLD,C,18:29,R110
02-Apr-26,18:35,DY1363,Oslo (OSL),OSL,Norwegian,B738,LN-NHA,C,19:24,110
02-Apr-26,18:35,FR1978,Lodz (LCJ),LCJ,Ryanair,B38M,EI-IHY,C,19:05,201
02-Apr-26,18:35,LX405,Zurich (ZRH),ZRH,Swiss,BCS1,HB-JBE,C,18:43,118
02-Apr-26,18:35,FX5201,London (STN),STN,FedEx,B763,N107FE,D,19:36,R201
02-Apr-26,18:37,FR290,London (STN),STN,Ryanair,B738,9H-QFB,C,19:02,210
02-Apr-26,18:40,FR142,London (LGW),LGW,Ryanair,B38M,EI-HET,C,19:44,210
02-Apr-26,18:40,FR6187,Palma de Mallorca (PMI),PMI,Ryanair,B38M,9H-VUZ,C,19:32,208
02-Apr-26,18:50,BA833,London (LHR),LHR,British Airways,A20N,G-TTSG,C,18:58,423
02-Apr-26,18:50,EI276,Birmingham (BHX),BHX,Aer Lingus,A320,EI-DES,C,19:03,406
02-Apr-26,18:50,EA3408,Donegal (CFN),CFN,Aer Lingus Regional,AT76,EI-GZV,B,20:09,419
02-Apr-26,18:50,FR5432,Ibiza (IBZ),IBZ,Ryanair,B738,SP-RKM,C,19:07,207
02-Apr-26,18:50,TP1325,Lisbon (LIS),LIS,TAP Express,E195,CS-TAX,C,20:03,113
02-Apr-26,18:55,EI564,Barcelona (BCN),BCN,Aer Lingus,A320,EI-DVG,C,19:28,403
02-Apr-26,18:55,EY48,Abu Dhabi (AUH),AUH,Etihad Airways,B789,A6-BLQ,E,19:19,415
02-Apr-26,18:55,FR4285,Marseille (MRS),MRS,Ryanair,B738,EI-DPH,C,20:53,208
02-Apr-26,19:00,EI182,London (LHR),LHR,Aer Lingus,A20N,EI-NSG,C,19:14,412
02-Apr-26,19:05,FR1958,Nice (NCE),NCE,Ryanair,B738,SP-RND,C,21:02,203
02-Apr-26,19:05,FR5418,Berlin (BER),BER,Ryanair,B738,EI-EBV,C,19:16,205
02-Apr-26,19:05,SK2538,Copenhagen (CPH),CPH,SAS,A20N,EI-SCD,C,19:39,117
02-Apr-26,19:10,EA3328,Manchester (MAN),MAN,Aer Lingus Regional,AT76,EI-GPP,B,20:07,418
02-Apr-26,19:10,FR306,London (LGW),LGW,Ryanair,B38M,EI-HEN,C,20:16,208
02-Apr-26,19:15,AF1117,Paris (CDG),CDG,Air France,E190,F-HBLY,C,19:29,114
02-Apr-26,19:15,FR24,Paris (BVA),BVA,Ryanair,B38M,EI-IKW,C,19:31,203
02-Apr-26,19:15,FR3568,Santiago de Compostela (SCQ),SCQ,Ryanair,B738,SP-RKH,C,19:35,207
02-Apr-26,19:20,BA4473,London (LCY),LCY,British Airways,E190,G-LCYL,C,19:55,423
02-Apr-26,19:20,FR6921,Barcelona (BCN),BCN,Ryanair,B38M,EI-ILJ,C,19:42,205
02-Apr-26,19:30,EA3196,Liverpool (LPL),LPL,Aer Lingus Regional,AT76,EI-HPJ,B,19:46,418
02-Apr-26,19:30,FR7036,Girona (GRO),GRO,Ryanair,B38M,EI-ILC,C,20:27,201
02-Apr-26,19:30,FR7072,Porto (OPO),OPO,Ryanair,B738,SP-RKV,C,20:21,201
02-Apr-26,19:40,FR2030,Krakow (KRK),KRK,Ryanair,B38M,SP-RZV,C,19:49,203
02-Apr-26,19:45,EI109,New York (JFK),JFK,Aer Lingus,A21N,EI-LRD,C,20:05,405
02-Apr-26,19:45,LG4884,Luxembourg (LUX),LUX,Luxair,E295,LX-LEA,C,20:01,114
02-Apr-26,19:50,EW2775,Stuttgart (STR),STR,Eurowings,A320,D-AEWR,C,20:15,117
02-Apr-26,19:50,SK2566,Stockholm (ARN),ARN,SAS,32N,,C,,116
02-Apr-26,19:55,TO7909,Paris (ORY),ORY,Transavia,B738,F-HUYB,C,20:11,116
02-Apr-26,19:55,5X207,London (STN),STN,UPS,B763,N345UP,D,19:52,R202
02-Apr-26,20:00,FR211,London (STN),STN,Ryanair,B738,SP-RSQ,C,20:30,109
02-Apr-26,20:00,FR342,London (LTN),LTN,Ryanair,B738,9H-QBD,C,20:49,205
02-Apr-26,20:00,FR534,Nottingham (EMA),EMA,Ryanair,B738,EI-EBK,C,21:13,201
02-Apr-26,20:00,FR668,Birmingham (BHX),BHX,Ryanair,B38M,EI-HMW,C,20:13,109
02-Apr-26,20:05,FR98,Wroclaw (WRO),WRO,Ryanair,B38M,SP-RZN,C,20:31,205
02-Apr-26,20:10,BA4471,London (LCY),LCY,British Airways,E190,G-LCYM,C,20:18,424
02-Apr-26,20:10,FR1772,Valencia (VLC),VLC,Ryanair,B738,EI-EGD,C,20:45,204
02-Apr-26,20:15,FR5563,Glasgow (GLA),GLA,Ryanair,B738,9H-QDR,C,20:20,204
02-Apr-26,20:20,BA835,London (LHR),LHR,British Airways,A21N,G-TNED,C,20:34,426
02-Apr-26,20:35,FR9679,Seville (SVQ),SVQ,Ryanair,B738,9H-QCD,C,21:32,207
02-Apr-26,20:50,FR7156,Madrid (MAD),MAD,Ryanair,B738,9H-QAV,C,22:37,204
02-Apr-26,20:50,,Leipzig (LEJ),LEJ,Titan Airways,A321,9H-ZTB,C,21:01,R105
02-Apr-26,20:55,FR20,Newcastle (NCL),NCL,Ryanair,B38M,EI-IGF,C,21:23,202
02-Apr-26,20:55,FR816,Edinburgh (EDI),EDI,Ryanair,B738,9H-QAL,C,22:49,209
02-Apr-26,20:55,FR1556,Manchester (MAN),MAN,Ryanair,B738,EI-DLX,C,21:04,208
02-Apr-26,21:05,DN408,Bacau (BCM),BCM,Dan Air,A320,YR-JUL,C,22:00,R105
02-Apr-26,21:05,FR7062,Alicante (ALC),ALC,Ryanair,B38M,EI-IJK,C,22:10,213
02-Apr-26,21:05,,Nottingham (EMA),EMA,DHL,B738,EC-NUG,C,21:21,R204
02-Apr-26,21:10,FR448,Liverpool (LPL),LPL,Ryanair,B738,EI-DCL,C,21:12,107
02-Apr-26,21:19,5X249,Cologne (CGN),CGN,UPS,B763,N364UP,D,21:29,R203
02-Apr-26,21:25,FR634,Cardiff (CWL),CWL,Ryanair,B738,EI-EVJ,C,22:05,209
02-Apr-26,21:25,FR4844,Milan (BGY),BGY,Ryanair,B38M,EI-IKD,C,22:41,210
02-Apr-26,21:30,FR556,Manchester (MAN),MAN,Ryanair,B738,9H-QCF,C,22:15,210
02-Apr-26,21:40,FR1908,Gdansk (GDN),GDN,Ryanair,B738,SP-RKB,C,22:14,203
02-Apr-26,21:50,FR508,Bristol (BRS),BRS,Ryanair,B38M,EI-HGG,C,23:21,211
02-Apr-26,21:50,FR6395,Barcelona (BCN),BCN,Ryanair,B738,EI-GSI,C,22:52,204
02-Apr-26,22:00,EK164,Dubai (DXB),DXB,Emirates,B77W,A6-ENT,C,22:20,415
02-Apr-26,22:00,RK292,London (STN),STN,Ryanair,B38M,G-RYMA,C,22:33,206
02-Apr-26,22:00,5O4394,Paris (CDG),CDG,ASL Airlines,B738,F-HIQB,C,22:12,R115
02-Apr-26,23:20,5F5712,Chisinau (RMO),RMO,FlyOne,A321,YR-FIB,C,06:10,R111
02-Apr-26,23:35,FR457,Leeds (LBA),LBA,Ryanair,B38M,EI-ILK,C,00:43,206
02-Apr-26,23:50,FR1899,Manchester (MAN),MAN,Ryanair,B38M,EI-HMZ,C,00:18,201
02-Apr-26,23:50,H4252,Cluj-Napoca (CLJ),CLJ,HiSky,A320,YR-SUN,C,00:06,R113
02-Apr-26,23:50,H4474,Chisinau (RMO),RMO,HiSky,A320,YR-SKY,C,23:51,R117
03-Apr-26,02:20,LH8321,Frankfurt (FRA),FRA,Lufthansa Cargo,A321,D-AEUA,C,02:24,R201
03-Apr-26,02:30,OJ301,Karlsruhe / Baden-Baden (FKB),FKB,NyxAir,AT75,ES-NTC,B,02:45,R110
03-Apr-26,03:50,XM359,Maastricht (MST),MST,Zimex Aviation,AT72,HB-AFJ,B,04:07,R108
03-Apr-26,04:40,5F5712,Chisinau (RMO),RMO,FlyOne,A321,YR-FIB,C,,R111
03-Apr-26,05:20,QY2888,Milan (MXP),MXP,DHL,B738,EC-IXO,C,05:38,R204
03-Apr-26,05:28,5X248,Shannon (SNN),SNN,UPS,B763,N364UP,D,05:51,R201
03-Apr-26,05:30,TP1327,Lisbon (LIS),LIS,TAP Express,E190,CS-TPT,C,06:08,113
03-Apr-26,05:35,TK1174,Istanbul (IST),IST,Turkish Airlines,B38M,TC-LCU,C,05:48,113
03-Apr-26,05:35,5O4294,Shannon (SNN),SNN,ASL Airlines,B738,F-HIQB,C,05:41,R115
03-Apr-26,05:45,FR437,Reus (REU),REU,Ryanair,B738,SP-RNP,C,06:05,204
03-Apr-26,05:45,FR652,Lisbon (LIS),LIS,Ryanair,B38M,EI-IHM,C,05:58,201
03-Apr-26,05:45,FR884,Fuerteventura (FUE),FUE,Ryanair,B38M,EI-IHC,C,05:54,208
03-Apr-26,05:45,FR3669,Berlin (BER),BER,Ryanair,B38M,EI-IGL,C,06:13,208
03-Apr-26,05:45,FR4620,Dalaman (DLM),DLM,Ryanair,B38M,EI-HGP,C,06:00,201
03-Apr-26,05:45,FR5555,Tenerife (TFS),TFS,Ryanair,B38M,9H-VUQ,C,06:03,207
03-Apr-26,05:50,FR1984,Carcassonne (CCF),CCF,Ryanair,B38M,EI-IHY,C,06:01,206
03-Apr-26,05:50,FR5910,Lanzarote (ACE),ACE,Ryanair,B38M,EI-HEN,C,06:17,204
03-Apr-26,05:55,AF1017,Paris (CDG),CDG,Air France,BCS3,F-HZUM,C,06:35,114
03-Apr-26,05:55,FR1901,Krakow (KRK),KRK,Ryanair,B738,9H-QCS,C,05:56,206
03-Apr-26,05:55,KL1134,Amsterdam (AMS),AMS,KLM,B738,PH-BXV,C,06:38,118
03-Apr-26,06:00,FR46,Brussels (CRL),CRL,Ryanair,B738,SP-RKV,C,06:12,201
03-Apr-26,06:00,FR276,Glasgow (GLA),GLA,Ryanair,B738,SP-RKD,C,06:15,205
03-Apr-26,06:00,FR8130,Malaga (AGP),AGP,Ryanair,B738,9H-QFE,C,06:20,210
03-Apr-26,06:05,FR152,Leeds (LBA),LBA,Ryanair,B738,EI-DPN,C,06:06,206
03-Apr-26,06:05,FR808,Edinburgh (EDI),EDI,Ryanair,B738,SP-RND,C,06:18,208
03-Apr-26,06:05,LH983,Frankfurt (FRA),FRA,Lufthansa,A321,D-AIRN,C,06:21,119
03-Apr-26,06:10,FR7020,Santorini (JTR),JTR,Ryanair,B38M,EI-ILC,C,06:39,203
03-Apr-26,06:15,EI450,Naples (NAP),NAP,Aer Lingus,A320,EI-EDS,C,06:26,406
03-Apr-26,06:15,EI602,Amsterdam (AMS),AMS,Aer Lingus,A320,EI-DEH,C,06:43,412
03-Apr-26,06:15,FR943,Palma de Mallorca (PMI),PMI,Ryanair,B38M,EI-IJD,C,06:51,207
03-Apr-26,06:20,EI402,Rome (FCO),FCO,Aer Lingus,A320,EI-DVK,C,06:28,412
03-Apr-26,06:20,EI592,Madrid (MAD),MAD,Aer Lingus,A320,EI-DVN,C,06:34,411
03-Apr-26,06:20,FR1992,La Rochelle (LRH),LRH,Ryanair,B738,9H-QCJ,C,07:34,208
03-Apr-26,06:20,FR2192,Zagreb (ZAG),ZAG,Ryanair,B738,9H-QAD,C,06:32,201
03-Apr-26,06:25,EI3400,Donegal (CFN),CFN,Aer Lingus Regional,AT76,EI-HPJ,B,06:40,418
03-Apr-26,06:30,EI152,London (LHR),LHR,Aer Lingus,A20N,EI-NSB,C,06:45,403
03-Apr-26,06:30,EI262,Birmingham (BHX),BHX,Aer Lingus,A320,EI-DEM,C,06:42,413
03-Apr-26,06:30,EI202,Manchester (MAN),MAN,Aer Lingus,A320,EI-DEJ,C,06:54,416
03-Apr-26,06:30,FR30,London (STN),STN,Ryanair,B738,SP-RKH,C,06:52,208
03-Apr-26,06:35,EI3350,Newcastle (NCL),NCL,Aer Lingus Regional,AT76,EI-HPK,B,06:35,421
03-Apr-26,06:35,FR657,Brussels (BRU),BRU,Ryanair,B738,9H-QDR,C,06:47,202
03-Apr-26,06:35,FR5568,Rome (FCO),FCO,Ryanair,B738,SP-RSQ,C,06:49,206
03-Apr-26,06:35,,Newcastle (NCL),NCL,Aer Lingus Regional,AT76,EI-HPK,B,06:56,418
03-Apr-26,06:40,EI332,Berlin (BER),BER,Aer Lingus,A320,EI-DVH,C,06:55,409
03-Apr-26,06:40,EI562,Barcelona (BCN),BCN,Aer Lingus,A20N,EI-NSD,C,07:00,405
03-Apr-26,06:40,EA3250,Edinburgh (EDI),EDI,Aer Lingus Regional,AT76,EI-FAT,B,06:58,421
03-Apr-26,06:40,EI3280,Bristol (BRS),BRS,Aer Lingus Regional,AT76,EI-GPN,B,07:01,417
03-Apr-26,06:45,EI520,Paris (CDG),CDG,Aer Lingus,A21N,EI-LRA,C,07:22,405
03-Apr-26,06:45,FR660,Birmingham (BHX),BHX,Ryanair,B38M,EI-ILJ,C,07:18,201
03-Apr-26,06:45,FR7030,Faro (FAO),FAO,Ryanair,B738,EI-EVJ,C,07:06,209
03-Apr-26,06:50,EI630,Brussels (BRU),BRU,Aer Lingus,A320,EI-DEP,C,07:05,403
03-Apr-26,06:50,EI692,Dusseldorf (DUS),DUS,Aer Lingus,A320,EI-DER,C,07:11,409
03-Apr-26,06:50,FR112,London (LGW),LGW,Ryanair,B38M,EI-HET,C,07:21,205
03-Apr-26,06:50,FR420,Amsterdam (AMS),AMS,Ryanair,B738,EI-DPP,C,07:16,206
03-Apr-26,06:50,FR1976,Riga (RIX),RIX,Ryanair,B738,EI-DLV,C,07:08,208
03-Apr-26,06:55,FR6875,Barcelona (BCN),BCN,Ryanair,B38M,EI-HMW,C,07:10,207
03-Apr-26,07:00,EI432,Milan (LIN),LIN,Aer Lingus,A320,EI-DEK,C,07:35,415
03-Apr-26,07:00,EI502,Bordeaux (BOD),BOD,Aer Lingus,A20N,EI-NSE,C,07:26,404
03-Apr-26,07:00,EI650,Frankfurt (FRA),FRA,Aer Lingus,A320,EI-DVG,C,07:19,411
03-Apr-26,07:00,EA3300,Southampton (SOU),SOU,Aer Lingus Regional,AT76,EI-GZV,B,07:13,420
03-Apr-26,07:00,FR504,Bristol (BRS),BRS,Ryanair,B38M,EI-IFW,C,07:23,202
03-Apr-26,07:00,FR7152,Santander (SDR),SDR,Ryanair,B38M,9H-VUZ,C,07:25,208
03-Apr-26,07:10,EI342,Zurich (ZRH),ZRH,Aer Lingus,A320,EI-DVI,C,07:28,403
03-Apr-26,07:10,EI660,Vienna (VIE),VIE,Aer Lingus,A320,EI-DVE,C,07:29,404
03-Apr-26,07:10,EI3390,Leeds (LBA),LBA,Aer Lingus Regional,AT76,EI-GPO,B,07:31,419
03-Apr-26,07:15,EI352,Munich (MUC),MUC,Aer Lingus,A21N,EI-LRG,C,07:37,412
03-Apr-26,07:15,EI762,Tenerife (TFS),TFS,Aer Lingus,A320,EI-EDP,C,07:38,412
03-Apr-26,07:20,EI580,Malaga (AGP),AGP,Aer Lingus,A333,EI-DUZ,E,07:56,409
03-Apr-26,07:20,EI780,Gran Canaria (LPA),LPA,Aer Lingus,A320,EI-GAM,C,08:01,405
03-Apr-26,07:20,EI3242,Aberdeen (ABZ),ABZ,Aer Lingus Regional,AT76,EI-HNA,B,07:15,421
03-Apr-26,07:20,,Aberdeen (ABZ),ABZ,Aer Lingus Regional,AT76,EI-HNA,B,07:40,418
03-Apr-26,07:25,EI642,Prague (PRG),PRG,Aer Lingus,A320,EI-DEI,C,07:43,416
03-Apr-26,07:25,FR442,Liverpool (LPL),LPL,Ryanair,B738,9H-QDW,C,07:44,205
03-Apr-26,07:30,EI154,London (LHR),LHR,Aer Lingus,A20N,EI-NSG,C,07:45,413
03-Apr-26,07:30,EI492,Faro (FAO),FAO,Aer Lingus,A21N,EI-LRC,C,07:49,416
03-Apr-26,07:30,EI776,Lanzarote (ACE),ACE,Aer Lingus (Retro livery),A320,EI-DVM,C,07:55,405
03-Apr-26,07:30,EI3320,Manchester (MAN),MAN,Aer Lingus,AT7,,B,07:30,403
03-Apr-26,07:30,,Manchester (MAN),MAN,Aer Lingus Regional,AT76,EI-GPP,B,07:50,418
03-Apr-26,07:40,EI422,Venice (VCE),VCE,Aer Lingus,A320,EI-GAL,C,08:04,407
03-Apr-26,07:40,EI672,Budapest (BUD),BUD,Aer Lingus,A320,EI-FNJ,C,07:53,408
03-Apr-26,07:40,FR562,Manchester (MAN),MAN,Ryanair,B38M,EI-HEY,C,08:06,104
03-Apr-26,07:40,FR632,Copenhagen (CPH),CPH,Ryanair,B38M,EI-IHX,C,08:07,209
03-Apr-26,07:50,EA3550,Edinburgh (EDI),EDI,Aer Lingus Regional,AT76,EI-HDK,B,07:59,417
03-Apr-26,07:55,FR22,Paris (BVA),BVA,Ryanair,B38M,EI-IGO,C,08:15,205
03-Apr-26,07:55,FR114,London (LGW),LGW,Ryanair,B738,SP-RKM,C,08:28,201
03-Apr-26,07:55,FR162,Rabat (RBA),RBA,Ryanair,B738,EI-EKS,C,08:03,208
03-Apr-26,08:00,FR495,Madrid (MAD),MAD,Ryanair,B738,9H-QAW,C,08:16,206
03-Apr-26,08:10,FR261,Alicante (ALC),ALC,Ryanair,B38M,EI-IKA,C,08:26,208
03-Apr-26,08:10,FR7139,Vilnius (VNO),VNO,Ryanair,B738,SP-RNO,C,08:21,207
03-Apr-26,08:15,FR332,London (LTN),LTN,Ryanair,B738,9H-QDK,C,08:12,201
03-Apr-26,08:15,FR7002,Girona (GRO),GRO,Ryanair,B738,EI-ENO,C,08:32,211
03-Apr-26,08:15,FR7440,Gdansk (GDN),GDN,Ryanair,B738,SP-RNS,C,09:08,206
03-Apr-26,08:25,FR7354,Chania (CHQ),CHQ,Ryanair,B738,9H-QAR,C,08:29,208
03-Apr-26,08:30,FR272,London (STN),STN,Ryanair,B738,EI-EMO,C,08:40,103
03-Apr-26,08:30,FR9428,Milan (BGY),BGY,Ryanair,B38M,EI-IKI,C,08:54,208
03-Apr-26,08:30,AA9602,Dallas (DFW),DFW,American Airlines,B788,N882BL,E,14:20,417
03-Apr-26,08:35,BA825,London (LHR),LHR,British Airways,A21N,G-NEOR,C,08:45,423
03-Apr-26,08:35,FR3880,Dubrovnik (DBV),DBV,Ryanair,B38M,SP-RZX,C,08:43,207
03-Apr-26,08:40,EI156,London (LHR),LHR,Aer Lingus,A20N,EI-NSH,C,08:51,415
03-Apr-26,08:40,LX403,Zurich (ZRH),ZRH,airBaltic,BCS3,YL-CSD,C,09:40,115
03-Apr-26,08:40,BY1556,Tenerife (TFS),TFS,TUI,B738,G-FDZZ,C,09:13,109
03-Apr-26,08:45,FR1023,Budapest (BUD),BUD,Buzz,B38M,SP-RZF,C,09:01,202
03-Apr-26,08:45,LH977,Frankfurt (FRA),FRA,Lufthansa,A320,D-AIZE,C,09:16,116
03-Apr-26,08:45,TK6513,Copenhagen (CPH),CPH,Turkish Cargo,A332,TC-JDP,E,09:47,R205
03-Apr-26,08:50,UA311,Washington (IAD),IAD,United Airlines,B752,N19117,D,09:03,419
03-Apr-26,08:55,KL1136,Amsterdam (AMS),AMS,KLM,E190,PH-EZP,C,09:19,118
03-Apr-26,09:00,FR534,Nottingham (EMA),EMA,Ryanair,B38M,EI-HGE,C,09:14,201
03-Apr-26,09:00,TO7901,Paris (ORY),ORY,Transavia,B738,F-GZHA,C,09:33,115
03-Apr-26,09:00,VJT418,Paris (LBG),LBG,VistaJet,CL35,9H-VCL,C,09:18,R109
03-Apr-26,09:05,FR611,Kerry (KIR),KIR,Ryanair,B738,SP-RND,C,09:27,206
03-Apr-26,09:05,FR7032,Faro (FAO),FAO,Ryanair,B738,SP-RKD,C,09:10,206
03-Apr-26,09:10,FR313,Stockholm (ARN),ARN,Ryanair,B38M,EI-HGY,C,09:21,210
03-Apr-26,09:15,AF1617,Paris (CDG),CDG,Air France,BCS3,F-HZUC,C,09:22,115
03-Apr-26,09:25,EA3554,Edinburgh (EDI),EDI,Aer Lingus Regional,AT76,EI-HPJ,B,09:31,421
03-Apr-26,09:25,FR7044,Malaga (AGP),AGP,Ryanair,B38M,9H-VVD,C,10:18,208
03-Apr-26,09:30,AA133,Dallas (DFW),DFW,American Airlines,B788,N880BJ,E,09:42,416
03-Apr-26,09:30,UA22,New York (EWR),EWR,United Airlines,B772,N799UA,E,10:10,418
03-Apr-26,09:35,FR1111,London (LGW),LGW,Ryanair,B738,SP-RSM,C,09:29,203
03-Apr-26,09:40,AY1382,Helsinki (HEL),HEL,Finnair,A319,OH-LVH,C,09:54,407
03-Apr-26,09:40,EI158,London (LHR),LHR,Aer Lingus,A20N,EI-NSA,C,09:56,410
03-Apr-26,09:45,EI204,Manchester (MAN),MAN,Aer Lingus,A21N,EI-XLU,C,09:52,408
03-Apr-26,09:45,EI524,Paris (CDG),CDG,Aer Lingus,A21N,EI-LRE,C,10:05,414
03-Apr-26,09:50,AC801,Toronto (YYZ),YYZ,Air Canada,B789,C-FVLU,E,10:01,413
03-Apr-26,09:50,IB1882,Madrid (MAD),MAD,Iberia Express,A320,EC-LUS,C,10:16,112
03-Apr-26,09:55,EI532,Toulouse (TLS),TLS,Aer Lingus,A320,EI-DEJ,C,10:21,408
03-Apr-26,09:55,EI604,Amsterdam (AMS),AMS,Aer Lingus,A21N,EI-XLW,C,10:14,406
03-Apr-26,09:55,FR5164,Bristol (BRS),BRS,Ryanair,B738,EI-DWW,C,09:59,206
03-Apr-26,10:00,DL259,Minneapolis (MSP),MSP,Delta Air Lines,A339,N405DX,E,10:03,404
03-Apr-26,10:00,EI392,Hamburg (HAM),HAM,Aer Lingus,A320,EI-DEM,C,10:13,412
03-Apr-26,10:00,VY8721,Barcelona (BCN),BCN,Vueling,A320,EC-MEA,C,10:23,110
03-Apr-26,10:00,,Marrakesh (RAK),RAK,NetJets,C68A,CS-LUC,C,10:26,R110
03-Apr-26,10:05,FR5021,Pisa (PSA),PSA,Ryanair,B38M,9H-VUS,C,10:38,208
03-Apr-26,10:20,EA3222,Glasgow (GLA),GLA,Aer Lingus Regional,AT76,EI-GPO,B,10:46,421
03-Apr-26,10:20,EI3322,Manchester (MAN),MAN,Aer Lingus,AT7,,B,10:37,416
03-Apr-26,10:20,,Manchester (MAN),MAN,Aer Lingus Regional,AT76,EI-FAT,B,10:43,418
03-Apr-26,10:25,FR5079,Tarbes (LDE),LDE,Ryanair,B738,SP-RKH,C,10:58,203
03-Apr-26,10:30,BA827,London (LHR),LHR,British Airways,A320,G-EUUH,C,10:40,424
03-Apr-26,10:30,EI404,Rome (FCO),FCO,Aer Lingus,A320,EI-DEL,C,10:49,407
03-Apr-26,10:30,EI3264,Birmingham (BHX),BHX,Aer Lingus,AT7,,B,10:51,416
03-Apr-26,10:30,,Birmingham (BHX),BHX,Aer Lingus Regional,AT76,EI-HPK,B,10:59,418
03-Apr-26,10:35,FR1716,Corfu (CFU),CFU,Ryanair,B738,EI-DPN,C,10:36,208
03-Apr-26,10:40,FR812,Edinburgh (EDI),EDI,Ryanair,B738,EI-DPP,C,12:02,209
03-Apr-26,10:40,FR3006,Amsterdam (AMS),AMS,Ryanair,B738,9H-QDR,C,12:09,207
03-Apr-26,10:40,LH2517,Munich (MUC),MUC,Lufthansa,A321,D-AIDX,C,11:09,117
03-Apr-26,10:40,TK1976,Istanbul (IST),IST,Turkish Airlines,A21N,TC-LSE,C,11:07,114
03-Apr-26,10:45,TP1323,Lisbon (LIS),LIS,TAP Express,E190,CS-TPW,C,10:50,112
03-Apr-26,10:50,FR98,Wroclaw (WRO),WRO,Ryanair,B38M,EI-HET,C,11:38,205
03-Apr-26,10:50,FR9177,Ibiza (IBZ),IBZ,Ryanair,B38M,EI-IFW,C,10:53,210
03-Apr-26,10:50,FR9689,Kaunas (KUN),KUN,Ryanair,B38M,SP-RZU,C,11:13,207
03-Apr-26,11:00,DL177,Atlanta (ATL),ATL,Delta Air Lines,B764,N827MH,D,11:05,403
03-Apr-26,11:00,EI544,Nice (NCE),NCE,Aer Lingus,A320,EI-DEH,C,11:18,410
03-Apr-26,11:10,EI105,New York (JFK),JFK,Aer Lingus,A333,EI-EIL,E,11:23,415
03-Apr-26,11:10,EI162,London (LHR),LHR,Aer Lingus,A20N,EI-NSB,C,11:25,409
03-Apr-26,11:10,FR337,London (LTN),LTN,Ryanair,B738,SP-RKV,C,11:11,206
03-Apr-26,11:10,KL1138,Amsterdam (AMS),AMS,KLM,B738,PH-BCE,C,11:27,118
03-Apr-26,11:10,SK4604,Oslo (OSL),OSL,SAS,A20N,SE-RUA,C,11:39,117
03-Apr-26,11:15,BA4465,London (LCY),LCY,British Airways,E190,G-LCAB,C,11:28,424
03-Apr-26,11:15,FR662,Birmingham (BHX),BHX,Ryanair,B738,9H-QCJ,C,,210
03-Apr-26,11:20,EI3266,Birmingham (BHX),BHX,Aer Lingus,AT7,,B,11:32,409
03-Apr-26,11:20,,Birmingham (BHX),BHX,Aer Lingus Regional,AT76,EI-HDK,B,11:41,418
03-Apr-26,11:25,FR116,London (LGW),LGW,Ryanair,B38M,EI-IHY,C,11:51,209
03-Apr-26,11:25,FR202,London (STN),STN,Ryanair,B38M,EI-HMX,C,12:28,201
03-Apr-26,11:30,EI3192,Liverpool (LPL),LPL,Aer Lingus Regional,AT76,EI-HNA,B,11:46,422
03-Apr-26,11:30,EA3226,Glasgow (GLA),GLA,Aer Lingus Regional,AT76,EI-GZV,B,11:43,421
03-Apr-26,11:35,EI123,Chicago (ORD),ORD,Aer Lingus,A333,EI-FNG,E,11:49,411
03-Apr-26,11:35,UA981,Chicago (ORD),ORD,United Airlines,B788,N26906,E,12:47,418
03-Apr-26,11:40,EI3254,Edinburgh (EDI),EDI,Aer Lingus Regional,AT76,EI-GPP,B,11:53,422
03-Apr-26,11:40,SK536,Stockholm (ARN),ARN,SAS,A20N,EI-SIP,C,11:56,116
03-Apr-26,11:45,AA725,Charlotte (CLT),CLT,American Airlines,B772,N785AN,E,12:07,417
03-Apr-26,11:50,FR1556,Manchester (MAN),MAN,Ryanair,B738,9H-QBZ,C,12:01,208
03-Apr-26,11:50,,Verona (VRN),VRN,Aer Lingus,A320,EI-DEP,C,12:14,415
03-Apr-26,11:55,,Birmingham (BHX),BHX,Ryanair,B738,9H-QCJ,C,12:19,208
03-Apr-26,11:55,FR1740,Valencia (VLC),VLC,Ryanair,B738,SP-RKM,C,12:24,210
03-Apr-26,12:00,EI164,London (LHR),LHR,Aer Lingus,A20N,EI-NSG,C,12:12,410
03-Apr-26,12:00,FR16,Newcastle (NCL),NCL,Ryanair,B738,EI-EVS,C,12:20,206
03-Apr-26,12:10,FR9589,Cluj-Napoca (CLJ),CLJ,Ryanair,B738,SP-RND,C,12:26,210
03-Apr-26,12:15,FI417,Reykjavik (KEF),KEF,Icelandair,B39M,TF-ICD,C,12:40,113
03-Apr-26,12:15,FR10,Madrid (MAD),MAD,Ryanair,B738,9H-QCA,C,12:15,209
03-Apr-26,12:20,LM52,Aberdeen (ABZ),ABZ,Loganair,E145,G-SAJC,C,12:45,418
03-Apr-26,12:25,FR4038,Milan (BGY),BGY,Ryanair,B38M,9H-VUZ,C,13:01,210
03-Apr-26,12:25,LH979,Frankfurt (FRA),FRA,Lufthansa,A321,D-AIRN,C,12:45,117
03-Apr-26,12:30,EI160,London (LHR),LHR,Aer Lingus,A20N,EI-NSE,C,12:37,407
03-Apr-26,12:30,UA229,Washington (IAD),IAD,United Airlines,B752,N29129,D,12:35,418
03-Apr-26,12:35,EI117,Washington (IAD),IAD,Aer Lingus,A21N,EI-LRF,C,12:35,408
03-Apr-26,12:35,FR552,Manchester (MAN),MAN,Ryanair,B738,SP-RNP,C,12:41,207
03-Apr-26,12:40,AA723,Philadelphia (PHL),PHL,American Airlines,B788,N808AN,E,12:42,416
03-Apr-26,12:40,FR118,London (LGW),LGW,Ryanair,B38M,EI-HMS,C,12:40,204
03-Apr-26,12:40,SK538,Copenhagen (CPH),CPH,SAS,A20N,EI-SIJ,C,12:41,117
03-Apr-26,12:45,EI208,Manchester (MAN),MAN,Aer Lingus,A320,EI-DER,C,12:45,411
03-Apr-26,12:50,BA829,London (LHR),LHR,British Airways,A320,G-EUUZ,C,12:50,423
03-Apr-26,12:50,EI61,San Francisco (SFO),SFO,Aer Lingus,A333,EI-EIM,E,13:10,414
03-Apr-26,12:50,EI552,Lyon (LYS),LYS,Aer Lingus,A320,EI-DVH,C,12:50,405
03-Apr-26,13:00,EI526,Paris (CDG),CDG,Aer Lingus,A320,EI-DVN,C,13:00,404
03-Apr-26,13:00,EI684,Geneva (GVA),GVA,Aer Lingus,A320,EI-DVG,C,13:00,409
03-Apr-26,13:00,FR506,Bristol (BRS),BRS,Ryanair,B38M,EI-IHM,C,13:00,207
03-Apr-26,13:00,LX401,Zurich (ZRH),ZRH,Swiss,A20N,HB-JDF,C,13:20,118
03-Apr-26,13:15,DL45,New York (JFK),JFK,Delta Air Lines,B763,N1603,D,13:15,404
03-Apr-26,13:15,EI101,New York (EWR),EWR,Aer Lingus,A21N,EI-LRA,C,13:35,411
03-Apr-26,13:15,FR288,London (STN),STN,Ryanair,B738,9H-QCS,C,13:15,204
03-Apr-26,13:20,EI127,Toronto (YYZ),YYZ,Aer Lingus,A333,EI-EDY,E,13:20,406
03-Apr-26,13:25,KL1140,Amsterdam (AMS),AMS,KLM,B737,PH-BGG,C,13:45,118
03-Apr-26,13:30,EI166,London (LHR),LHR,Aer Lingus,A20N,EI-NSD,C,13:30,410
03-Apr-26,13:30,EI742,Santiago de Compostela (SCQ),SCQ,Aer Lingus,A320,EI-DEK,C,13:30,405
03-Apr-26,13:30,FR2218,Manchester (MAN),MAN,Ryanair,B738,9H-QAD,C,13:30,207
03-Apr-26,13:30,FR7054,Malaga (AGP),AGP,Ryanair,B38M,9H-VVH,C,13:30,203
03-Apr-26,13:30,,Malaga (AGP),AGP,NetJets,GLEX,CS-GLJ,C,13:50,R110
03-Apr-26,13:35,EI608,Amsterdam (AMS),AMS,Aer Lingus,A320,EI-DVI,C,13:35,413
03-Apr-26,13:35,UA316,New York (EWR),EWR,United Airlines,B752,N17104,D,13:35,419
03-Apr-26,13:40,FR664,Birmingham (BHX),BHX,Ryanair,B738,9H-QBS,C,13:40,202
03-Apr-26,13:45,EI3256,Edinburgh (EDI),EDI,Aer Lingus,AT7,,B,13:45,403
03-Apr-26,13:45,FR446,Liverpool (LPL),LPL,Ryanair,B738,9H-QCT,C,13:45,201
03-Apr-26,13:45,,Edinburgh (EDI),EDI,Aer Lingus Regional,AT76,EI-HPJ,B,14:05,418
03-Apr-26,13:50,EI121,Orlando (MCO),MCO,Aer Lingus,A333,EI-GCF,E,13:50,410
03-Apr-26,13:50,EI147,Bridgetown (BGI),BGI,Aer Lingus,A21N,EI-XLR,C,14:10,409
03-Apr-26,13:55,FR4784,Newquay (NQY),NQY,Ryanair,B738,SP-RSQ,C,14:40,204
03-Apr-26,13:55,FR5125,Hamburg (HAM),HAM,Ryanair,B38M,EI-IJD,C,13:55,210
03-Apr-26,13:55,FR5151,Glasgow (GLA),GLA,Ryanair,B738,EI-DLV,C,13:55,202
03-Apr-26,14:00,FR814,Edinburgh (EDI),EDI,Ryanair,B738,EI-EVJ,C,14:00,205
03-Apr-26,14:05,EI3224,Glasgow (GLA),GLA,Aer Lingus,AT7,,B,14:05,407
03-Apr-26,14:05,EI3330,Exeter (EXT),EXT,Aer Lingus,AT7,,B,14:05,410
03-Apr-26,14:05,FR5405,Murcia (RMU),RMU,Ryanair,B38M,EI-HMW,C,14:25,206
03-Apr-26,14:05,PC1158,Istanbul (SAW),SAW,Pegasus,A21N,TC-RDB,C,14:25,113
03-Apr-26,14:05,,Glasgow (GLA),GLA,Aer Lingus Regional,AT76,EI-GPO,B,14:25,418
03-Apr-26,14:05,,Exeter (EXT),EXT,Aer Lingus Regional,AT76,EI-FAT,B,14:25,418
03-Apr-26,14:10,EI131,Windsor Locks (BDL),BDL,Aer Lingus,A21N,EI-LRD,C,14:30,403
03-Apr-26,14:15,EI143,Cancun (CUN),CUN,Aer Lingus,A333,EI-FNH,E,14:35,407
03-Apr-26,14:15,EI584,Malaga (AGP),AGP,Aer Lingus,A320,EI-DVK,C,14:15,404
03-Apr-26,14:20,EI3392,Leeds (LBA),LBA,Aer Lingus,AT7,,B,14:20,414
03-Apr-26,14:20,EK162,Dubai (DXB),DXB,Emirates,B77W,A6-ENX,C,14:20,415
03-Apr-26,14:20,,Leeds (LBA),LBA,Aer Lingus Regional,AT76,EI-GPN,B,14:40,418
03-Apr-26,14:25,D83607,Copenhagen (CPH),CPH,Norwegian,B738,SE-RPI,C,14:25,110
03-Apr-26,14:25,EI89,Minneapolis (MSP),MSP,Aer Lingus,A21N,EI-XLV,C,14:45,404
03-Apr-26,14:25,EI748,Bilbao (BIO),BIO,Aer Lingus,A320,EI-DEI,C,14:45,415
03-Apr-26,14:25,FR7034,Faro (FAO),FAO,Ryanair,B738,SP-RSM,C,14:25,205
03-Apr-26,14:30,EI168,London (LHR),LHR,Aer Lingus,A20N,EI-NSA,C,14:30,409
03-Apr-26,14:40,EI3286,Bristol (BRS),BRS,Aer Lingus,AT7,,B,14:40,411
03-Apr-26,14:40,,Bristol (BRS),BRS,Aer Lingus Regional,AT76,EI-HPK,B,15:00,418
03-Apr-26,14:50,EI83,Indianapolis (IND),IND,Aer Lingus,A21N,EI-XLU,C,15:10,408
03-Apr-26,14:50,EW9395,Dusseldorf (DUS),DUS,Eurowings,A321,D-AIDV,C,14:50,117
03-Apr-26,14:50,LG4884,Luxembourg (LUX),LUX,Luxair,B737,LX-LBR,C,14:50,114
03-Apr-26,14:55,FR554,Manchester (MAN),MAN,Ryanair,B738,EI-DPP,C,15:15,205
03-Apr-26,14:55,FR3100,Amsterdam (AMS),AMS,Ryanair,B738,EI-ENR,C,15:15,201
03-Apr-26,15:00,DL155,Boston (BOS),BOS,Delta Air Lines,B763,N189DN,D,15:00,403
03-Apr-26,15:00,EI764,Tenerife (TFS),TFS,Aer Lingus,A320,EI-DVE,C,15:00,403
03-Apr-26,15:00,EI778,Lanzarote (ACE),ACE,Aer Lingus,A320,EI-GAL,C,15:00,415
03-Apr-26,15:05,FR96,Prague (PRG),PRG,Ryanair,B738,SP-RSF,C,15:25,105
03-Apr-26,15:10,EI3304,Southampton (SOU),SOU,Aer Lingus,AT7,,B,15:10,413
03-Apr-26,15:10,,Southampton (SOU),SOU,Aer Lingus Regional,AT76,EI-HDK,B,15:30,418
03-Apr-26,15:15,FR156,Leeds (LBA),LBA,Ryanair,B38M,9H-VVL,C,15:15,210
03-Apr-26,15:20,BA831,London (LHR),LHR,British Airways,A320,G-EUUE,C,15:20,425
03-Apr-26,15:20,FR9611,Rome (FCO),FCO,Ryanair,B38M,EI-HMX,C,15:20,210
03-Apr-26,15:25,EI53,Seattle (SEA),SEA,Aer Lingus,A332,EI-DUO,E,15:45,411
03-Apr-26,15:25,EI69,Los Angeles (LAX),LAX,Aer Lingus,A333,,E,15:25,405
03-Apr-26,15:25,EI756,Seville (SVQ),SVQ,Aer Lingus,A320,EI-EDS,C,15:45,413
03-Apr-26,15:30,EI3228,Glasgow (GLA),GLA,Aer Lingus,AT7,,B,15:30,406
03-Apr-26,15:30,FR24,Paris (BVA),BVA,Ryanair,B38M,EI-IJZ,C,15:30,203
03-Apr-26,15:30,FR340,London (LTN),LTN,Ryanair,B38M,EI-IHC,C,15:30,205
03-Apr-26,15:30,FR436,Liverpool (LPL),LPL,Ryanair,B738,SP-RKV,C,15:30,201
03-Apr-26,15:30,,Glasgow (GLA),GLA,Aer Lingus Regional,AT76,EI-HNA,B,15:50,418
03-Apr-26,15:35,FR120,London (LGW),LGW,Ryanair,B38M,9H-VUQ,C,15:35,204
03-Apr-26,15:35,FR7124,Lanzarote (ACE),ACE,Ryanair,B38M,EI-HEN,C,15:55,202
03-Apr-26,15:35,FR7762,Alicante (ALC),ALC,Ryanair,B38M,EI-IKI,C,15:55,205
03-Apr-26,15:40,EI87,Cleveland (CLE),CLE,Aer Lingus,A21N,EI-LRG,C,16:00,407
03-Apr-26,15:45,EI406,Rome (FCO),FCO,Aer Lingus,A320,EI-DEM,C,16:05,409
03-Apr-26,15:50,EI3216,Isle of Man (IOM),IOM,Aer Lingus,AT7,,B,15:50,414
03-Apr-26,15:50,EI3326,Manchester (MAN),MAN,Aer Lingus,AT7,,B,15:50,407
03-Apr-26,15:50,FR7378,Marrakesh (RAK),RAK,Ryanair,B738,SP-RNP,C,16:10,208
03-Apr-26,15:50,,Manchester (MAN),MAN,Aer Lingus Regional,AT76,EI-GZV,B,16:10,418
03-Apr-26,15:50,,Isle of Man (IOM),IOM,Aer Lingus Regional,AT76,EI-GPP,B,16:10,418
03-Apr-26,15:55,BA4467,London (LCY),LCY,British Airways,E190,G-LCYN,C,15:55,423
03-Apr-26,15:55,EI172,London (LHR),LHR,Aer Lingus,A20N,EI-NSB,C,16:15,415
03-Apr-26,15:55,FR6525,Olbia (OLB),OLB,Ryanair,B738,9H-QCJ,C,16:15,201
03-Apr-26,16:10,EI586,Malaga (AGP),AGP,Aer Lingus,A320,EI-FNJ,C,16:10,416
03-Apr-26,16:10,FR5194,Bucharest (OTP),OTP,Ryanair,B38M,EI-IHY,C,16:10,209
03-Apr-26,16:15,FR204,London (STN),STN,Ryanair,B738,9H-QBS,C,16:15,205
03-Apr-26,16:15,FR1456,Brussels (BRU),BRU,Ryanair,B738,9H-QDR,C,16:15,208
03-Apr-26,16:20,AF1817,Paris (CDG),CDG,Air France,BCS3,F-HPNY,C,16:40,114
03-Apr-26,16:20,EI496,Faro (FAO),FAO,Aer Lingus,A320,EI-DEJ,C,16:40,416
03-Apr-26,16:25,EI119,Washington (IAD),IAD,Aer Lingus,A21N,EI-XLW,C,16:45,409
03-Apr-26,16:25,EI356,Munich (MUC),MUC,Aer Lingus,A20N,EI-NSG,C,16:25,415
03-Apr-26,16:40,FR666,Birmingham (BHX),BHX,Ryanair,B738,SP-RKD,C,16:40,206
03-Apr-26,16:40,FR5306,Kerry (KIR),KIR,Ryanair,B38M,EI-HGP,C,16:40,203
03-Apr-26,16:40,FR7235,Malta (MLA),MLA,Ryanair,B38M,EI-IHM,C,16:40,208
