date,sta,flight_no,origin,origin_code,airline_name,aircraft_type,tail_reg,icao_cat,cbp_flag,actual_landing,gate
31-Mar-26,08:00,FR2972,Kaunas (KUN),KUN,Ryanair,B38M,SP-RZU,C,FALSE,07:35,108
31-Mar-26,08:05,BA4460,London (LCY),LCY,British Airways,E190,G-LCYO,C,FALSE,07:40,423
31-Mar-26,08:05,LH976,Frankfurt (FRA),FRA,Lufthansa (Star Alliance Livery),A320,D-AIZH,C,FALSE,07:49,116
31-Mar-26,08:15,AC800,Toronto (YYZ),YYZ,Air Canada,B789,C-FGFZ,E,TRUE,07:59,413
31-Mar-26,08:15,EI86,Cleveland (CLE),CLE,Aer Lingus,A21N,EI-LRE,C,TRUE,07:52,401
31-Mar-26,08:15,EI88,Minneapolis (MSP),MSP,Aer Lingus,A21N,EI-XLR,C,TRUE,08:50,402
31-Mar-26,08:20,AF1616,Paris (CDG),CDG,Air France,BCS3,F-HPNZ,C,FALSE,08:06,115
31-Mar-26,08:20,KL1135,Amsterdam (AMS),AMS,KLM,E295,PH-NXG,C,FALSE,08:03,118
31-Mar-26,08:25,EI82,Indianapolis (IND),IND,Aer Lingus,A21N,EI-XLU,C,FALSE,08:27,403
31-Mar-26,08:25,EI136,Boston (BOS),BOS,Aer Lingus,A332,EI-DAA,E,TRUE,07:24,404
31-Mar-26,08:30,FR553,Manchester (MAN),MAN,Ryanair,B38M,EI-IHY,C,FALSE,08:15,207
31-Mar-26,08:45,DL176,Atlanta (ATL),ATL,Delta Air Lines,B764,N839MH,D,TRUE,08:23,403
31-Mar-26,08:50,EI106,New York (JFK),JFK,Aer Lingus,A21N,EI-XLW,C,TRUE,08:44,403
31-Mar-26,08:50,EA3401,Donegal (CFN),CFN,Aer Lingus Regional,AT76,EI-GZV,B,FALSE,08:37,421
31-Mar-26,08:55,EI118,Washington (IAD),IAD,Aer Lingus,A21N,EI-LRD,C,TRUE,08:19,415
31-Mar-26,08:55,AY1381,Helsinki (HEL),HEL,Finnair,E190,OH-LKI,C,FALSE,08:42,409
31-Mar-26,08:55,FR447,Liverpool (LPL),LPL,Ryanair,B738,EI-GSK,C,FALSE,08:38,203
31-Mar-26,09:00,EI151,London (LHR),LHR,Aer Lingus,A20N,EI-NSE,C,FALSE,08:40,403
31-Mar-26,09:05,IB1881,Madrid (MAD),MAD,Iberia Express,A320,EC-LVQ,C,FALSE,08:47,110
31-Mar-26,09:10,FR6186,Palma de Mallorca (PMI),PMI,Lauda Europe,A320,9H-LMC,C,FALSE,08:54,201
31-Mar-26,09:15,DL44,New York (JFK),JFK,Delta Air Lines,B763,N178DZ,D,TRUE,08:30,404
31-Mar-26,09:15,EI203,Manchester (MAN),MAN,Aer Lingus,A320,EI-DEJ,C,FALSE,09:19,408
31-Mar-26,09:15,FR7389,Lisbon (LIS),LIS,Ryanair,B38M,EI-IKK,C,FALSE,09:09,209
31-Mar-26,09:20,EI120,Orlando (MCO),MCO,Aer Lingus,A333,EI-EIM,E,TRUE,09:01,411
31-Mar-26,09:20,EI263,Birmingham (BHX),BHX,Aer Lingus,A320,EI-DEL,C,FALSE,09:37,416
31-Mar-26,09:20,FR275,Glasgow (GLA),GLA,Ryanair,B738,9H-QAD,C,FALSE,09:17,201
31-Mar-26,09:20,VY8720,Barcelona (BCN),BCN,Vueling,A320,EC-MJC,C,FALSE,09:03,111
31-Mar-26,09:25,FR505,Bristol (BRS),BRS,Ryanair,B738,9H-QCT,C,FALSE,09:28,207
31-Mar-26,09:35,AA724,Charlotte (CLT),CLT,American Airlines,B772,N756AM,E,TRUE,09:06,417
31-Mar-26,09:35,FR157,Leeds (LBA),LBA,Ryanair,B38M,EI-IFV,C,FALSE,09:24,202
31-Mar-26,09:35,FR661,Birmingham (BHX),BHX,Ryanair,B38M,EI-IFS,C,FALSE,09:21,206
31-Mar-26,09:35,TK1975,Istanbul (IST),IST,Turkish Airlines,A21N,TC-LTD,C,FALSE,09:12,114
31-Mar-26,09:40,BA826,London (LHR),LHR,British Airways,A320,G-EUYJ,C,FALSE,10:03,423
31-Mar-26,09:40,EI3281,Bristol (BRS),BRS,Aer Lingus Regional,AT76,EI-HPK,B,FALSE,,410
31-Mar-26,09:45,AA132,Dallas (DFW),DFW,American Airlines,B788,N874AN,E,TRUE,09:30,416
31-Mar-26,09:45,UA980,Chicago (ORD),ORD,United Airlines,B788,N20904,E,TRUE,09:15,418
31-Mar-26,09:50,EI401,Rome (FCO),FCO,Aer Lingus,320,,C,FALSE,,406
31-Mar-26,09:50,EA3251,Edinburgh (EDI),EDI,Aer Lingus Regional,AT76,EI-GPN,B,FALSE,09:35,421
31-Mar-26,09:50,EA3391,Leeds (LBA),LBA,Aer Lingus Regional,AT76,EI-FAT,B,FALSE,09:40,419
31-Mar-26,09:50,FR31,London (STN),STN,Ryanair,B738,EI-EKI,C,FALSE,09:33,208
31-Mar-26,09:55,LH2516,Munich (MUC),MUC,Lufthansa,A21N,D-AIEJ,C,FALSE,09:41,119
31-Mar-26,10:00,WS34,Toronto (YYZ),YYZ,WestJet,B38M,C-GCAM,C,TRUE,09:26,R101
31-Mar-26,10:00,EA3351,Newcastle (NCL),NCL,Aer Lingus Regional,AT76,EI-HPJ,B,FALSE,09:53,419
31-Mar-26,10:00,EY45,Abu Dhabi (AUH),AUH,Etihad Airways,B789,A6-BNA,E,FALSE,10:00,R101
31-Mar-26,10:00,FR1949,Luxembourg (LUX),LUX,Ryanair,B738,EI-GXK,C,FALSE,09:58,202
31-Mar-26,10:10,FR535,Nottingham (EMA),EMA,Ryanair,B738,9H-QBJ,C,FALSE,09:46,209
31-Mar-26,10:12,EG981,Manchester (MAN),MAN,Aer Lingus,A333,G-EILA,E,FALSE,10:12,415
31-Mar-26,10:15,EI153,London (LHR),LHR,Aer Lingus,A20N,EI-NSG,C,FALSE,09:51,416
31-Mar-26,10:15,FR113,London (LGW),LGW,Ryanair,B738,9H-QDI,C,FALSE,10:05,209
31-Mar-26,10:15,,Geneva (GVA),GVA,NetJets,C68A,CS-LUD,C,FALSE,10:31,R110
31-Mar-26,10:20,EA3321,Manchester (MAN),MAN,Aer Lingus Regional,AT76,EI-GPO,B,FALSE,10:28,419
31-Mar-26,10:25,FR555,Manchester (MAN),MAN,Ryanair,B38M,EI-HEZ,C,FALSE,10:08,202
31-Mar-26,10:25,FR1983,Biarritz (BIQ),BIQ,Ryanair,B738,EI-EVJ,C,FALSE,09:55,208
31-Mar-26,10:25,KL1137,Amsterdam (AMS),AMS,KLM,B738,PH-BXA,C,FALSE,10:18,119
31-Mar-26,10:35,EI124,Chicago (ORD),ORD,Aer Lingus,A333,EI-DUZ,E,TRUE,10:09,404
31-Mar-26,10:35,BA4462,London (LCY),LCY,British Airways,E190,G-LCYP,C,FALSE,10:22,425
31-Mar-26,10:40,UA228,Washington (IAD),IAD,United Airlines,B752,N19117,D,TRUE,10:24,418
31-Mar-26,10:45,DL154,Boston (BOS),BOS,Delta Air Lines,B763,N173DZ,D,TRUE,10:19,403
31-Mar-26,10:45,FR658,Brussels (BRU),BRU,Ryanair,B38M,EI-IHN,C,FALSE,10:59,203
31-Mar-26,10:55,EA3551,Edinburgh (EDI),EDI,Aer Lingus Regional,AT76,EI-HNA,B,FALSE,10:45,418
31-Mar-26,10:55,FR421,Amsterdam (AMS),AMS,Ryanair,B738,9H-QEK,C,FALSE,10:55,210
31-Mar-26,10:55,FR7033,Faro (FAO),FAO,Ryanair,B738,9H-QDL,C,FALSE,10:42,205
31-Mar-26,10:55,SK535,Stockholm (ARN),ARN,SAS,A20N,SE-ROE,C,FALSE,10:38,R101
31-Mar-26,11:00,EA3301,Southampton (SOU),SOU,Aer Lingus Regional,AT76,EI-HDK,B,FALSE,10:35,419
31-Mar-26,11:00,FR331,London (LTN),LTN,Ryanair,B738,EI-EBY,C,FALSE,10:33,204
31-Mar-26,11:00,GR686,Guernsey (GCI),GCI,Aurigny,AT76,G-OGFC,B,FALSE,10:39,R101
31-Mar-26,11:05,EI631,Brussels (BRU),BRU,Aer Lingus,A320,EI-GAL,C,FALSE,11:18,416
31-Mar-26,11:05,EW9394,Dusseldorf (DUS),DUS,Eurowings,A321,D-AIDO,C,FALSE,11:08,R101
31-Mar-26,11:05,FR115,London (LGW),LGW,Ryanair,B738,EI-DPP,C,FALSE,11:03,208
31-Mar-26,11:10,UA317,New York (EWR),EWR,United Airlines,B752,N14115,D,TRUE,10:14,419
31-Mar-26,11:10,FR3619,Turin (TRN),TRN,Ryanair,B738,SP-RKH,C,FALSE,11:06,204
31-Mar-26,11:15,EI521,Paris (CDG),CDG,Aer Lingus,A21N,EI-LRF,C,FALSE,10:57,410
31-Mar-26,11:15,FR4845,Milan (BGY),BGY,Ryanair,B38M,9H-VVJ,C,FALSE,11:15,203
31-Mar-26,11:20,EI155,London (LHR),LHR,Aer Lingus,A320,EI-FNJ,C,FALSE,11:11,411
31-Mar-26,11:20,FR612,Kerry (KIR),KIR,Ryanair,B738,EI-GJT,C,FALSE,10:53,204
31-Mar-26,11:25,EI693,Dusseldorf (DUS),DUS,Aer Lingus,A320,EI-DEM,C,FALSE,11:13,411
31-Mar-26,11:30,EI681,Geneva (GVA),GVA,Aer Lingus,A20N,EI-NSH,C,FALSE,11:27,413
31-Mar-26,11:30,XQ532,Antalya (AYT),AYT,SunExpress (Crystal Palace Livery),B38M,TC-SMF,C,FALSE,10:50,R101
31-Mar-26,11:40,EI108,New York (JFK),JFK,Aer Lingus,A21N,EI-XLV,C,TRUE,11:38,411
31-Mar-26,11:40,LH978,Frankfurt (FRA),FRA,Lufthansa,A20N,D-AIJD,C,FALSE,11:24,119
31-Mar-26,11:45,EI60,San Francisco (SFO),SFO,Aer Lingus,A333,EI-EIN,E,TRUE,12:48,406
31-Mar-26,11:50,SK537,Copenhagen (CPH),CPH,SAS,A20N,EI-SIB,C,FALSE,11:29,R101
31-Mar-26,12:00,BA828,London (LHR),LHR,British Airways,A21N,G-TNEE,C,FALSE,11:46,423
31-Mar-26,12:00,FR4284,Marseille (MRS),MRS,Ryanair,B738,SP-RSQ,C,FALSE,11:58,210
31-Mar-26,12:05,EI142,Cancun (CUN),CUN,Aer Lingus,A333,EI-FNH,E,FALSE,12:12,409
31-Mar-26,12:05,EI333,Berlin (BER),BER,Aer Lingus,A320,EI-GAM,C,FALSE,12:08,415
31-Mar-26,12:05,FR1739,Valencia (VLC),VLC,Ryanair,B738,EI-EGD,C,FALSE,12:10,209
31-Mar-26,12:05,WF372,Bergen (BGO),BGO,Wideroe,E290,LN-WEB,C,FALSE,11:41,R101
31-Mar-26,12:10,EI651,Frankfurt (FRA),FRA,Aer Lingus,A320,EI-DEI,C,FALSE,11:44,405
31-Mar-26,12:10,LX400,Zurich (ZRH),ZRH,Swiss,BCS3,HB-JCJ,C,FALSE,12:04,R101
31-Mar-26,12:15,EI52,Seattle (SEA),SEA,Aer Lingus,A332,EI-DUO,E,TRUE,11:32,404
31-Mar-26,12:15,FR6920,Barcelona (BCN),BCN,Ryanair,B738,SP-RKV,C,FALSE,12:38,202
31-Mar-26,12:16,,Glasgow (GLA),GLA,NetJets,C56X,G-NJAK,C,FALSE,12:00,R110
31-Mar-26,12:20,EI593,Madrid (MAD),MAD,Aer Lingus,A320,EI-DVG,C,FALSE,12:01,415
31-Mar-26,12:20,EW2774,Stuttgart (STR),STR,Eurowings,A319,D-AGWV,C,FALSE,12:25,R101
31-Mar-26,12:20,FR7137,Lisbon (LIS),LIS,Ryanair,B38M,9H-VVL,C,FALSE,12:16,105
31-Mar-26,12:20,EK161,Dubai (DXB),DXB,Emirates,B77W,A6-ENV,C,FALSE,12:20,R101
31-Mar-26,12:25,EA3555,Edinburgh (EDI),EDI,Aer Lingus Regional,AT76,EI-GZV,B,FALSE,12:06,421
31-Mar-26,12:25,FR3955,Nice (NCE),NCE,Ryanair,B38M,9H-VUZ,C,FALSE,12:29,201
31-Mar-26,12:30,FR817,Edinburgh (EDI),EDI,Ryanair,B38M,EI-ILH,C,FALSE,12:34,210
31-Mar-26,12:30,FR1924,Warsaw (WMI),WMI,Ryanair,B38M,EI-IJD,C,FALSE,12:18,202
31-Mar-26,12:35,FR438,Reus (REU),REU,Ryanair,B738,SP-RKD,C,FALSE,12:31,206
31-Mar-26,12:35,FR9457,Bologna (BLQ),BLQ,Ryanair,B738,9H-QCX,C,FALSE,12:23,210
31-Mar-26,12:40,KL1139,Amsterdam (AMS),AMS,KLM,E295,PH-NXW,C,FALSE,12:35,118
31-Mar-26,12:45,EI205,Manchester (MAN),MAN,Aer Lingus,A21N,EI-LRE,C,FALSE,12:32,415
31-Mar-26,12:50,EI343,Zurich (ZRH),ZRH,Aer Lingus,A320,EI-EDS,C,FALSE,12:27,408
31-Mar-26,12:50,EI563,Barcelona (BCN),BCN,Aer Lingus,A20N,EI-NSD,C,FALSE,12:42,411
31-Mar-26,12:55,EI433,Milan (LIN),LIN,Aer Lingus,A320,EI-DEP,C,FALSE,12:58,411
31-Mar-26,12:55,FR287,London (STN),STN,Ryanair,B738,SP-RKW,C,FALSE,12:39,209
31-Mar-26,13:00,FR25,Paris (BVA),BVA,Ryanair,B38M,EI-IJZ,C,FALSE,12:45,208
31-Mar-26,13:00,PC1157,Istanbul (SAW),SAW,Pegasus,A20N,TC-NBA,C,FALSE,12:44,R101
31-Mar-26,13:05,EI353,Munich (MUC),MUC,Aer Lingus,A320,EI-DVH,C,FALSE,13:00,413
31-Mar-26,13:05,FR663,Birmingham (BHX),BHX,Ryanair,B738,EI-GXK,C,FALSE,13:07,206
31-Mar-26,13:15,EA3223,Glasgow (GLA),GLA,Aer Lingus Regional,AT76,EI-HPK,B,FALSE,14:41,419
31-Mar-26,13:15,EI3323,Manchester (MAN),MAN,Aer Lingus Regional,AT76,EI-FAT,B,FALSE,12:52,420
31-Mar-26,13:15,FI418,Reykjavik (KEF),KEF,Icelandair,B39M,TF-ICA,C,FALSE,13:14,R101
31-Mar-26,13:20,FR1112,London (LGW),LGW,Ryanair,B738,9H-QAD,C,FALSE,12:55,205
31-Mar-26,13:20,MS775,Cairo (CAI),CAI,Egyptair (90 Years Sticker),A20N,SU-GFO,C,FALSE,13:12,R101
31-Mar-26,13:22,,Cork (ORK),ORK,Aer Lingus,A320,EI-DVN,C,FALSE,13:05,415
31-Mar-26,13:25,EI643,Prague (PRG),PRG,Aer Lingus,A320,EI-DES,C,FALSE,13:03,410
31-Mar-26,13:30,EI159,London (LHR),LHR,Aer Lingus,A20N,EI-NSE,C,FALSE,13:16,406
31-Mar-26,13:30,FR5569,Rome (FCO),FCO,Ryanair,B38M,EI-IFW,C,FALSE,14:32,207
31-Mar-26,13:35,EI403,Rome (FCO),FCO,Aer Lingus,A320,EI-DEH,C,FALSE,14:17,405
31-Mar-26,13:35,FR7045,Malaga (AGP),AGP,Ryanair,B738,SP-RKM,C,FALSE,14:15,204
31-Mar-26,13:40,EI661,Vienna (VIE),VIE,Aer Lingus,A320,EI-DVL,C,FALSE,13:10,410
31-Mar-26,13:40,EI3253,Edinburgh (EDI),EDI,Aer Lingus Regional,AT76,EI-GPN,B,FALSE,13:18,420
31-Mar-26,13:40,FR9588,Cluj-Napoca (CLJ),CLJ,Ryanair,B38M,EI-IHC,C,FALSE,13:22,210
31-Mar-26,13:45,EI3265,Birmingham (BHX),BHX,Aer Lingus Regional,AT76,EI-HPJ,B,FALSE,13:30,418
31-Mar-26,13:45,FR5195,Bucharest (OTP),OTP,Ryanair,B38M,EI-HGP,C,FALSE,13:57,210
31-Mar-26,13:45,FR7031,Faro (FAO),FAO,Ryanair,B738,SP-RNP,C,FALSE,13:52,201
31-Mar-26,13:55,FR435,Liverpool (LPL),LPL,Ryanair,B38M,9H-VVJ,C,FALSE,15:06,203
31-Mar-26,13:55,FR8936,Malta (MLA),MLA,Ryanair,B38M,EI-HET,C,FALSE,14:11,204
31-Mar-26,14:00,EI605,Amsterdam (AMS),AMS,Aer Lingus,A21N,EI-XLU,C,FALSE,13:50,412
31-Mar-26,14:00,FR11,Madrid (MAD),MAD,Ryanair,B38M,EI-HMZ,C,FALSE,14:23,203
31-Mar-26,14:05,EI451,Naples (NAP),NAP,Aer Lingus (Retro livery),A320,EI-DVM,C,FALSE,14:08,412
31-Mar-26,14:05,FR559,Manchester (MAN),MAN,Ryanair,B738,EI-EMH,C,FALSE,14:27,104
31-Mar-26,14:10,EI423,Venice (VCE),VCE,Aer Lingus,A320,EI-DVE,C,FALSE,13:55,409
31-Mar-26,14:10,EI525,Paris (CDG),CDG,Aer Lingus,A21N,EI-LRG,C,FALSE,14:00,408
31-Mar-26,14:20,EA3267,Birmingham (BHX),BHX,Aer Lingus Regional,AT76,EI-GPO,B,FALSE,14:54,420
31-Mar-26,14:22,,Gran Canaria (LPA),LPA,-,H25B,OY-JBJ,C,FALSE,14:25,R101
31-Mar-26,14:29,,Rome (FCO),FCO,Aer Lingus,A320,EI-DER,C,FALSE,14:51,415
31-Mar-26,14:30,EI68,Los Angeles (LAX),LAX,Aer Lingus,A333,EI-GAJ,E,TRUE,15:04,415
31-Mar-26,14:30,BA830,London (LHR),LHR,British Airways,A320,G-EUYC,C,FALSE,14:35,425
31-Mar-26,14:30,FR338,London (LTN),LTN,Ryanair,B738,EI-EVJ,C,FALSE,15:02,205
31-Mar-26,14:35,EA3227,Glasgow (GLA),GLA,Aer Lingus Regional,AT76,EI-HDK,B,FALSE,15:00,422
31-Mar-26,14:35,FR117,London (LGW),LGW,Ryanair,B38M,EI-IHN,C,FALSE,15:20,205
31-Mar-26,14:35,FR203,London (STN),STN,Ryanair,B38M,EI-HGW,C,FALSE,15:11,203
31-Mar-26,14:40,EI505,Bordeaux (BOD),BOD,Aer Lingus,A320,EI-DEJ,C,FALSE,14:49,410
31-Mar-26,14:40,EA3255,Edinburgh (EDI),EDI,Aer Lingus Regional,AT76,EI-HNA,B,FALSE,15:14,421
31-Mar-26,14:45,EI581,Malaga (AGP),AGP,Aer Lingus,A333,EI-EIL,E,FALSE,14:37,406
31-Mar-26,14:45,EI493,Faro (FAO),FAO,Aer Lingus,A320,EI-EDP,C,FALSE,15:09,413
31-Mar-26,14:45,FR5911,Lanzarote (ACE),ACE,Ryanair,B38M,9H-VUQ,C,FALSE,14:45,202
31-Mar-26,14:50,EI163,London (LHR),LHR,Aer Lingus,A20N,EI-NSG,C,FALSE,14:30,414
31-Mar-26,14:50,EI393,Hamburg (HAM),HAM,Aer Lingus,A320,EI-DEI,C,FALSE,17:30,411
31-Mar-26,14:50,FR830,Venice (VCE),VCE,Ryanair,B738,9H-QEW,C,FALSE,14:56,111
31-Mar-26,14:55,FR6841,Naples (NAP),NAP,Ryanair,B738,EI-DPN,C,FALSE,15:28,208
31-Mar-26,15:00,FR5556,Tenerife (TFS),TFS,Ryanair,B738,SP-RNS,C,FALSE,15:17,209
31-Mar-26,15:05,BA4464,London (LCY),LCY,British Airways,E190,G-LCAE,C,FALSE,15:38,425
31-Mar-26,15:05,FR95,Gran Canaria (LPA),LPA,Ryanair,B38M,EI-HEN,C,FALSE,15:31,203
31-Mar-26,15:25,AF1816,Paris (CDG),CDG,Air France,BCS3,F-HZUN,C,FALSE,16:02,115
31-Mar-26,15:25,EI477,Dubrovnik (DBV),DBV,Aer Lingus,A320,EI-DEK,C,FALSE,15:23,404
31-Mar-26,15:25,EI441,Athens (ATH),ATH,Aer Lingus,A320,EI-DVK,C,FALSE,15:35,413
31-Mar-26,15:30,EI209,Manchester (MAN),MAN,Aer Lingus,A320,EI-GAM,C,FALSE,15:33,403
31-Mar-26,15:35,FR507,Bristol (BRS),BRS,Ryanair,B738,SP-RKD,C,FALSE,15:25,206
31-Mar-26,15:35,FR3007,Amsterdam (AMS),AMS,Ryanair,B738,EI-DPP,C,FALSE,15:42,204
31-Mar-26,15:35,FR5404,Murcia (RMU),RMU,Ryanair,B38M,EI-IHY,C,FALSE,15:40,210
31-Mar-26,15:35,FR7047,Malaga (AGP),AGP,Ryanair,B38M,EI-ILC,C,FALSE,16:24,207
31-Mar-26,15:40,FR153,Leeds (LBA),LBA,Ryanair,B38M,9H-VUW,C,FALSE,15:49,210
31-Mar-26,15:40,FR1115,Reus (REU),REU,Ryanair,B738,9H-QCT,C,FALSE,15:47,204
31-Mar-26,15:45,EI165,London (LHR),LHR,Aer Lingus,A320,EI-FNJ,C,FALSE,15:45,407
31-Mar-26,16:00,TK1977,Istanbul (IST),IST,Turkish Airlines,B738,TC-JHV,C,FALSE,15:52,113
31-Mar-26,16:05,BA4466,London (LCY),LCY,British Airways,E190,G-LCYS,C,FALSE,16:00,426
31-Mar-26,16:05,FR8911,Zagreb (ZAG),ZAG,Lauda Europe,A320,9H-LAX,C,FALSE,15:55,206
31-Mar-26,16:15,FR7327,Prague (PRG),PRG,Ryanair,B738,SP-RSF,C,FALSE,15:57,209
31-Mar-26,16:25,FR561,Manchester (MAN),MAN,Ryanair,B38M,EI-ILJ,C,FALSE,16:05,213
31-Mar-26,16:25,FR1455,Milan (MXP),MXP,Ryanair,B738,9H-QDI,C,FALSE,16:44,203
31-Mar-26,16:25,FR7035,Faro (FAO),FAO,Ryanair,B738,EI-DPL,C,FALSE,16:15,209
31-Mar-26,16:28,,Katowice (KTW),KTW,Ryanair,CL35,M-ASBA,C,FALSE,17:03,208
31-Mar-26,16:30,FR1024,Budapest (BUD),BUD,Ryanair,B38M,EI-IFS,C,FALSE,16:12,R101
31-Mar-26,16:35,EI161,London (LHR),LHR,Aer Lingus,A20N,EI-NSA,C,FALSE,16:10,412
31-Mar-26,16:40,EI777,Lanzarote (ACE),ACE,Aer Lingus,A320,EI-DVI,C,FALSE,16:32,R101
31-Mar-26,16:40,KL1141,Amsterdam (AMS),AMS,KLM,E190,PH-EZL,C,FALSE,16:35,118
31-Mar-26,16:44,FX5201,Liege (LGG),LGG,FedEx,B763,N107FE,D,FALSE,16:21,R101
31-Mar-26,16:45,EA3257,Edinburgh (EDI),EDI,Aer Lingus Regional,AT76,EI-FAT,B,FALSE,16:52,417
31-Mar-26,16:50,FR3976,Barcelona (BCN),BCN,Ryanair,B738,9H-QCA,C,FALSE,17:08,210
31-Mar-26,16:50,LH980,Frankfurt (FRA),FRA,Lufthansa,A321,D-AISH,C,FALSE,16:59,R101
31-Mar-26,16:55,VL2518,Munich (MUC),MUC,Lufthansa City,A20N,D-AIIC,C,FALSE,16:54,R101
31-Mar-26,17:00,FR4410,Rhodes (RHO),RHO,Ryanair,B738,SP-RND,C,FALSE,16:50,202
31-Mar-26,17:05,FR5150,Glasgow (GLA),GLA,Ryanair,B38M,EI-IHC,C,FALSE,17:10,208
31-Mar-26,17:15,AY1385,Helsinki (HEL),HEL,Finnair,A319,OH-LVH,C,FALSE,17:06,R101
31-Mar-26,17:15,EI167,London (LHR),LHR,Aer Lingus,A20N,EI-NSD,C,FALSE,16:57,410
31-Mar-26,17:15,EI3225,Glasgow (GLA),GLA,Aer Lingus Regional,AT76,EI-HPJ,B,FALSE,16:47,415
31-Mar-26,17:20,EA3331,Exeter (EXT),EXT,Aer Lingus Regional,AT76,EI-GZV,B,FALSE,17:02,421
31-Mar-26,17:25,FR665,Birmingham (BHX),BHX,Ryanair,B38M,9H-VVJ,C,FALSE,18:29,205
31-Mar-26,17:25,FR7241,Madrid (MAD),MAD,Ryanair,B738,EI-EBY,C,FALSE,18:05,210
31-Mar-26,17:30,FR339,London (LTN),LTN,Ryanair,B738,SP-RKM,C,FALSE,18:22,209
31-Mar-26,17:35,FR4267,Verona (VRN),VRN,Ryanair,B738,9H-QEK,C,FALSE,17:36,206
31-Mar-26,17:40,EI609,Amsterdam (AMS),AMS,Aer Lingus,A320,EI-DEP,C,FALSE,17:34,407
31-Mar-26,17:40,FR289,London (STN),STN,Ryanair,B38M,EI-HMW,C,FALSE,17:59,208
31-Mar-26,17:40,FR441,Liverpool (LPL),LPL,Ryanair,B38M,EI-IHN,C,FALSE,18:17,206
31-Mar-26,17:40,FR1975,Poznan (POZ),POZ,Ryanair,B738,EI-GJT,C,FALSE,17:13,203
31-Mar-26,17:45,EI405,Rome (FCO),FCO,Aer Lingus,A320,EI-DEL,C,FALSE,17:53,410
31-Mar-26,17:50,EI527,Paris (CDG),CDG,Aer Lingus,A320,EI-EDS,C,FALSE,17:57,406
31-Mar-26,17:50,LX404,Zurich (ZRH),ZRH,airBaltic,BCS3,YL-BTB,C,FALSE,17:39,R101
31-Mar-26,17:54,5X207,Louisville (SDF),SDF,UPS,B763,N327UP,D,FALSE,18:27,R101
31-Mar-26,17:55,EI545,Nice (NCE),NCE,Aer Lingus,A320,EI-GAL,C,FALSE,17:43,403
31-Mar-26,17:55,FR1993,La Rochelle (LRH),LRH,Ryanair,B738,EI-GXK,C,FALSE,17:41,210
31-Mar-26,17:55,TK6425,Istanbul (IST),IST,Turkish Airlines,33X,,C,FALSE,,R101
31-Mar-26,18:05,EI515,Marseille (MRS),MRS,Aer Lingus,A320,EI-DEM,C,FALSE,18:02,404
31-Mar-26,18:05,EI553,Lyon (LYS),LYS,Aer Lingus,A21N,EI-LRF,C,FALSE,17:50,406
31-Mar-26,18:05,TP1324,Lisbon (LIS),LIS,TAP Express,E190,CS-TPO,C,FALSE,18:38,113
31-Mar-26,18:10,EA3217,Isle of Man (IOM),IOM,Aer Lingus Regional,AT76,EI-HPK,B,FALSE,17:45,421
31-Mar-26,18:10,FR1987,Nantes (NTE),NTE,Ryanair,B38M,9H-VUZ,C,FALSE,17:55,205
31-Mar-26,18:20,EI169,London (LHR),LHR,Aer Lingus,A20N,EI-NSE,C,FALSE,17:48,403
31-Mar-26,18:20,FR4037,Milan (BGY),BGY,Ryanair,B38M,9H-VVR,C,FALSE,18:58,201
31-Mar-26,18:20,SK2537,Copenhagen (CPH),CPH,SAS,A20N,EI-SIG,C,FALSE,18:08,R101
31-Mar-26,18:21,H5334,Poznan (POZ),POZ,VistaJet,C56X,D-CXLS,C,FALSE,18:15,R101
31-Mar-26,18:25,AF1116,Paris (CDG),CDG,Air France,BCS3,F-HZUA,C,FALSE,18:25,115
31-Mar-26,18:30,FR9777,Nimes (FNI),FNI,Ryanair,B738,SP-RKV,C,FALSE,18:34,207
31-Mar-26,18:35,EI3327,Manchester (MAN),MAN,Aer Lingus Regional,AT76,EI-HNA,B,FALSE,18:45,411
31-Mar-26,18:35,EA3931,Newquay (NQY),NQY,Aer Lingus Regional,AT76,EI-HDK,B,FALSE,18:11,420
31-Mar-26,18:40,BA832,London (LHR),LHR,British Airways,A320,G-EUYA,C,FALSE,18:31,424
31-Mar-26,18:40,BA4472,London (LCY),LCY,British Airways,E190,G-LCAG,C,FALSE,18:20,426
31-Mar-26,18:45,EI3243,Aberdeen (ABZ),ABZ,Aer Lingus Regional,AT76,EI-GPO,B,FALSE,18:52,421
31-Mar-26,18:45,FR119,London (LGW),LGW,Ryanair,B38M,9H-VUQ,C,FALSE,18:47,202
31-Mar-26,18:45,FR509,Bristol (BRS),BRS,Ryanair,B38M,EI-HGG,C,FALSE,19:17,211
31-Mar-26,18:45,FR7063,Alicante (ALC),ALC,Ryanair,B738,SP-RKH,C,FALSE,18:36,201
31-Mar-26,18:50,FR205,London (STN),STN,Ryanair,B738,SP-RNS,C,FALSE,19:21,206
31-Mar-26,18:55,FR5307,Kerry (KIR),KIR,Ryanair,B738,SP-RKD,C,FALSE,18:41,202
31-Mar-26,19:00,FR809,Edinburgh (EDI),EDI,Ryanair,B38M,EI-IHY,C,FALSE,19:38,208
31-Mar-26,19:10,FR3101,Amsterdam (AMS),AMS,Ryanair,B38M,EI-HET,C,FALSE,18:53,207
31-Mar-26,19:10,FR5132,Basel (BSL),BSL,Ryanair,B738,9H-QAD,C,FALSE,19:03,208
31-Mar-26,19:15,EI749,Bilbao (BIO),BIO,Aer Lingus,A320,EI-DVH,C,FALSE,19:13,411
31-Mar-26,19:20,FR5419,Berlin (BER),BER,Ryanair,B738,EI-EBV,C,FALSE,19:01,207
31-Mar-26,19:30,BA4468,London (LCY),LCY,British Airways,E190,G-LCAE,C,FALSE,19:25,423
31-Mar-26,19:35,BA834,London (LHR),LHR,British Airways,A21N,G-NEOV,C,FALSE,19:09,426
31-Mar-26,19:35,EI173,London (LHR),LHR,Aer Lingus,A20N,EI-NSG,C,FALSE,18:56,416
31-Mar-26,19:35,FR9176,Ibiza (IBZ),IBZ,Ryanair,B738,SP-RSQ,C,FALSE,19:29,201
31-Mar-26,19:45,FR121,London (LGW),LGW,Ryanair,B738,EI-DPP,C,FALSE,20:01,208
31-Mar-26,19:50,FR1557,Manchester (MAN),MAN,Ryanair,B738,9H-QBZ,C,FALSE,19:32,202
31-Mar-26,19:53,,Weeze (NRN),NRN,Ryanair,B738,9H-QAL,C,FALSE,19:34,208
31-Mar-26,20:05,FR449,Liverpool (LPL),LPL,Ryanair,B738,EI-DCL,C,FALSE,19:40,107
31-Mar-26,20:05,FR8131,Malaga (AGP),AGP,Ryanair,B38M,EI-IJD,C,FALSE,20:18,203
31-Mar-26,20:05,EK163,Dubai (DXB),DXB,Emirates,B77W,A6-EPH,C,FALSE,20:12,R101
31-Mar-26,20:10,EI585,Malaga (AGP),AGP,Aer Lingus,A320,EI-DVG,C,FALSE,20:07,410
31-Mar-26,20:10,FR7133,Faro (FAO),FAO,Ryanair,B738,EI-EVR,C,FALSE,19:59,208
31-Mar-26,20:15,FR7355,Chania (CHQ),CHQ,Ryanair,B738,EI-EKI,C,FALSE,20:20,206
31-Mar-26,20:20,DN407,Bacau (BCM),BCM,Dan Air,A320,YR-JUL,C,FALSE,20:15,R101
31-Mar-26,20:20,FR2031,Krakow (KRK),KRK,Ryanair,B38M,SP-RZO,C,FALSE,19:54,207
31-Mar-26,20:26,,Glasgow (GLA),GLA,Aer Lingus Regional,AT76,EI-GZV,B,FALSE,20:28,418
31-Mar-26,20:30,FR1453,Brussels (BRU),BRU,Ryanair,B738,EI-DPN,C,FALSE,20:25,208
31-Mar-26,20:36,5X249,Shannon (SNN),SNN,UPS,B763,N391UP,D,FALSE,20:23,R101
31-Mar-26,20:55,EI177,London (LHR),LHR,Aer Lingus,A20N,EI-NSA,C,FALSE,20:36,405
31-Mar-26,20:55,EI3229,Glasgow (GLA),GLA,Aer Lingus,AT7,,B,FALSE,,411
31-Mar-26,20:55,FR7788,Marrakesh (RAK),RAK,Ryanair,B738,EI-EBL,C,FALSE,21:47,203
31-Mar-26,20:55,VY8722,Barcelona (BCN),BCN,Vueling,A320,EC-LOP,C,FALSE,20:42,110
31-Mar-26,21:00,EI413,Verona (VRN),VRN,Aer Lingus,A320,EI-DVE,C,FALSE,20:44,413
31-Mar-26,21:05,FR7157,Madrid (MAD),MAD,Ryanair,B738,EI-DWA,C,FALSE,21:38,210
31-Mar-26,21:10,FR21,Newcastle (NCL),NCL,Ryanair,B738,EI-GJT,C,FALSE,20:51,203
31-Mar-26,21:10,FR341,London (LTN),LTN,Ryanair,B38M,EI-ILG,C,FALSE,21:13,203
31-Mar-26,21:17,5O4394,Shannon (SNN),SNN,ASL Airlines,B738,F-HIQB,C,FALSE,21:08,R115
31-Mar-26,21:20,FR123,London (LGW),LGW,Ryanair,B738,9H-QEK,C,FALSE,21:20,102
31-Mar-26,21:20,FR291,London (STN),STN,Ryanair,B738,EI-DLI,C,FALSE,21:43,103
31-Mar-26,21:20,FR6394,Barcelona (BCN),BCN,Ryanair,B738,9H-QCO,C,FALSE,21:05,207
31-Mar-26,21:25,FR9612,Rome (FCO),FCO,Ryanair,B738,SP-RNP,C,FALSE,21:36,110
31-Mar-26,21:30,EI277,Birmingham (BHX),BHX,Aer Lingus,A320,EI-GAL,C,FALSE,21:16,406
31-Mar-26,21:30,EA3409,Donegal (CFN),CFN,Aer Lingus Regional,AT76,EI-HPK,B,FALSE,21:00,422
31-Mar-26,21:35,EI3309,Southampton (SOU),SOU,Aer Lingus Regional,AT76,EI-HPJ,B,FALSE,21:11,418
31-Mar-26,21:35,FR512,Bristol (BRS),BRS,Ryanair,B38M,EI-IKR,C,FALSE,21:31,208
31-Mar-26,21:40,FR5562,Glasgow (GLA),GLA,Ryanair,B738,SP-RKH,C,FALSE,21:25,204
31-Mar-26,21:45,EA3259,Edinburgh (EDI),EDI,Aer Lingus Regional,AT76,EI-FAT,B,FALSE,21:22,417
31-Mar-26,21:45,EA3289,Bristol (BRS),BRS,Aer Lingus Regional,AT76,EI-GPN,B,FALSE,21:27,417
31-Mar-26,21:50,BA4470,London (LCY),LCY,British Airways,E190,G-LCYP,C,FALSE,21:34,424
31-Mar-26,21:50,FR3103,Amsterdam (AMS),AMS,Ryanair,B738,SP-RKM,C,FALSE,22:22,208
31-Mar-26,22:00,FR127,London (LGW),LGW,Ryanair,B738,9H-QCA,C,FALSE,21:29,205
31-Mar-26,22:05,EI3329,Manchester (MAN),MAN,Aer Lingus Regional,AT76,EI-HNA,B,FALSE,,422
31-Mar-26,22:05,FR8563,Malaga (AGP),AGP,Ryanair,B738,EI-EVJ,C,FALSE,22:57,210
31-Mar-26,22:08,,Birmingham (BHX),BHX,Aer Lingus Regional,AT76,EI-HDK,B,FALSE,21:54,418
31-Mar-26,22:10,EA3197,Liverpool (LPL),LPL,Aer Lingus Regional,AT76,EI-GPO,B,FALSE,21:41,417
31-Mar-26,22:15,LH982,Frankfurt (FRA),FRA,Lufthansa,A321,D-AISG,C,FALSE,22:11,117
31-Mar-26,22:15,,Manchester (MAN),MAN,Aer Lingus Regional,AT76,EI-HNA,B,FALSE,21:58,418
31-Mar-26,22:20,EI611,Amsterdam (AMS),AMS,Aer Lingus,A320,EI-FNJ,C,FALSE,22:06,403
31-Mar-26,22:20,5F5711,Chisinau (RMO),RMO,FlyOne,A321,ER-00003,C,FALSE,21:45,R101
31-Mar-26,22:25,FR456,Leeds (LBA),LBA,Ryanair,B38M,9H-VVL,C,FALSE,22:03,207
31-Mar-26,22:25,KL1145,Amsterdam (AMS),AMS,KLM,B738,PH-BGA,C,FALSE,22:14,119
31-Mar-26,22:30,EI183,London (LHR),LHR,Aer Lingus,A20N,EI-NSE,C,FALSE,22:01,415
31-Mar-26,22:30,EI3275,Birmingham (BHX),BHX,Aer Lingus,AT7,,B,FALSE,,421
31-Mar-26,22:30,FR1861,Paris (BVA),BVA,Ryanair,B738,SP-RKV,C,FALSE,22:34,204
31-Mar-26,22:40,AF1016,Paris (CDG),CDG,Air France,BCS3,F-HPNM,C,FALSE,22:24,114
31-Mar-26,22:40,EI529,Paris (CDG),CDG,Aer Lingus,A320,EI-DEI,C,FALSE,22:27,405
31-Mar-26,22:50,EI575,Alicante (ALC),ALC,Aer Lingus,A320,EI-DVK,C,FALSE,22:53,416
31-Mar-26,22:50,EI737,Palma de Mallorca (PMI),PMI,Aer Lingus,A320,EI-DEK,C,FALSE,22:32,410
31-Mar-26,22:50,FR667,Birmingham (BHX),BHX,Ryanair,B738,EI-DPP,C,FALSE,23:00,201
31-Mar-26,22:55,EI709,Marrakesh (RAK),RAK,Aer Lingus,A320,EI-DVN,C,FALSE,22:36,R101
31-Mar-26,22:55,FR4223,Bratislava (BTS),BTS,Ryanair,B738,9H-QCT,C,FALSE,22:38,204
31-Mar-26,22:55,FR7236,Malta (MLA),MLA,Ryanair,B38M,EI-HMZ,C,FALSE,23:02,208
31-Mar-26,23:00,EI465,Malta (MLA),MLA,Aer Lingus,A320,EI-DES,C,FALSE,00:19,410
31-Mar-26,23:00,FR143,London (LGW),LGW,Ryanair,B38M,9H-VUQ,C,FALSE,22:29,203
31-Mar-26,23:00,FR942,Palma de Mallorca (PMI),PMI,Ryanair,B38M,EI-IFS,C,FALSE,23:05,207
31-Mar-26,23:05,EI497,Faro (FAO),FAO,Aer Lingus,A320,EI-GAM,C,FALSE,23:12,408
31-Mar-26,23:05,FR813,Edinburgh (EDI),EDI,Ryanair,B38M,EI-IJD,C,FALSE,23:38,208
31-Mar-26,23:05,FR7329,Lisbon (LIS),LIS,Ryanair,B38M,EI-HGW,C,FALSE,23:07,206
31-Mar-26,23:10,EI337,Berlin (BER),BER,Aer Lingus,A320,EI-DVI,C,FALSE,22:45,410
31-Mar-26,23:10,EI587,Malaga (AGP),AGP,Aer Lingus,A320,EI-EDP,C,FALSE,23:09,413
31-Mar-26,23:20,FR210,London (STN),STN,Ryanair,B738,SP-RSQ,C,FALSE,22:55,109
31-Mar-26,23:45,FR557,Manchester (MAN),MAN,Ryanair,B738,EI-DPN,C,FALSE,23:18,209
31-Mar-26,23:45,FR9998,Pisa (PSA),PSA,Ryanair,B38M,9H-VVJ,C,FALSE,01:15,209
31-Mar-26,23:50,FR4500,Cologne (CGN),CGN,Ryanair,B738,9H-QAD,C,FALSE,23:50,201
31-Mar-26,23:50,FR8108,Reus (REU),REU,Ryanair,B738,EI-GXK,C,FALSE,23:28,202
31-Mar-26,23:55,FR883,Fuerteventura (FUE),FUE,Ryanair,B38M,EI-HGP,C,FALSE,00:08,209
01-Apr-26,00:05,FR3567,Santiago de Compostela (SCQ),SCQ,Ryanair,B738,SP-RNS,C,FALSE,00:26,202
01-Apr-26,00:10,FR7001,Girona (GRO),GRO,Ryanair,B38M,9H-VUZ,C,FALSE,23:30,202
01-Apr-26,00:15,FR635,Cardiff (CWL),CWL,Ryanair,B738,SP-RNP,C,FALSE,00:06,205
01-Apr-26,00:15,FR669,Birmingham (BHX),BHX,Ryanair,B38M,EI-IHM,C,FALSE,23:55,209
01-Apr-26,00:20,EI779,Lanzarote (ACE),ACE,Aer Lingus,A20N,EI-NSB,C,FALSE,00:14,402
01-Apr-26,00:20,FR7125,Lanzarote (ACE),ACE,Ryanair,B38M,EI-IFW,C,FALSE,00:10,201
01-Apr-26,00:20,FR7313,Zadar (ZAD),ZAD,Ryanair,B38M,EI-IHC,C,FALSE,00:00,208
01-Apr-26,00:25,FR3881,Dubrovnik (DBV),DBV,Ryanair,B38M,EI-ILJ,C,FALSE,00:16,204
01-Apr-26,00:25,FR8135,Alicante (ALC),ALC,Ryanair,B38M,EI-HMW,C,FALSE,00:46,202
01-Apr-26,00:30,FR9976,Ibiza (IBZ),IBZ,Ryanair,B738,EI-EBY,C,FALSE,01:04,205
01-Apr-26,00:35,FR633,Copenhagen (CPH),CPH,Ryanair,B38M,EI-HET,C,FALSE,00:03,206
01-Apr-26,00:45,EI765,Tenerife (TFS),TFS,Aer Lingus (Retro livery),A320,EI-DVM,C,FALSE,00:39,403
01-Apr-26,00:45,LH8321,Birmingham (BHX),BHX,Lufthansa Cargo,A321,D-AEUA,C,FALSE,00:21,R101
01-Apr-26,00:50,EI783,Gran Canaria (LPA),LPA,Aer Lingus,A320,EI-DVL,C,FALSE,00:32,405
01-Apr-26,00:50,FR7073,Porto (OPO),OPO,Ryanair,B738,SP-RKD,C,FALSE,00:43,203
01-Apr-26,00:50,FR7120,Tenerife (TFS),TFS,Ryanair,B38M,EI-HEN,C,FALSE,01:36,203
01-Apr-26,00:55,EI565,Barcelona (BCN),BCN,Aer Lingus,A320,EI-EDS,C,FALSE,00:30,415
01-Apr-26,00:59,EI487,Lisbon (LIS),LIS,Aer Lingus,A20N,EI-NSD,C,FALSE,01:13,413
01-Apr-26,01:01,FR7800,Milan (MXP),MXP,Ryanair,B38M,EI-IHY,C,FALSE,01:37,203
01-Apr-26,01:15,FR5204,Sofia (SOF),SOF,Ryanair,B38M,EI-ILC,C,FALSE,01:17,201
01-Apr-26,01:15,FR7135,Palermo (PMO),PMO,Ryanair,B738,SP-RND,C,FALSE,00:53,210
01-Apr-26,01:30,EI799,Izmir (ADB),ADB,Aer Lingus,A320,EI-DEJ,C,FALSE,00:49,407
01-Apr-26,01:49,XM358,Birmingham (BHX),BHX,Zimex Aviation,AT72,HB-AFJ,B,FALSE,02:10,R101
01-Apr-26,04:00,,Nottingham (EMA),EMA,DHL,A306,D-AEAT,C,FALSE,03:53,R101
01-Apr-26,04:25,QY2886,Brussels (BRU),BRU,DHL,B738,EC-HLN,C,FALSE,04:23,R101
01-Apr-26,04:30,EI104,New York (JFK),JFK,Aer Lingus,A333,EI-FNG,E,TRUE,03:30,405
01-Apr-26,04:38,FX5051,Indianapolis (IND),IND,FedEx,B763,N125FE,D,FALSE,04:33,R101
01-Apr-26,04:45,5O4294,Paris (CDG),CDG,ASL Airlines,B738,F-HIQB,C,FALSE,04:44,R115
01-Apr-26,04:49,5X248,Cologne (CGN),CGN,UPS,B763,N391UP,D,FALSE,04:30,R101
01-Apr-26,05:10,EI122,Chicago (ORD),ORD,Aer Lingus,A333,EI-EDY,E,TRUE,06:07,406
01-Apr-26,05:10,EI126,Toronto (YYZ),YYZ,Aer Lingus,A333,EI-DUZ,E,TRUE,05:03,407
01-Apr-26,05:11,QY2882,Leipzig (LEJ),LEJ,Titan Airways,A321,9H-ZTB,C,FALSE,05:08,R101
01-Apr-26,05:15,EI100,New York (EWR),EWR,Aer Lingus,A21N,EI-LRC,C,TRUE,04:27,408
01-Apr-26,05:15,EI116,Washington (IAD),IAD,Aer Lingus,A21N,EI-LRA,C,TRUE,04:38,409
01-Apr-26,05:15,EI130,Windsor Locks (BDL),BDL,Aer Lingus,A21N,EI-LRD,C,TRUE,05:06,410
01-Apr-26,05:58,FX5202,London (STN),STN,FedEx,B763,N107FE,D,FALSE,05:46,R101
01-Apr-26,06:07,TK6425,Istanbul (IST),IST,Turkish Cargo,A332,TC-JCI,E,FALSE,05:50,R101
01-Apr-26,06:30,AA722,Philadelphia (PHL),PHL,American Airlines,B788,N871AY,E,TRUE,05:41,416
01-Apr-26,06:30,FR23,Paris (BVA),BVA,Ryanair,B38M,EI-IKW,C,FALSE,05:59,203
01-Apr-26,06:45,FR435,Liverpool (LPL),LPL,Ryanair,B738,EI-GSK,C,FALSE,06:30,203
01-Apr-26,07:00,FR157,Leeds (LBA),LBA,Ryanair,B738,9H-QFD,C,FALSE,08:35,202
01-Apr-26,07:10,FR2972,Kaunas (KUN),KUN,Ryanair,B38M,SP-RZL,C,FALSE,06:35,108
01-Apr-26,07:20,UA310,Washington (IAD),IAD,United Airlines,B752,N14106,D,TRUE,07:18,419
01-Apr-26,07:30,UA23,New York (EWR),EWR,United Airlines,B77W,N2331U,C,TRUE,07:01,419
01-Apr-26,07:35,FR339,London (LTN),LTN,Ryanair,B38M,9H-VUH,C,FALSE,07:10,209
01-Apr-26,07:35,FR3976,Barcelona (BCN),BCN,Ryanair,B738,EI-EME,C,FALSE,07:31,210
01-Apr-26,07:35,FR5419,Berlin (BER),BER,Ryanair,B38M,EI-IGK,C,FALSE,07:11,207
01-Apr-26,07:40,BA824,London (LHR),LHR,British Airways,A320,G-EUUJ,C,FALSE,07:15,424
01-Apr-26,07:50,FR271,London (STN),STN,Ryanair,B38M,EI-HGY,C,FALSE,07:36,205
01-Apr-26,07:55,DL258,Minneapolis (MSP),MSP,Delta Air Lines,A333,N806NW,E,TRUE,07:06,406
01-Apr-26,08:05,BA4460,London (LCY),LCY,British Airways,E190,G-LCAG,C,FALSE,07:47,423
01-Apr-26,08:05,LH976,Frankfurt (FRA),FRA,Lufthansa,A319,D-AIBF,C,FALSE,08:02,116
01-Apr-26,08:15,AC800,Toronto (YYZ),YYZ,Air Canada,B789,C-FGDZ,E,TRUE,08:17,413
01-Apr-26,08:15,EI86,Cleveland (CLE),CLE,Aer Lingus,A21N,EI-XLU,C,TRUE,10:00,401
01-Apr-26,08:15,EI88,Minneapolis (MSP),MSP,Aer Lingus,A21N,EI-XLW,C,TRUE,07:24,402
01-Apr-26,08:15,AF1616,Paris (CDG),CDG,Air France,BCS3,F-HOZB,C,FALSE,08:07,115
01-Apr-26,08:20,D83606,Copenhagen (CPH),CPH,Norwegian (Gustav Vigeland Livery),B738,SE-RPL,C,FALSE,08:04,R101
01-Apr-26,08:20,KL1135,Amsterdam (AMS),AMS,KLM,E295,PH-NXI,C,FALSE,08:00,118
01-Apr-26,08:25,EI136,Boston (BOS),BOS,Aer Lingus,A333,EI-EIN,E,TRUE,07:49,404
01-Apr-26,08:25,FR809,Edinburgh (EDI),EDI,Ryanair,B738,9H-QCT,C,FALSE,08:11,208
01-Apr-26,08:35,EI76,Nashville (BNA),BNA,Aer Lingus,A21N,EI-XLR,C,TRUE,07:57,410
01-Apr-26,08:40,EI146,Bridgetown (BGI),BGI,Aer Lingus,A21N,EI-XLV,C,FALSE,07:58,412
01-Apr-26,08:45,DL176,Atlanta (ATL),ATL,Delta Air Lines,B764,N825MH,D,TRUE,,403
01-Apr-26,08:45,FR275,Glasgow (GLA),GLA,Ryanair,B738,SP-RND,C,FALSE,08:37,201
01-Apr-26,08:50,EI106,New York (JFK),JFK,Aer Lingus,A21N,EI-LRE,C,TRUE,08:28,403
01-Apr-26,08:50,EI3401,Donegal (CFN),CFN,Aer Lingus Regional,AT76,EI-GPO,B,FALSE,08:31,420
01-Apr-26,08:55,AY1381,Helsinki (HEL),HEL,Jettime,B738,OY-JZO,C,FALSE,08:56,409
01-Apr-26,08:55,EY45,Abu Dhabi (AUH),AUH,Etihad Airways,B789,A6-BLZ,E,FALSE,09:11,R101
01-Apr-26,08:55,FR553,Manchester (MAN),MAN,Ryanair,B738,SP-RKD,C,FALSE,08:42,207
01-Apr-26,09:00,EI151,London (LHR),LHR,Aer Lingus,A20N,EI-NSH,C,FALSE,08:39,403
01-Apr-26,09:05,EI118,Washington (IAD),IAD,Aer Lingus,A21N,EI-LRG,C,TRUE,08:14,415
01-Apr-26,09:05,IB1881,Madrid (MAD),MAD,Iberia Express,A320,EC-LVQ,C,FALSE,08:50,110
01-Apr-26,09:15,DL44,New York (JFK),JFK,Delta Air Lines,B763,N177DZ,D,TRUE,08:25,404
01-Apr-26,09:15,EI203,Manchester (MAN),MAN,Aer Lingus,A320,EI-DEJ,C,FALSE,08:54,408
01-Apr-26,09:15,FR21,Newcastle (NCL),NCL,Ryanair,B38M,EI-HAW,C,FALSE,09:28,203
01-Apr-26,09:15,VY8720,Barcelona (BCN),BCN,Vueling,A320,EC-MER,C,FALSE,09:07,111
01-Apr-26,09:20,EI263,Birmingham (BHX),BHX,Aer Lingus,A320,EI-DEI,C,FALSE,08:59,416
01-Apr-26,09:31,,Prague (PRG),PRG,Smartwings (CSA Livery),BCS3,OK-FYD,C,FALSE,09:38,R101
01-Apr-26,09:31,,Munich (MUC),MUC,NetJets,C56X,CS-DQA,C,FALSE,09:36,R110
01-Apr-26,09:35,AA724,Charlotte (CLT),CLT,American Airlines,B772,N762AN,E,TRUE,09:19,417
01-Apr-26,09:35,EI1120,Orlando (MCO),MCO,Aer Lingus,A333,EI-FNH,E,TRUE,09:44,409
01-Apr-26,09:35,FR661,Birmingham (BHX),BHX,Ryanair,B38M,EI-HMW,C,FALSE,09:26,206
01-Apr-26,09:35,TK1975,Istanbul (IST),IST,Turkish Airlines,A21N,TC-LSZ,C,FALSE,09:14,114
01-Apr-26,09:40,BA826,London (LHR),LHR,British Airways,A21N,G-NEOU,C,FALSE,09:17,423
01-Apr-26,09:40,FR1987,Nantes (NTE),NTE,Ryanair,B738,SP-RSQ,C,FALSE,09:23,205
01-Apr-26,09:45,AA132,Dallas (DFW),DFW,American Airlines,B788,N882BL,E,TRUE,11:48,416
01-Apr-26,09:45,UA980,Chicago (ORD),ORD,United Airlines,B788,N27901,E,TRUE,09:32,418
01-Apr-26,09:50,EI401,Rome (FCO),FCO,Aer Lingus,A320,EI-DER,C,FALSE,10:04,406
01-Apr-26,09:50,EA3221,Glasgow (GLA),GLA,Aer Lingus Regional,AT76,EI-HNA,B,FALSE,09:30,421
01-Apr-26,09:50,EA3251,Edinburgh (EDI),EDI,Aer Lingus Regional,AT76,EI-FAT,B,FALSE,09:43,421
01-Apr-26,09:50,EI3391,Leeds (LBA),LBA,Aer Lingus Regional,AT76,G-CMMN,B,FALSE,,421
01-Apr-26,09:50,FR31,London (STN),STN,Ryanair,B738,SP-RKM,C,FALSE,09:49,208
01-Apr-26,09:55,LH2516,Munich (MUC),MUC,Lufthansa,A21N,D-AIEE,C,FALSE,10:29,119
01-Apr-26,09:57,,Leeds (LBA),LBA,Aer Lingus Regional,AT76,EI-GZV,B,FALSE,09:55,418
01-Apr-26,10:00,A3630,Athens (ATH),ATH,Aegean Airlines,A320,SX-DNB,C,FALSE,09:47,R101
01-Apr-26,10:00,TP1322,Lisbon (LIS),LIS,TAP Express,E195,CS-TAY,C,FALSE,09:56,112
01-Apr-26,10:05,FR47,Brussels (CRL),CRL,Ryanair,B738,9H-QAL,C,FALSE,,208
01-Apr-26,10:15,EI153,London (LHR),LHR,Aer Lingus,A20N,EI-NSE,C,FALSE,10:26,416
01-Apr-26,10:15,FR113,London (LGW),LGW,Ryanair,B38M,EI-HET,C,FALSE,10:06,209
01-Apr-26,10:15,FR441,Liverpool (LPL),LPL,Ryanair,B738,EI-DWF,C,FALSE,09:51,206
01-Apr-26,10:20,EI603,Amsterdam (AMS),AMS,Aer Lingus,A320,EI-DEK,C,FALSE,10:35,405
01-Apr-26,10:20,EI3321,Manchester (MAN),MAN,Aer Lingus Regional,AT76,EI-HPJ,B,FALSE,10:43,419
01-Apr-26,10:20,FR3881,Dubrovnik (DBV),DBV,Ryanair,B38M,SP-RZX,C,FALSE,09:59,204
01-Apr-26,10:25,FR505,Bristol (BRS),BRS,Ryanair,B738,9H-QCO,C,FALSE,11:00,207
01-Apr-26,10:25,FR817,Edinburgh (EDI),EDI,Ryanair,B38M,9H-VUI,C,FALSE,10:24,210
01-Apr-26,10:25,KL1137,Amsterdam (AMS),AMS,KLM,B738,PH-BXY,C,FALSE,10:36,119
01-Apr-26,10:30,VJT449,Farnborough (FAB),FAB,VistaJet,CL35,9H-VCO,C,FALSE,11:15,R101
01-Apr-26,10:35,EI124,Chicago (ORD),ORD,Aer Lingus,A333,EI-EIL,E,TRUE,10:08,404
01-Apr-26,10:35,BA4462,London (LCY),LCY,British Airways,E190,G-LCYP,C,FALSE,10:28,425
01-Apr-26,10:40,UA228,Washington (IAD),IAD,United Airlines,B752,N18112,D,TRUE,10:21,418
01-Apr-26,10:40,,London (LCY),LCY,NetJets,C68A,CS-LUD,C,FALSE,10:31,R110
01-Apr-26,10:43,DL176,New York (JFK),JFK,Delta Air Lines,B764,N825MH,D,TRUE,11:01,403
01-Apr-26,10:45,DL154,Boston (BOS),BOS,Delta Air Lines,B763,N178DZ,D,TRUE,10:02,403
01-Apr-26,10:45,EI3351,Newcastle (NCL),NCL,Aer Lingus Regional,AT76,EI-HDK,B,FALSE,10:33,422
01-Apr-26,10:55,EI3551,Edinburgh (EDI),EDI,Aer Lingus Regional,AT76,EI-GPN,B,FALSE,11:07,417
01-Apr-26,10:55,FR421,Amsterdam (AMS),AMS,Ryanair,B738,SP-RKH,C,FALSE,11:09,210
01-Apr-26,10:55,SK535,Stockholm (ARN),ARN,SAS,A20N,EI-SIW,C,FALSE,10:41,R101
01-Apr-26,11:00,EI3301,Southampton (SOU),SOU,Aer Lingus Regional,AT76,EI-HPK,B,FALSE,10:39,418
01-Apr-26,11:00,FR5126,Hamburg (HAM),HAM,Ryanair,B738,EI-EBL,C,FALSE,11:42,206
01-Apr-26,11:05,EI631,Brussels (BRU),BRU,Aer Lingus (Retro livery),A320,EI-DVM,C,FALSE,10:47,416
01-Apr-26,11:05,FI416,Reykjavik (KEF),KEF,Icelandair,B38M,TF-ICP,C,FALSE,12:04,R101
01-Apr-26,11:10,UA317,New York (EWR),EWR,United Airlines,B752,N17126,D,TRUE,10:19,419
01-Apr-26,11:10,FR115,London (LGW),LGW,Ryanair,B738,SP-RNP,C,FALSE,11:05,208
01-Apr-26,11:15,EI521,Paris (CDG),CDG,Aer Lingus,A21N,EI-LRD,C,FALSE,11:17,410
01-Apr-26,11:15,FR658,Brussels (BRU),BRU,Ryanair,B738,SP-RKV,C,FALSE,11:24,203
01-Apr-26,11:20,EI155,London (LHR),LHR,Aer Lingus,A20N,EI-NSG,C,FALSE,11:38,411
01-Apr-26,11:25,EI693,Dusseldorf (DUS),DUS,Aer Lingus,A320,EI-GAM,C,FALSE,11:53,411
01-Apr-26,11:25,FR2413,Memmingen (FMM),FMM,Ryanair,B738,EI-GXK,C,FALSE,11:11,201
01-Apr-26,11:25,LM51,Aberdeen (ABZ),ABZ,Loganair,AT76,G-LMTI,B,FALSE,12:09,R101
01-Apr-26,11:30,EI681,Geneva (GVA),GVA,Aer Lingus,A320,EI-DEM,C,FALSE,11:34,413
01-Apr-26,11:35,FR535,Nottingham (EMA),EMA,Malta Air,B38M,9H-VUF,C,FALSE,11:19,209
01-Apr-26,11:35,FR612,Kerry (KIR),KIR,Ryanair,B738,SP-RKD,C,FALSE,11:12,204
01-Apr-26,11:35,LH978,Frankfurt (FRA),FRA,Lufthansa (Superstar Heritage Livery),A321,D-AISZ,C,FALSE,11:50,119
01-Apr-26,11:40,EI108,New York (JFK),JFK,Aer Lingus,A21N,EI-LRF,C,TRUE,10:58,411
01-Apr-26,11:45,EI60,San Francisco (SFO),SFO,Aer Lingus,A333,EI-EIM,E,TRUE,11:26,406
01-Apr-26,11:45,FR4845,Milan (BGY),BGY,Ryanair,B38M,EI-ILJ,C,FALSE,12:26,203
01-Apr-26,11:50,EI503,Bordeaux (BOD),BOD,Aer Lingus,A20N,EI-NSB,C,FALSE,11:21,415
01-Apr-26,11:50,SK537,Copenhagen (CPH),CPH,SAS,A20N,EI-SID,C,FALSE,11:32,R101
01-Apr-26,12:00,FR942,Palma de Mallorca (PMI),PMI,Ryanair,B738,EI-DPN,C,FALSE,11:57,207
01-Apr-26,12:00,FR7031,Faro (FAO),FAO,Ryanair,B738,EI-DPP,C,FALSE,11:55,201
01-Apr-26,12:05,BA828,London (LHR),LHR,British Airways,A320,G-EUYL,C,FALSE,11:44,423
01-Apr-26,12:05,EI333,Berlin (BER),BER,Aer Lingus,A320,EI-DVG,C,FALSE,12:31,415
01-Apr-26,12:05,EW9394,Dusseldorf (DUS),DUS,Eurowings,A319,D-AGWG,C,FALSE,12:29,R101
01-Apr-26,12:10,EI651,Frankfurt (FRA),FRA,Aer Lingus,A320,EI-DEL,C,FALSE,12:06,405
01-Apr-26,12:10,FR1902,Krakow (KRK),KRK,Ryanair,B38M,EI-IFW,C,FALSE,12:02,208
01-Apr-26,12:10,LX400,Zurich (ZRH),ZRH,Swiss,A20N,HB-JDF,C,FALSE,12:00,R101
01-Apr-26,12:15,FR1949,Luxembourg (LUX),LUX,Ryanair,B738,9H-QAD,C,FALSE,12:15,202
01-Apr-26,12:20,EI593,Madrid (MAD),MAD,Aer Lingus,A320,EI-FNJ,C,FALSE,12:11,415
01-Apr-26,12:20,EK161,Dubai (DXB),DXB,Emirates,B77W,A6-EQA,C,FALSE,12:21,R101
01-Apr-26,12:25,EA3555,Edinburgh (EDI),EDI,Aer Lingus Regional,AT76,EI-GPO,B,FALSE,12:19,421
01-Apr-26,12:30,FR555,Manchester (MAN),MAN,Ryanair,B738,SP-RSQ,C,FALSE,12:17,202
01-Apr-26,12:35,FR7763,Alicante (ALC),ALC,Ryanair,B38M,EI-IJD,C,FALSE,12:45,208
01-Apr-26,12:40,KL1139,Amsterdam (AMS),AMS,KLM,E295,PH-NXF,C,FALSE,12:33,118
01-Apr-26,12:45,EI205,Manchester (MAN),MAN,Aer Lingus,A21N,EI-XLV,C,FALSE,12:24,415
01-Apr-26,12:50,EI343,Zurich (ZRH),ZRH,Aer Lingus,A320,EI-DEP,C,FALSE,12:56,408
01-Apr-26,12:50,EI563,Barcelona (BCN),BCN,Aer Lingus,A20N,EI-NSD,C,FALSE,12:42,411
01-Apr-26,12:55,EI433,Milan (LIN),LIN,Aer Lingus,A320,EI-DVN,C,FALSE,12:50,411
01-Apr-26,13:00,FR7047,Malaga (AGP),AGP,Ryanair,B38M,EI-ILC,C,FALSE,12:53,207
01-Apr-26,13:00,PC1157,Istanbul (SAW),SAW,Pegasus,A21N,TC-RFS,C,FALSE,12:40,R101
01-Apr-26,13:05,EI353,Munich (MUC),MUC,Aer Lingus,A320,EI-DVH,C,FALSE,12:35,413
01-Apr-26,13:05,FR663,Birmingham (BHX),BHX,Ryanair,B738,SP-RKM,C,FALSE,13:30,206
01-Apr-26,13:05,FR2702,Seville (SVQ),SVQ,Ryanair,B38M,EI-IFS,C,FALSE,13:12,203
01-Apr-26,13:05,FR7359,Bari (BRI),BRI,Ryanair,B38M,EI-IHC,C,FALSE,13:07,209
01-Apr-26,13:10,FR1112,London (LGW),LGW,Ryanair,B738,9H-QCT,C,FALSE,12:47,205
01-Apr-26,13:15,EI50,Las Vegas (LAS),LAS,Aer Lingus,A332,EI-DUO,E,TRUE,12:13,407
01-Apr-26,13:15,EI3323,Manchester (MAN),MAN,Aer Lingus Regional,AT76,EI-HNA,B,FALSE,13:01,420
01-Apr-26,13:15,FR443,Liverpool (LPL),LPL,Ryanair,B738,EI-DLD,C,FALSE,13:14,201
01-Apr-26,13:15,FR5020,Pisa (PSA),PSA,Ryanair,B38M,EI-IHY,C,FALSE,13:19,202
01-Apr-26,13:25,EI643,Prague (PRG),PRG,Aer Lingus,A320,EI-EDS,C,FALSE,13:03,410
01-Apr-26,13:25,FR5569,Rome (FCO),FCO,Ryanair,B38M,EI-HMZ,C,FALSE,13:54,207
01-Apr-26,13:25,LG4883,Luxembourg (LUX),LUX,Luxair,DH8D,LX-LQB,B,FALSE,13:10,R101
01-Apr-26,13:30,EI159,London (LHR),LHR,Aer Lingus,A20N,EI-NSH,C,FALSE,13:05,406
01-Apr-26,13:35,EI403,Rome (FCO),FCO,Aer Lingus,A320,EI-EDP,C,FALSE,13:46,405
01-Apr-26,13:35,FR7379,Marrakesh (RAK),RAK,Ryanair,B738,SP-RNS,C,FALSE,13:34,203
01-Apr-26,13:40,EI661,Vienna (VIE),VIE,Aer Lingus,A320,EI-DVL,C,FALSE,13:28,410
01-Apr-26,13:40,EA3253,Edinburgh (EDI),EDI,Aer Lingus Regional,AT76,EI-FAT,B,FALSE,13:17,418
01-Apr-26,13:45,EI3265,Birmingham (BHX),BHX,Aer Lingus Regional,AT76,EI-GZV,B,FALSE,13:24,418
01-Apr-26,14:00,EI605,Amsterdam (AMS),AMS,Aer Lingus,A21N,EI-XLW,C,FALSE,13:49,412
01-Apr-26,14:05,EI451,Naples (NAP),NAP,Aer Lingus,A320,EI-GAL,C,FALSE,14:07,412
01-Apr-26,14:10,EI525,Paris (CDG),CDG,Aer Lingus,A21N,EI-LRA,C,FALSE,13:57,408
01-Apr-26,14:10,FR11,Madrid (MAD),MAD,Ryanair,B38M,EI-HGY,C,FALSE,14:44,203
01-Apr-26,14:15,FR9583,Iasi (IAS),IAS,Ryanair,B38M,EI-IHM,C,FALSE,14:16,204
01-Apr-26,14:20,EI3193,Liverpool (LPL),LPL,Aer Lingus Regional,AT76,EI-GPN,B,FALSE,14:04,403
01-Apr-26,14:20,EA3267,Birmingham (BHX),BHX,Aer Lingus Regional,AT76,EI-HPJ,B,FALSE,14:14,420
01-Apr-26,14:25,FR3994,Agadir (AGA),AGA,Ryanair,B738,EI-EVJ,C,FALSE,14:22,206
01-Apr-26,14:30,FR117,London (LGW),LGW,Ryanair,B738,9H-QAL,C,FALSE,14:18,205
01-Apr-26,14:30,FR203,London (STN),STN,Ryanair,B738,9H-QCF,C,FALSE,15:45,203
01-Apr-26,14:35,BA830,London (LHR),LHR,British Airways,A21N,G-NEOV,C,FALSE,14:20,425
01-Apr-26,14:35,EA3227,Glasgow (GLA),GLA,Aer Lingus Regional,AT76,EI-HPK,B,FALSE,14:11,422
01-Apr-26,14:40,EA3255,Edinburgh (EDI),EDI,Aer Lingus Regional,AT76,EI-HDK,B,FALSE,14:46,421
01-Apr-26,14:45,EI493,Faro (FAO),FAO,Aer Lingus,A320,EI-DVE,C,FALSE,14:24,413
01-Apr-26,14:45,EI581,Malaga (AGP),AGP,Aer Lingus,A333,EI-FNG,E,FALSE,14:38,406
01-Apr-26,14:45,FR327,Bucharest (OTP),OTP,Ryanair,B38M,9H-VVJ,C,FALSE,15:03,202
01-Apr-26,14:50,EI163,London (LHR),LHR,Aer Lingus,A20N,EI-NSE,C,FALSE,14:26,414
01-Apr-26,14:50,EI393,Hamburg (HAM),HAM,Aer Lingus,A320,EI-DEI,C,FALSE,14:31,411
01-Apr-26,14:50,EI673,Budapest (BUD),BUD,Aer Lingus,A320,EI-DVK,C,FALSE,14:09,403
01-Apr-26,14:50,FR557,Manchester (MAN),MAN,Ryanair,B738,EI-DPN,C,FALSE,14:53,209
01-Apr-26,15:00,H4473,Chisinau (RMO),RMO,HiSky,A320,YR-SKY,C,FALSE,14:42,R112
01-Apr-26,15:05,BA4464,London (LCY),LCY,British Airways,E190,G-LCYP,C,FALSE,14:51,425
01-Apr-26,15:05,FR507,Bristol (BRS),BRS,Ryanair,B38M,EI-IJA,C,FALSE,14:36,206
01-Apr-26,15:05,FR7033,Faro (FAO),FAO,Ryanair,B38M,EI-HMW,C,FALSE,16:19,205
01-Apr-26,15:10,EI533,Toulouse (TLS),TLS,Aer Lingus,A320,EI-DEJ,C,FALSE,14:48,410
01-Apr-26,15:10,FR331,London (LTN),LTN,Ryanair,B38M,EI-ILJ,C,FALSE,16:10,204
01-Apr-26,15:10,FR5556,Tenerife (TFS),TFS,Ryanair,B38M,EI-HEN,C,FALSE,15:08,209
01-Apr-26,15:16,UNI135,Innsbruck (INN),INN,Unicair,LJ45,D-CHLP,C,FALSE,14:29,R101
01-Apr-26,15:25,AF1816,Paris (CDG),CDG,Air France,BCS3,F-HZUJ,C,FALSE,15:39,115
01-Apr-26,15:25,FR7236,Malta (MLA),MLA,Ryanair,B738,EI-EBY,C,FALSE,15:53,208
01-Apr-26,15:25,QR17,Doha (DOH),DOH,Qatar Airways,B789,A7-BHK,E,FALSE,15:11,R101
01-Apr-26,15:30,EI209,Manchester (MAN),MAN,Aer Lingus,A320,EI-DEK,C,FALSE,15:18,403
01-Apr-26,15:30,FR153,Leeds (LBA),LBA,Ryanair,B738,9H-QAD,C,FALSE,15:26,210
01-Apr-26,15:32,,Split (SPU),SPU,Croatia Airlines,BCS3,9A-CAM,C,FALSE,15:22,R101
01-Apr-26,15:35,FR3007,Amsterdam (AMS),AMS,Ryanair,B738,SP-RNP,C,FALSE,15:15,204
01-Apr-26,15:45,EI165,London (LHR),LHR,Aer Lingus,A20N,EI-NSB,C,FALSE,15:28,407
01-Apr-26,15:55,FR1115,Reus (REU),REU,Ryanair,B738,SP-RND,C,FALSE,15:36,204
01-Apr-26,16:00,FR1557,Manchester (MAN),MAN,Ryanair,B738,9H-QBZ,C,FALSE,16:29,202
01-Apr-26,16:00,TK1977,Istanbul (IST),IST,Turkish Airlines,B39M,TC-LYA,C,FALSE,15:31,113
01-Apr-26,16:05,BA4466,London (LCY),LCY,British Airways,E190,G-LCYN,C,FALSE,15:48,426
01-Apr-26,16:05,FR665,Birmingham (BHX),BHX,Ryanair,B38M,EI-ILC,C,FALSE,16:24,205
01-Apr-26,16:05,FR5911,Lanzarote (ACE),ACE,Ryanair,B38M,9H-VUQ,C,FALSE,15:57,202
01-Apr-26,16:10,FR95,Gran Canaria (LPA),LPA,Ryanair,B38M,9H-VUZ,C,FALSE,16:26,203
01-Apr-26,16:15,FR1739,Valencia (VLC),VLC,Ryanair,B38M,EI-HET,C,FALSE,17:11,209
01-Apr-26,16:20,EI777,Lanzarote (ACE),ACE,Aer Lingus,A320,EI-DES,C,FALSE,16:15,R101
01-Apr-26,16:35,EI161,London (LHR),LHR,Aer Lingus,A20N,EI-NSA,C,FALSE,16:13,412
01-Apr-26,16:35,,Shannon (SNN),SNN,Aer Lingus,A320,EI-GAM,C,FALSE,,415
01-Apr-26,16:40,FR5150,Glasgow (GLA),GLA,Ryanair,B738,9H-QCT,C,FALSE,16:17,208
01-Apr-26,16:40,KL1141,Amsterdam (AMS),AMS,KLM,E190,PH-EZN,C,FALSE,16:37,118
01-Apr-26,16:45,EA3257,Edinburgh (EDI),EDI,Aer Lingus Regional,AT76,EI-GPO,B,FALSE,16:39,417
01-Apr-26,16:45,FX5201,Liege (LGG),LGG,FedEx,B763,N107FE,D,FALSE,16:21,R101
01-Apr-26,16:50,LH980,Frankfurt (FRA),FRA,Lufthansa,A321,D-AIRX,C,FALSE,16:43,R101
01-Apr-26,16:55,VL2518,Munich (MUC),MUC,Lufthansa City,A20N,D-AIJH,C,FALSE,16:46,R101
01-Apr-26,17:00,BA832,London (LHR),LHR,British Airways,A21N,G-TNEJ,C,FALSE,16:54,424
01-Apr-26,17:00,FR119,London (LGW),LGW,Ryanair,B38M,EI-IHC,C,FALSE,17:22,202
01-Apr-26,17:05,EI763,Tenerife (TFS),TFS,Aer Lingus,A320,EI-DVI,C,FALSE,17:01,405
01-Apr-26,17:05,FR4785,Newquay (NQY),NQY,Ryanair,B738,SP-RNS,C,FALSE,16:51,208
01-Apr-26,17:05,FR5071,Copenhagen (CPH),CPH,Ryanair,B38M,EI-IJN,C,FALSE,16:41,204
01-Apr-26,17:05,FR6186,Palma de Mallorca (PMI),PMI,Ryanair,B738,9H-QCO,C,FALSE,17:35,201
01-Apr-26,17:10,EI545,Nice (NCE),NCE,Aer Lingus,A320,EI-DER,C,FALSE,16:59,403
01-Apr-26,17:10,FR813,Edinburgh (EDI),EDI,Ryanair,B38M,EI-HMZ,C,FALSE,17:32,208
01-Apr-26,17:15,AY1385,Helsinki (HEL),HEL,Jettime,B738,OY-JZT,C,FALSE,17:13,R101
01-Apr-26,17:15,EI167,London (LHR),LHR,Aer Lingus,A20N,EI-NSD,C,FALSE,16:48,410
01-Apr-26,17:15,EI3225,Glasgow (GLA),GLA,Aer Lingus Regional,AT76,EI-HNA,B,FALSE,16:33,415
01-Apr-26,17:15,FR338,London (LTN),LTN,Ryanair,B38M,EI-IFS,C,FALSE,17:09,205
01-Apr-26,17:18,,Exeter (EXT),EXT,Aer Lingus Regional,AT76,EI-HPK,B,FALSE,18:15,418
01-Apr-26,17:20,EI527,Paris (CDG),CDG,Aer Lingus,A320,EI-FNJ,C,FALSE,17:06,406
01-Apr-26,17:20,FR262,Alicante (ALC),ALC,Ryanair,B38M,9H-VUL,C,FALSE,17:16,210
01-Apr-26,17:20,EI3331,Exeter (EXT),EXT,Aer Lingus Regional,AT76,EI-HPK,B,FALSE,,405
01-Apr-26,17:30,FR1443,Liverpool (LPL),LPL,Ryanair,B738,9H-QBD,C,FALSE,18:08,209
01-Apr-26,17:35,FR7045,Malaga (AGP),AGP,Ryanair,B738,EI-GXG,C,FALSE,17:28,204
01-Apr-26,17:40,EI609,Amsterdam (AMS),AMS,Aer Lingus,A320,EI-DEP,C,FALSE,17:25,407
01-Apr-26,17:45,EI405,Rome (FCO),FCO,Aer Lingus,A320,EI-DEH,C,FALSE,18:25,410
01-Apr-26,17:45,FR651,Lisbon (LIS),LIS,Ryanair,B738,SP-RKH,C,FALSE,18:16,207
01-Apr-26,17:45,FR9474,Nantes (NTE),NTE,Ryanair,B38M,EI-IHY,C,FALSE,17:39,208
01-Apr-26,17:50,EI3273,Birmingham (BHX),BHX,Aer Lingus Regional,AT76,EI-FAT,B,FALSE,,421
01-Apr-26,17:50,FR289,London (STN),STN,Ryanair,B738,EI-EVT,C,FALSE,17:37,208
01-Apr-26,17:50,FR4037,Milan (BGY),BGY,Ryanair,B38M,EI-ILO,C,FALSE,18:38,201
01-Apr-26,17:50,LX404,Zurich (ZRH),ZRH,Swiss,BCS1,HB-JBI,C,FALSE,17:52,R101
01-Apr-26,17:54,5X207,Louisville (SDF),SDF,UPS,B763,N346UP,D,FALSE,17:19,R101
01-Apr-26,17:55,FR312,Stockholm (ARN),ARN,Ryanair,B38M,EI-IKC,C,FALSE,17:30,203
01-Apr-26,17:55,FR2191,Zagreb (ZAG),ZAG,Lauda Europe,A320,9H-LOI,C,FALSE,17:42,203
01-Apr-26,17:58,,Birmingham (BHX),BHX,Aer Lingus Regional,AT76,EI-FAT,B,FALSE,19:17,418
01-Apr-26,18:00,EI743,Santiago de Compostela (SCQ),SCQ,Aer Lingus,A320,EI-DEL,C,FALSE,18:00,414
01-Apr-26,18:00,FR97,Prague (PRG),PRG,Ryanair,B38M,EI-IFW,C,FALSE,18:34,208
01-Apr-26,18:05,EI553,Lyon (LYS),LYS,Aer Lingus,A320,EI-DEM,C,FALSE,17:48,406
01-Apr-26,18:05,FR7366,Vienna (VIE),VIE,Ryanair,B738,SP-RKV,C,FALSE,18:12,206
01-Apr-26,18:05,,Isle of Man (IOM),IOM,Aer Lingus Regional,AT76,EI-HPJ,B,FALSE,,418
01-Apr-26,18:10,EI3217,Isle of Man (IOM),IOM,Aer Lingus,AT7,,B,FALSE,,410
01-Apr-26,18:20,EI169,London (LHR),LHR,Aer Lingus,A20N,EI-NSH,C,FALSE,17:46,403
01-Apr-26,18:20,FR5433,Ibiza (IBZ),IBZ,Ryanair,B738,SP-RKD,C,FALSE,18:10,201
01-Apr-26,18:20,SK2537,Copenhagen (CPH),CPH,SAS,A20N,EI-SIB,C,FALSE,18:06,R101
01-Apr-26,18:25,AF1116,Paris (CDG),CDG,Air France,BCS3,F-HZUU,C,FALSE,18:20,115
01-Apr-26,18:35,EA3931,Newquay (NQY),NQY,Aer Lingus Regional,AT76,EI-HDK,B,FALSE,18:43,420
01-Apr-26,18:40,BA4472,London (LCY),LCY,British Airways,E190,G-LCYS,C,FALSE,19:25,426
01-Apr-26,18:40,FR5307,Kerry (KIR),KIR,Ryanair,B738,SP-RNP,C,FALSE,18:28,202
01-Apr-26,18:40,FR7035,Faro (FAO),FAO,Ryanair,B738,EI-GXK,C,FALSE,18:41,209
01-Apr-26,18:45,EA3243,Aberdeen (ABZ),ABZ,Aer Lingus Regional,AT76,EI-GPN,B,FALSE,18:22,419
01-Apr-26,18:45,FR1453,Brussels (BRU),BRU,Ryanair,B738,SP-RKM,C,FALSE,18:36,208
01-Apr-26,18:50,BA810,London (LHR),LHR,British Airways,A320,G-EUUJ,C,FALSE,18:54,424
01-Apr-26,18:55,,Shannon (SNN),SNN,Aer Lingus,A320,EI-GAM,C,FALSE,18:31,415
01-Apr-26,19:00,FR121,London (LGW),LGW,Ryanair,B738,9H-QCF,C,FALSE,19:50,208
01-Apr-26,19:05,FR667,Birmingham (BHX),BHX,Ryanair,B38M,EI-ILJ,C,FALSE,20:18,201
01-Apr-26,19:05,FR7407,Palma de Mallorca (PMI),PMI,Lauda Europe,A320,9H-LMB,C,FALSE,19:30,206
01-Apr-26,19:05,SK2565,Stockholm (ARN),ARN,SAS,A20N,EI-SIU,C,FALSE,18:59,R101
01-Apr-26,19:10,FR1959,Nice (NCE),NCE,Ryanair,B738,SP-RSQ,C,FALSE,18:57,209
01-Apr-26,19:10,FR3101,Amsterdam (AMS),AMS,Ryanair,B738,9H-QAL,C,FALSE,18:50,207
01-Apr-26,19:15,EI749,Bilbao (BIO),BIO,Aer Lingus,A320,EI-EDS,C,FALSE,19:05,411
01-Apr-26,19:15,FR6874,Barcelona (BCN),BCN,Ryanair,B38M,EI-IJD,C,FALSE,19:58,208
01-Apr-26,19:20,FR205,London (STN),STN,Ryanair,B738,EI-DLV,C,FALSE,19:33,206
01-Apr-26,19:20,FR1924,Warsaw (WMI),WMI,Ryanair,B738,SP-RSG,C,FALSE,19:00,202
01-Apr-26,19:30,BA834,London (LHR),LHR,British Airways,A20N,G-TTSA,C,FALSE,19:22,426
01-Apr-26,19:30,BA4468,London (LCY),LCY,British Airways,E190,G-LCYP,C,FALSE,19:03,423
01-Apr-26,19:35,EI173,London (LHR),LHR,Aer Lingus,A20N,EI-NSE,C,FALSE,19:07,416
01-Apr-26,19:35,FR1861,Paris (BVA),BVA,Ryanair,B38M,EI-IJZ,C,FALSE,19:27,204
01-Apr-26,19:35,FR4284,Marseille (MRS),MRS,Ryanair,B738,EI-DCJ,C,FALSE,19:20,210
01-Apr-26,20:10,EI585,Malaga (AGP),AGP,Aer Lingus (Retro livery),A320,EI-DVM,C,FALSE,19:54,410
01-Apr-26,20:10,FR7055,Malaga (AGP),AGP,Ryanair,B738,EI-DPP,C,FALSE,20:02,209
01-Apr-26,20:10,FR8112,Faro (FAO),FAO,Ryanair,B738,9H-QBP,C,FALSE,19:52,204
01-Apr-26,20:20,DN507,Bucharest (OTP),OTP,Dan Air,A320,YR-JUL,C,FALSE,19:55,R101
01-Apr-26,20:20,FR5347,Katowice (KTW),KTW,Ryanair,B738,SP-RNG,C,FALSE,19:43,206
01-Apr-26,20:20,FR7079,Porto (OPO),OPO,Ryanair,B38M,EI-IFZ,C,FALSE,20:46,206
01-Apr-26,20:25,FR341,London (LTN),LTN,Ryanair,B738,9H-QFE,C,FALSE,19:53,203
01-Apr-26,20:30,FR7063,Alicante (ALC),ALC,Ryanair,B38M,EI-IHA,C,FALSE,20:31,201
01-Apr-26,20:35,FR456,Leeds (LBA),LBA,Ryanair,B38M,9H-VVL,C,FALSE,20:22,207
01-Apr-26,20:35,FR5325,Kosice (KSC),KSC,Ryanair,B38M,EI-IHM,C,FALSE,21:28,208
01-Apr-26,20:38,5X249,Shannon (SNN),SNN,UPS,B763,N391UP,D,FALSE,20:40,R101
01-Apr-26,20:40,FR1975,Poznan (POZ),POZ,Ryanair,B738,SP-RSU,C,FALSE,20:24,203
01-Apr-26,20:45,FR3382,Manchester (MAN),MAN,Ryanair,B738,SP-RND,C,FALSE,20:20,201
01-Apr-26,20:55,EI177,London (LHR),LHR,Aer Lingus,A20N,EI-NSA,C,FALSE,20:33,405
01-Apr-26,20:55,EI3229,Glasgow (GLA),GLA,Aer Lingus Regional,AT76,EI-HPK,B,FALSE,,411
01-Apr-26,20:55,VY8722,Barcelona (BCN),BCN,Vueling,A20N,EC-NIY,C,FALSE,21:03,110
01-Apr-26,21:10,EA3343,Jersey (JER),JER,Aer Lingus Regional,AT76,EI-GPO,B,FALSE,20:43,418
01-Apr-26,21:10,FR815,Edinburgh (EDI),EDI,Ryanair,B738,SP-RKV,C,FALSE,21:05,106
01-Apr-26,21:17,5O4394,Shannon (SNN),SNN,ASL Airlines,B738,F-HIQB,C,FALSE,21:12,R115
01-Apr-26,21:20,FR291,London (STN),STN,Ryanair,B738,EI-EVT,C,FALSE,21:15,103
01-Apr-26,21:20,FR494,Madrid (MAD),MAD,Ryanair,B38M,EI-HGY,C,FALSE,21:15,212
01-Apr-26,21:21,,Donegal (CFN),CFN,Aer Lingus Regional,AT76,EI-HPJ,B,FALSE,21:17,418
01-Apr-26,21:25,FR449,Liverpool (LPL),LPL,Ryanair,B38M,EI-IFT,C,FALSE,21:20,107
01-Apr-26,21:25,FR509,Bristol (BRS),BRS,Ryanair,B38M,EI-IKR,C,FALSE,21:20,211
01-Apr-26,21:30,EI277,Birmingham (BHX),BHX,Aer Lingus,A320,EI-DEL,C,FALSE,21:22,406
01-Apr-26,21:30,EI3409,Donegal (CFN),CFN,Aer Lingus,AT7,,B,FALSE,21:22,417
01-Apr-26,21:30,FR559,Manchester (MAN),MAN,Ryanair,B738,9H-QAR,C,FALSE,21:25,104
01-Apr-26,21:35,EI3309,Southampton (SOU),SOU,Aer Lingus,AT7,,B,FALSE,21:27,418
01-Apr-26,21:35,,Southampton (SOU),SOU,Aer Lingus Regional,AT76,EI-HNA,B,FALSE,21:31,418
01-Apr-26,21:40,,Bristol (BRS),BRS,Aer Lingus Regional,AT76,EI-GZV,B,FALSE,21:36,418
01-Apr-26,21:45,EI657,Frankfurt (FRA),FRA,Aer Lingus,A320,EI-DEK,C,FALSE,21:37,414
01-Apr-26,21:45,EI3259,Edinburgh (EDI),EDI,Aer Lingus,AT7,,B,FALSE,21:37,419
01-Apr-26,21:45,EI3289,Bristol (BRS),BRS,Aer Lingus,AT7,,B,FALSE,21:37,420
01-Apr-26,21:49,,Edinburgh (EDI),EDI,Aer Lingus Regional,AT76,EI-FAT,B,FALSE,21:45,418
01-Apr-26,21:50,BA4470,London (LCY),LCY,British Airways,E190,G-LCAH,C,FALSE,21:45,424
01-Apr-26,21:50,FR17,Newcastle (NCL),NCL,Ryanair,B738,SP-RKM,C,FALSE,21:45,201
01-Apr-26,22:00,EI699,Dusseldorf (DUS),DUS,Aer Lingus,A320,EI-DEJ,C,FALSE,21:52,409
01-Apr-26,22:00,FR3103,Amsterdam (AMS),AMS,Ryanair,B738,SP-RKH,C,FALSE,21:55,208
01-Apr-26,22:00,FR3670,Berlin (BER),BER,Ryanair,B38M,9H-VUZ,C,FALSE,21:55,214
01-Apr-26,22:05,EI357,Munich (MUC),MUC,Aer Lingus,A20N,EI-NSB,C,FALSE,21:57,411
01-Apr-26,22:05,EI639,Brussels (BRU),BRU,Aer Lingus,A320,EI-FNJ,C,FALSE,21:57,407
01-Apr-26,22:05,EI757,Seville (SVQ),SVQ,Aer Lingus,A320,EI-DVH,C,FALSE,21:57,416
01-Apr-26,22:05,EI3329,Manchester (MAN),MAN,Aer Lingus,AT7,,B,FALSE,21:57,422
01-Apr-26,22:05,,Manchester (MAN),MAN,Aer Lingus Regional,AT76,EI-HDK,B,FALSE,22:01,418
01-Apr-26,22:10,EI349,Zurich (ZRH),ZRH,Aer Lingus,A320,EI-DVE,C,FALSE,22:02,412
01-Apr-26,22:10,FR9612,Rome (FCO),FCO,Ryanair,B738,EI-DPN,C,FALSE,22:05,110
01-Apr-26,22:15,FR123,London (LGW),LGW,Ryanair,B738,SP-RKD,C,FALSE,22:10,102
01-Apr-26,22:15,LH982,Frankfurt (FRA),FRA,Lufthansa,A321,D-AIRL,C,FALSE,22:09,117
01-Apr-26,22:20,EI611,Amsterdam (AMS),AMS,Aer Lingus,A20N,EI-NSD,C,FALSE,22:12,403
01-Apr-26,22:25,KL1145,Amsterdam (AMS),AMS,KLM,B738,PH-BXA,C,FALSE,22:18,119
01-Apr-26,22:30,EI183,London (LHR),LHR,Aer Lingus,A20N,EI-NSH,C,FALSE,22:22,415
01-Apr-26,22:30,EI3275,Birmingham (BHX),BHX,Aer Lingus,AT7,,B,FALSE,22:22,421
01-Apr-26,22:33,,Birmingham (BHX),BHX,Aer Lingus Regional,AT76,EI-GPN,B,FALSE,22:29,418
01-Apr-26,22:35,FR669,Birmingham (BHX),BHX,Ryanair,B738,EI-DPP,C,FALSE,22:30,209
01-Apr-26,22:40,AF1016,Paris (CDG),CDG,Air France,BCS3,F-HZUK,C,FALSE,22:34,114
01-Apr-26,22:40,EI529,Paris (CDG),CDG,Aer Lingus,A320,EI-DEP,C,FALSE,22:32,405
01-Apr-26,22:50,FR8131,Malaga (AGP),AGP,Ryanair,B38M,EI-ILC,C,FALSE,22:45,203
01-Apr-26,23:05,EI497,Faro (FAO),FAO,Aer Lingus,A320,EI-DVN,C,FALSE,22:57,408
01-Apr-26,23:05,TK1173,Istanbul (IST),IST,Turkish Airlines,B39M,TC-LYC,C,FALSE,23:02,113
01-Apr-26,23:06,REV999,Nottingham (EMA),EMA,RVL Aviation,BE20,G-REXB,C,FALSE,23:06,R116
01-Apr-26,23:10,EI337,Berlin (BER),BER,Aer Lingus,A320,EI-DER,C,FALSE,23:02,410
01-Apr-26,23:10,EI587,Malaga (AGP),AGP,Aer Lingus,A320,EI-DVK,C,FALSE,23:02,413
01-Apr-26,23:10,H4243,Iasi (IAS),IAS,HiSky,A320,YR-SKY,C,FALSE,23:10,R117
01-Apr-26,23:20,FR210,London (STN),STN,Ryanair,B738,EI-DLV,C,FALSE,23:15,109
01-Apr-26,23:20,FR2024,Krakow (KRK),KRK,Ryanair,B38M,EI-IHC,C,FALSE,23:15,207
01-Apr-26,23:25,FR127,London (LGW),LGW,Ryanair,B738,SP-RSQ,C,FALSE,23:20,205
01-Apr-26,23:25,FR561,Manchester (MAN),MAN,Ryanair,B38M,EI-HGP,C,FALSE,23:20,213
01-Apr-26,23:25,FR8116,Nottingham (EMA),EMA,Ryanair,B738,EI-EBK,C,FALSE,23:20,112
01-Apr-26,23:35,FR5562,Glasgow (GLA),GLA,Ryanair,B738,SP-RND,C,FALSE,23:30,204
01-Apr-26,23:35,FR8108,Reus (REU),REU,Ryanair,B738,9H-QCO,C,FALSE,23:30,202
01-Apr-26,23:40,FR830,Venice (VCE),VCE,Ryanair,B38M,EI-IFS,C,FALSE,23:35,111
01-Apr-26,23:50,EI437,Milan (MXP),MXP,Aer Lingus,A320,EI-DES,C,FALSE,23:42,404
01-Apr-26,23:55,FR6908,Bydgoszcz (BZG),BZG,Ryanair,B38M,EI-IHY,C,FALSE,23:50,210
01-Apr-26,23:55,FR7137,Lisbon (LIS),LIS,Ryanair,B738,SP-RNS,C,FALSE,23:50,105
01-Apr-26,23:55,TP1326,Lisbon (LIS),LIS,TAP Express,E195,CS-TAX,C,FALSE,23:50,112
01-Apr-26,23:59,FR6131,Naples (NAP),NAP,Ryanair,B38M,9H-VUQ,C,FALSE,23:54,113
02-Apr-26,00:01,,Teterboro (TEB),TEB,NetJets,GLEX,CS-GLD,C,FALSE,00:01,R110
02-Apr-26,00:05,FR256,London (STN),STN,Ryanair,B38M,EI-IHM,C,FALSE,00:00,114
02-Apr-26,00:05,FR1026,Budapest (BUD),BUD,Ryanair,B38M,EI-HMZ,C,FALSE,00:00,115
02-Apr-26,00:20,EI779,Lanzarote (ACE),ACE,Aer Lingus,A320,EI-EDP,C,FALSE,00:12,402
02-Apr-26,00:20,FR6900,Palermo (PMO),PMO,Ryanair,B38M,EI-HET,C,FALSE,00:15,116
02-Apr-26,00:35,FR635,Cardiff (CWL),CWL,Ryanair,7M8,,C,FALSE,,205
02-Apr-26,00:35,FR5243,Bodrum (BJV),BJV,Ryanair,B738,EI-EVJ,C,FALSE,01:27,207
02-Apr-26,00:45,EI765,Tenerife (TFS),TFS,Aer Lingus,A320,EI-GAL,C,FALSE,00:21,403
02-Apr-26,00:45,FR3096,Szczecin (SZZ),SZZ,Ryanair,B738,9H-QAL,C,FALSE,00:34,205
02-Apr-26,00:45,FR3781,Mahon (MAH),MAH,Ryanair,B738,9H-QBD,C,FALSE,00:53,203
02-Apr-26,00:50,FR883,Fuerteventura (FUE),FUE,Ryanair,B738,9H-QAD,C,FALSE,01:04,209
02-Apr-26,00:50,LH8321,Birmingham (BHX),BHX,Lufthansa Cargo,A321,D-AEUA,C,FALSE,00:29,R101
02-Apr-26,00:52,OJ300,Karlsruhe / Baden-Baden (FKB),FKB,NyxAir,AT75,ES-NTC,B,FALSE,00:55,R101
02-Apr-26,00:55,EI565,Barcelona (BCN),BCN,Aer Lingus,A320,EI-DEH,C,FALSE,00:44,415
02-Apr-26,00:55,FR1391,Thessaloniki (SKG),SKG,Ryanair,B38M,EI-HMW,C,FALSE,01:20,206
02-Apr-26,00:55,FR6920,Barcelona (BCN),BCN,Ryanair,B738,SP-RNP,C,FALSE,00:59,202
02-Apr-26,00:59,EI487,Lisbon (LIS),LIS,Aer Lingus,A320,EI-DVI,C,FALSE,00:41,413
02-Apr-26,01:01,FR1381,Split (SPU),SPU,Ryanair,B38M,EI-IFW,C,FALSE,01:37,201
02-Apr-26,01:01,FR4223,Bratislava (BTS),BTS,Ryanair,B38M,EI-IJD,C,FALSE,02:35,204
02-Apr-26,01:01,FR7125,Lanzarote (ACE),ACE,Ryanair,B38M,EI-HEN,C,FALSE,00:57,201
02-Apr-26,01:05,FR7001,Girona (GRO),GRO,Ryanair,B38M,EI-HGP,C,FALSE,02:02,202
02-Apr-26,01:10,FR9429,Milan (BGY),BGY,Ryanair,B738,9H-QCF,C,FALSE,01:57,201
02-Apr-26,01:15,FR7120,Tenerife (TFS),TFS,Ryanair,B38M,9H-VVJ,C,FALSE,01:01,203
02-Apr-26,01:49,XM358,Birmingham (BHX),BHX,Zimex Aviation,AT72,HB-AFJ,B,FALSE,01:31,R101
02-Apr-26,03:32,,Barcelona (BCN),BCN,Ryanair,B738,9H-QDR,C,FALSE,04:02,208
02-Apr-26,03:56,,Nottingham (EMA),EMA,DHL,A306,D-AEAL,C,FALSE,04:07,R101
02-Apr-26,04:30,EI104,New York (JFK),JFK,Aer Lingus,A333,EI-DUZ,E,TRUE,03:40,405
02-Apr-26,00:35,FR635,Cardiff (CWL),CWL,Ryanair,7M8,,C,FALSE,,205
02-Apr-26,00:35,FR5243,Bodrum (BJV),BJV,Ryanair,B738,EI-EVJ,C,FALSE,01:27,207
02-Apr-26,00:45,EI765,Tenerife (TFS),TFS,Aer Lingus,A320,EI-GAL,C,FALSE,00:21,403
02-Apr-26,00:45,FR3096,Szczecin (SZZ),SZZ,Ryanair,B738,9H-QAL,C,FALSE,00:34,205
02-Apr-26,00:45,FR3781,Mahon (MAH),MAH,Ryanair,B738,9H-QBD,C,FALSE,00:53,203
02-Apr-26,00:50,FR883,Fuerteventura (FUE),FUE,Ryanair,B738,9H-QAD,C,FALSE,01:04,209
02-Apr-26,00:50,LH8321,Birmingham (BHX),BHX,Lufthansa Cargo,A321,D-AEUA,C,FALSE,00:29,R101
02-Apr-26,00:52,OJ300,Karlsruhe / Baden-Baden (FKB),FKB,NyxAir,AT75,ES-NTC,B,FALSE,00:55,R101
02-Apr-26,00:55,EI565,Barcelona (BCN),BCN,Aer Lingus,A320,EI-DEH,C,FALSE,00:44,415
02-Apr-26,00:55,FR1391,Thessaloniki (SKG),SKG,Ryanair,B38M,EI-HMW,C,FALSE,01:20,206
02-Apr-26,00:55,FR6920,Barcelona (BCN),BCN,Ryanair,B738,SP-RNP,C,FALSE,00:59,202
02-Apr-26,00:59,EI487,Lisbon (LIS),LIS,Aer Lingus,A320,EI-DVI,C,FALSE,00:41,413
02-Apr-26,01:01,FR1381,Split (SPU),SPU,Ryanair,B38M,EI-IFW,C,FALSE,01:37,201
02-Apr-26,01:01,FR4223,Bratislava (BTS),BTS,Ryanair,B38M,EI-IJD,C,FALSE,02:35,204
02-Apr-26,01:01,FR7125,Lanzarote (ACE),ACE,Ryanair,B38M,EI-HEN,C,FALSE,00:57,201
02-Apr-26,01:05,FR7001,Girona (GRO),GRO,Ryanair,B38M,EI-HGP,C,FALSE,02:02,202
02-Apr-26,01:10,FR9429,Milan (BGY),BGY,Ryanair,B738,9H-QCF,C,FALSE,01:57,201
02-Apr-26,01:15,FR7120,Tenerife (TFS),TFS,Ryanair,B38M,9H-VVJ,C,FALSE,01:01,203
02-Apr-26,01:49,XM358,Birmingham (BHX),BHX,Zimex Aviation,AT72,HB-AFJ,B,FALSE,01:31,R101
02-Apr-26,03:32,,Barcelona (BCN),BCN,Ryanair,B738,9H-QDR,C,FALSE,04:02,208
02-Apr-26,03:56,,Nottingham (EMA),EMA,DHL,A306,D-AEAL,C,FALSE,04:07,R101
02-Apr-26,04:30,EI104,New York (JFK),JFK,Aer Lingus,A333,EI-DUZ,E,TRUE,03:40,405
02-Apr-26,04:32,QY2886,Brussels (BRU),BRU,DHL,B738,EC-NUG,C,FALSE,04:35,R101
02-Apr-26,04:35,EI132,Boston (BOS),BOS,Aer Lingus,A21N,EI-LRC,C,TRUE,03:17,416
02-Apr-26,04:38,FX5051,Indianapolis (IND),IND,FedEx,B763,N125FE,D,FALSE,04:17,R101
02-Apr-26,04:45,5O4294,Paris (CDG),CDG,ASL Airlines,B738,F-HIQB,C,FALSE,04:37,R115
02-Apr-26,04:52,5X248,Cologne (CGN),CGN,UPS,B763,N364UP,D,FALSE,04:24,R101
02-Apr-26,05:10,EI122,Chicago (ORD),ORD,Aer Lingus,A333,EI-EDY,E,TRUE,04:39,406
02-Apr-26,05:10,EI126,Toronto (YYZ),YYZ,Aer Lingus,A333,EI-FNH,E,TRUE,04:27,407
02-Apr-26,05:11,QY2882,Leipzig (LEJ),LEJ,Titan Airways,A321,9H-ZTB,C,FALSE,05:27,R101
02-Apr-26,05:15,EI100,New York (EWR),EWR,Aer Lingus,A21N,EI-LRF,C,TRUE,04:32,408
02-Apr-26,05:15,EI116,Washington (IAD),IAD,Aer Lingus,A21N,EI-XLR,C,TRUE,03:59,409
02-Apr-26,05:15,EI130,Windsor Locks (BDL),BDL,Aer Lingus,A21N,EI-LRD,C,TRUE,04:13,410
02-Apr-26,06:01,FX5202,London (STN),STN,FedEx,B763,N107FE,D,FALSE,05:49,R101
02-Apr-26,06:30,AA722,Philadelphia (PHL),PHL,American Airlines,B788,N882BL,E,TRUE,05:33,416
02-Apr-26,07:00,FR559,Manchester (MAN),MAN,Ryanair,B738,EI-DLX,C,FALSE,06:43,104
02-Apr-26,07:00,HU751,Beijing (PEK),PEK,Hainan Airlines,A333,B-1021,E,FALSE,07:13,R101
02-Apr-26,07:05,FR153,Leeds (LBA),LBA,Ryanair,B738,9H-QAT,C,FALSE,06:38,210
02-Apr-26,07:12,,London (STN),STN,Ryanair,B738,9H-QAY,C,FALSE,07:41,208
02-Apr-26,07:20,UA310,Washington (IAD),IAD,United Airlines,B752,N14106,D,TRUE,09:33,419
02-Apr-26,07:20,FR3670,Berlin (BER),BER,Ryanair,B738,9H-QBF,C,FALSE,07:06,214
02-Apr-26,07:30,UA23,New York (EWR),EWR,United Airlines,B772,N78003,E,TRUE,07:01,419
02-Apr-26,07:30,FR11,Madrid (MAD),MAD,Ryanair,B738,9H-QBB,C,FALSE,07:25,203
02-Apr-26,07:30,FR23,Paris (BVA),BVA,Ryanair,B38M,EI-IGO,C,FALSE,07:07,203
02-Apr-26,07:40,FR7662,Poznan (POZ),POZ,Ryanair,B738,SP-RSB,C,FALSE,07:46,201
02-Apr-26,07:45,BA824,London (LHR),LHR,British Airways,A20N,G-TTSD,C,FALSE,07:50,424
02-Apr-26,07:45,QR19,Doha (DOH),DOH,Qatar Airways,B789,A7-BHO,E,FALSE,07:35,R101
02-Apr-26,07:50,FR271,London (STN),STN,Ryanair,B38M,EI-IHP,C,FALSE,07:27,205
02-Apr-26,07:50,FR5020,Pisa (PSA),PSA,Ryanair,B38M,EI-ILN,C,FALSE,07:20,202
02-Apr-26,07:55,DL258,Minneapolis (MSP),MSP,Delta Air Lines,A333,N810NW,E,TRUE,07:10,406
02-Apr-26,07:55,LX402,Zurich (ZRH),ZRH,airBaltic,BCS3,YL-BTB,C,FALSE,08:01,R101
02-Apr-26,08:00,FR1024,Budapest (BUD),BUD,Ryanair,B738,SP-RKN,C,FALSE,07:32,R101
02-Apr-26,08:00,FR7007,Vienna (VIE),VIE,Lauda Europe,A320,9H-LOU,C,FALSE,07:30,207
02-Apr-26,08:05,BA4460,London (LCY),LCY,British Airways,E190,G-LCYL,C,FALSE,07:43,423
02-Apr-26,08:05,LH976,Frankfurt (FRA),FRA,Lufthansa,A319,D-AIBC,C,FALSE,07:52,116
02-Apr-26,08:10,FR435,Liverpool (LPL),LPL,Ryanair,B738,EI-EVJ,C,FALSE,07:54,203
02-Apr-26,08:15,EI88,Minneapolis (MSP),MSP,Aer Lingus,A21N,EI-XLV,C,TRUE,07:04,402
02-Apr-26,08:15,AC800,Toronto (YYZ),YYZ,Air Canada,B789,C-FNOE,E,TRUE,07:38,413
02-Apr-26,08:15,AF1616,Paris (CDG),CDG,Air France,BCS3,F-HZUV,C,FALSE,08:08,115
02-Apr-26,08:15,EI86,Cleveland (CLE),CLE,Aer Lingus,A21N,EI-XLW,C,TRUE,07:23,401
02-Apr-26,08:17,,London (STN),STN,Ryanair,B738,9H-QAY,C,FALSE,,208
02-Apr-26,08:20,FR262,Alicante (ALC),ALC,Ryanair,B738,EI-EBF,C,FALSE,08:20,210
02-Apr-26,08:20,KL1135,Amsterdam (AMS),AMS,KLM,E295,PH-NXU,C,FALSE,08:11,118
02-Apr-26,08:25,EI82,Indianapolis (IND),IND,Aer Lingus,A21N,EI-XLU,C,FALSE,07:47,403
02-Apr-26,08:25,EI136,Boston (BOS),BOS,Aer Lingus,A333,EI-FNG,E,TRUE,07:16,404
02-Apr-26,08:30,FR3881,Dubrovnik (DBV),DBV,Ryanair,B738,SP-RSC,C,FALSE,08:17,204
02-Apr-26,08:45,DL176,Atlanta (ATL),ATL,Delta Air Lines,B764,N825MH,D,TRUE,08:14,403
02-Apr-26,08:50,EI106,New York (JFK),JFK,Aer Lingus,A21N,EI-LRA,C,TRUE,07:57,403
02-Apr-26,08:50,EI3401,Donegal (CFN),CFN,Aer Lingus Regional,AT76,EI-GPO,B,FALSE,08:33,420
02-Apr-26,08:50,FR809,Edinburgh (EDI),EDI,Ryanair,B738,SP-RKV,C,FALSE,08:30,208
02-Apr-26,08:55,EI118,Washington (IAD),IAD,Aer Lingus,A21N,EI-LRE,C,TRUE,09:19,415
02-Apr-26,08:55,AY1381,Helsinki (HEL),HEL,Jettime,B738,OY-JYC,C,FALSE,08:56,409
02-Apr-26,08:55,EY45,Abu Dhabi (AUH),AUH,Etihad Airways,B789,A6-BLQ,E,FALSE,12:28,R101
02-Apr-26,09:00,EI151,London (LHR),LHR,Aer Lingus,A20N,EI-NSG,C,FALSE,08:40,403
02-Apr-26,09:05,IB1881,Madrid (MAD),MAD,Iberia Express,A320,EC-KOH,C,FALSE,09:05,110
02-Apr-26,09:10,FR7045,Malaga (AGP),AGP,Ryanair,B738,EI-DWP,C,FALSE,09:07,204
02-Apr-26,09:10,VY8720,Barcelona (BCN),BCN,Vueling,A320,EC-MER,C,FALSE,09:21,111
02-Apr-26,09:15,DL44,New York (JFK),JFK,Delta Air Lines,B763,N1603,D,TRUE,08:25,404
02-Apr-26,09:15,EI203,Manchester (MAN),MAN,Aer Lingus,A320,EI-DEP,C,FALSE,09:17,408
02-Apr-26,09:20,EI120,Orlando (MCO),MCO,Aer Lingus,A333,EI-EIL,E,TRUE,08:35,411
02-Apr-26,09:20,EI263,Birmingham (BHX),BHX,Aer Lingus,A320,EI-DEL,C,FALSE,09:23,416
02-Apr-26,09:35,AA724,Charlotte (CLT),CLT,American Airlines,B772,N776AN,E,TRUE,09:35,417
02-Apr-26,09:35,TK1975,Istanbul (IST),IST,Turkish Airlines,A21N,TC-LSM,C,FALSE,09:15,114
02-Apr-26,09:40,BA826,London (LHR),LHR,British Airways,A320,G-EUUC,C,FALSE,09:27,423
02-Apr-26,09:40,FR363,Funchal (FNC),FNC,Ryanair,B38M,EI-IKN,C,FALSE,09:39,210
02-Apr-26,09:45,AA132,Dallas (DFW),DFW,American Airlines,B788,N812AA,E,TRUE,09:10,416
02-Apr-26,09:45,EI401,Rome (FCO),FCO,Aer Lingus,A320,EI-DVG,C,FALSE,09:31,406
02-Apr-26,09:45,UA980,Chicago (ORD),ORD,United Airlines,B788,N26906,E,TRUE,09:02,418
02-Apr-26,09:50,EA3221,Glasgow (GLA),GLA,Aer Lingus Regional,AT76,EI-GZV,B,FALSE,09:44,421
02-Apr-26,09:50,EA3251,Edinburgh (EDI),EDI,Aer Lingus Regional,AT76,EI-HPK,B,FALSE,09:46,421
02-Apr-26,09:50,EI3391,Leeds (LBA),LBA,Aer Lingus Regional,AT76,G-CMMT,B,FALSE,,421
02-Apr-26,09:50,FR31,London (STN),STN,Ryanair,B38M,EI-IFW,C,FALSE,09:48,208
02-Apr-26,09:55,FR561,Manchester (MAN),MAN,Ryanair,B738,EI-DLX,C,FALSE,09:52,213
02-Apr-26,09:55,FR661,Birmingham (BHX),BHX,Ryanair,B38M,EI-IHM,C,FALSE,09:41,206
02-Apr-26,09:55,LH2516,Munich (MUC),MUC,Lufthansa,A321,D-AIRS,C,FALSE,09:42,119
02-Apr-26,09:59,,Leeds (LBA),LBA,Aer Lingus Regional,AT76,EI-FAT,B,FALSE,10:08,418
02-Apr-26,10:00,EA3351,Newcastle (NCL),NCL,Aer Lingus Regional,AT76,EI-HPJ,B,FALSE,10:01,419
02-Apr-26,10:00,FR505,Bristol (BRS),BRS,Ryanair,B738,9H-QBD,C,FALSE,10:22,207
02-Apr-26,10:00,WS34,Toronto (YYZ),YYZ,WestJet,B38M,C-GRAG,C,TRUE,09:13,R101
02-Apr-26,10:05,FR113,London (LGW),LGW,Ryanair,B738,SP-RKH,C,FALSE,10:02,209
02-Apr-26,10:05,FR275,Glasgow (GLA),GLA,Ryanair,B738,SP-RKD,C,FALSE,09:56,201
02-Apr-26,10:10,FR441,Liverpool (LPL),LPL,Ryanair,B738,EI-GSK,C,FALSE,09:58,206
02-Apr-26,10:15,EI153,London (LHR),LHR,Aer Lingus,A20N,EI-NSB,C,FALSE,09:54,416
02-Apr-26,10:15,FR1987,Nantes (NTE),NTE,Ryanair,B738,9H-QCF,C,FALSE,10:29,205
02-Apr-26,10:20,EI603,Amsterdam (AMS),AMS,Aer Lingus,A320,EI-EDS,C,FALSE,10:35,405
02-Apr-26,10:20,EI3321,Manchester (MAN),MAN,Aer Lingus Regional,AT76,EI-HDK,B,FALSE,10:27,419
02-Apr-26,10:20,,Cardiff (CWL),CWL,Ryanair,B38M,EI-HGY,C,FALSE,10:13,208
02-Apr-26,10:25,KL1137,Amsterdam (AMS),AMS,KLM,B738,PH-BXZ,C,FALSE,10:20,119
02-Apr-26,10:25,SK4603,Oslo (OSL),OSL,SAS,32N,,C,FALSE,,R101
02-Apr-26,10:30,FR537,Nottingham (EMA),EMA,Ryanair,B38M,EI-ILA,C,FALSE,10:10,204
02-Apr-26,10:35,EI124,Chicago (ORD),ORD,Aer Lingus,A333,EI-GCF,E,TRUE,10:04,404
02-Apr-26,10:35,BA4462,London (LCY),LCY,British Airways,E190,G-LCAH,C,FALSE,10:30,425
02-Apr-26,10:35,FR1983,Biarritz (BIQ),BIQ,Ryanair,B38M,EI-IHY,C,FALSE,10:16,208
02-Apr-26,10:40,UA228,Washington (IAD),IAD,United Airlines,B752,N17128,D,TRUE,10:24,418
02-Apr-26,10:45,DL154,Boston (BOS),BOS,Delta Air Lines,B763,N177DZ,D,TRUE,09:49,403
02-Apr-26,10:45,EA3243,Aberdeen (ABZ),ABZ,Aer Lingus Regional,AT76,EI-GPN,B,FALSE,10:40,419
02-Apr-26,10:45,FR331,London (LTN),LTN,Ryanair,B38M,9H-VUZ,C,FALSE,10:41,204
02-Apr-26,10:55,EI3551,Edinburgh (EDI),EDI,Aer Lingus Regional,AT76,EI-HNA,B,FALSE,,417
02-Apr-26,10:55,FR421,Amsterdam (AMS),AMS,Ryanair,B738,EI-DPP,C,FALSE,10:58,210
02-Apr-26,10:55,FR1985,Carcassonne (CCF),CCF,Ryanair,B38M,EI-HGP,C,FALSE,10:45,205
02-Apr-26,10:55,FR5126,Hamburg (HAM),HAM,Ryanair,B738,9H-QDR,C,FALSE,11:26,206
02-Apr-26,10:55,SK535,Stockholm (ARN),ARN,SAS,A20N,EI-SCE,C,FALSE,10:37,R101
02-Apr-26,10:59,,Edinburgh (EDI),EDI,Aer Lingus Regional,AT76,EI-HNA,B,FALSE,11:01,418
02-Apr-26,11:00,EI3301,Southampton (SOU),SOU,Aer Lingus Regional,AT76,EI-GPP,B,FALSE,,418
02-Apr-26,11:05,EI631,Brussels (BRU),BRU,Aer Lingus,A320,EI-FNJ,C,FALSE,11:23,416
02-Apr-26,11:05,FR658,Brussels (BRU),BRU,Ryanair,B738,SP-RSQ,C,FALSE,11:06,203
02-Apr-26,11:10,FR115,London (LGW),LGW,Ryanair,B738,SP-RKM,C,FALSE,11:20,208
02-Apr-26,11:10,UA317,New York (EWR),EWR,United Airlines,B752,N13113,D,TRUE,10:18,419
02-Apr-26,11:15,EI521,Paris (CDG),CDG,Aer Lingus,A21N,EI-XLR,C,FALSE,11:02,410
02-Apr-26,11:15,GR686,Guernsey (GCI),GCI,Titan Airways,E190,G-POWX,C,FALSE,11:09,R101
02-Apr-26,11:20,EI155,London (LHR),LHR,Aer Lingus,A20N,EI-NSE,C,FALSE,11:17,411
02-Apr-26,11:25,EI693,Dusseldorf (DUS),DUS,Aer Lingus,A320,EI-DES,C,FALSE,11:40,411
02-Apr-26,11:25,LM51,Aberdeen (ABZ),ABZ,Loganair,AT76,G-LMTE,B,FALSE,12:08,R101
02-Apr-26,11:30,EI681,Geneva (GVA),GVA,Aer Lingus,A20N,EI-NSA,C,FALSE,11:14,413
02-Apr-26,11:30,XQ532,Antalya (AYT),AYT,SunExpress,B38M,TC-SMI,C,FALSE,11:15,R101
02-Apr-26,11:35,FR612,Kerry (KIR),KIR,Ryanair,B38M,EI-HGY,C,FALSE,13:12,204
02-Apr-26,11:39,,Farnborough (FAB),FAB,NetJets,E55P,CS-PHV,C,FALSE,11:43,R110
02-Apr-26,11:40,EI108,New York (JFK),JFK,Aer Lingus,A21N,EI-LRG,C,TRUE,10:33,411
02-Apr-26,11:40,LH978,Frankfurt (FRA),FRA,Lufthansa,A321,D-AIRO,C,FALSE,11:32,119
02-Apr-26,11:45,EI60,San Francisco (SFO),SFO,Aer Lingus,A333,EI-EIN,E,TRUE,11:11,406
02-Apr-26,11:45,FR9457,Bologna (BLQ),BLQ,Ryanair,B38M,EI-HMW,C,FALSE,11:35,210
02-Apr-26,11:50,FR813,Edinburgh (EDI),EDI,Ryanair,B38M,EI-IFW,C,FALSE,13:20,208
02-Apr-26,11:50,SK537,Copenhagen (CPH),CPH,SAS,A20N,EI-SCH,C,FALSE,11:30,R101
02-Apr-26,12:05,EI142,Cancun (CUN),CUN,Aer Lingus,A333,EI-GAJ,E,FALSE,11:28,409
02-Apr-26,12:05,BA828,London (LHR),LHR,British Airways,A21N,G-NEOP,C,FALSE,12:26,423
02-Apr-26,12:05,EI333,Berlin (BER),BER,Aer Lingus,A320,EI-DEJ,C,FALSE,11:57,415
02-Apr-26,12:05,WF372,Bergen (BGO),BGO,Wideroe,E290,LN-WEA,C,FALSE,11:54,R101
02-Apr-26,12:10,EI651,Frankfurt (FRA),FRA,Aer Lingus,A320,EI-DEI,C,FALSE,11:50,405
02-Apr-26,12:10,FR651,Lisbon (LIS),LIS,Ryanair,B738,EI-EBK,C,FALSE,13:06,207
02-Apr-26,12:10,FR6874,Barcelona (BCN),BCN,Ryanair,B738,9H-QAR,C,FALSE,12:54,208
02-Apr-26,12:10,FR7763,Alicante (ALC),ALC,Ryanair,B38M,EI-HMZ,C,FALSE,12:10,208
02-Apr-26,12:10,LX400,Zurich (ZRH),ZRH,Swiss,BCS3,HB-JCM,C,FALSE,11:59,R101
02-Apr-26,12:15,FR942,Palma de Mallorca (PMI),PMI,Ryanair,B38M,EI-HET,C,FALSE,12:01,207
02-Apr-26,12:20,EI52,Seattle (SEA),SEA,Aer Lingus,A332,EI-DUO,E,TRUE,11:52,404
02-Apr-26,12:20,EI593,Madrid (MAD),MAD,Aer Lingus (Retro livery),A320,EI-DVM,C,FALSE,13:55,415
02-Apr-26,12:20,EK161,Dubai (DXB),DXB,Emirates,B77W,A6-EPH,C,FALSE,12:18,R101
02-Apr-26,12:25,EA3555,Edinburgh (EDI),EDI,Aer Lingus Regional,AT76,EI-GPO,B,FALSE,12:33,421
02-Apr-26,12:30,FR117,London (LGW),LGW,Ryanair,B738,EI-EBF,C,FALSE,12:12,205
02-Apr-26,12:40,KL1139,Amsterdam (AMS),AMS,KLM (1700th E-Jet Sticker),E295,PH-NXM,C,FALSE,12:59,118
02-Apr-26,12:45,EI205,Manchester (MAN),MAN,Aer Lingus,A21N,EI-XLW,C,FALSE,12:36,415
02-Apr-26,12:50,EI343,Zurich (ZRH),ZRH,Aer Lingus,A320,EI-DVE,C,FALSE,12:24,408
02-Apr-26,12:50,EI563,Barcelona (BCN),BCN,Aer Lingus,A20N,EI-NSH,C,FALSE,12:42,411
02-Apr-26,12:55,BA810,London (LHR),LHR,British Airways,A20N,G-TTNW,C,FALSE,12:40,424
02-Apr-26,12:55,EI433,Milan (LIN),LIN,Aer Lingus,A320,EI-DEK,C,FALSE,12:48,411
02-Apr-26,13:00,FR1924,Warsaw (WMI),WMI,Ryanair,B738,SP-RNP,C,FALSE,13:08,202
02-Apr-26,13:00,PC1157,Istanbul (SAW),SAW,Pegasus,A21N,TC-RDJ,C,FALSE,12:39,R101
02-Apr-26,13:05,EI353,Munich (MUC),MUC,Aer Lingus,A21N,EI-LRF,C,FALSE,12:32,413
02-Apr-26,13:05,FR507,Bristol (BRS),BRS,Ryanair,B738,EI-EMB,C,FALSE,13:45,206
02-Apr-26,13:05,FR663,Birmingham (BHX),BHX,Ryanair,B738,9H-QCF,C,FALSE,13:38,206
02-Apr-26,13:10,FR7031,Faro (FAO),FAO,Ryanair,B38M,EI-HEN,C,FALSE,13:14,201
02-Apr-26,13:10,SK2467,Copenhagen (CPH),CPH,SAS,E195,SE-RSZ,C,FALSE,13:03,R101
02-Apr-26,13:15,EI3223,Glasgow (GLA),GLA,Aer Lingus Regional,AT76,EI-GZV,B,FALSE,12:53,410
02-Apr-26,13:15,EA3323,Manchester (MAN),MAN,Aer Lingus Regional,AT76,EI-HPK,B,FALSE,13:18,421
02-Apr-26,13:15,FI418,Reykjavik (KEF),KEF,Icelandair,B39M,TF-ICB,C,FALSE,13:16,R101
02-Apr-26,13:20,FR287,London (STN),STN,Ryanair,B38M,EI-HGP,C,FALSE,14:42,209
02-Apr-26,13:20,FR5218,Lublin (LUZ),LUZ,Ryanair,B38M,9H-VUQ,C,FALSE,13:22,204
02-Apr-26,13:20,MS775,Cairo (CAI),CAI,Egyptair,A20N,SU-GFK,C,FALSE,13:05,R101
02-Apr-26,13:25,EI643,Prague (PRG),PRG,Aer Lingus,A320,EI-DVH,C,FALSE,13:10,410
02-Apr-26,13:25,FR5569,Rome (FCO),FCO,Ryanair,B738,9H-QAL,C,FALSE,14:23,207
02-Apr-26,13:30,EI159,London (LHR),LHR,Aer Lingus,A20N,EI-NSG,C,FALSE,13:01,406
02-Apr-26,13:35,EI403,Rome (FCO),FCO,Aer Lingus,A320,EI-DEH,C,FALSE,13:49,405
02-Apr-26,13:35,FR7047,Malaga (AGP),AGP,Ryanair,B738,SP-RND,C,FALSE,13:36,207
02-Apr-26,13:40,EI3253,Edinburgh (EDI),EDI,Aer Lingus Regional,AT76,EI-FAT,B,FALSE,13:41,420
02-Apr-26,13:45,FR5061,Cagliari (CAG),CAG,Ryanair,B38M,9H-VVJ,C,FALSE,13:43,207
02-Apr-26,13:53,,Southampton (SOU),SOU,Aer Lingus Regional,AT76,EI-HPJ,B,FALSE,14:28,418
02-Apr-26,14:00,EI605,Amsterdam (AMS),AMS,Aer Lingus,A21N,EI-XLU,C,FALSE,14:06,412
02-Apr-26,14:05,EI451,Naples (NAP),NAP,Aer Lingus,A320,EI-GAM,C,FALSE,14:03,412
02-Apr-26,14:05,EA3931,Newquay (NQY),NQY,Aer Lingus Regional,AT76,EI-HDK,B,FALSE,14:01,420
02-Apr-26,14:10,EI423,Venice (VCE),VCE,Aer Lingus,A320,EI-DVK,C,FALSE,13:51,409
02-Apr-26,14:10,EI525,Paris (CDG),CDG,Aer Lingus,A21N,EI-XLV,C,FALSE,13:53,408
02-Apr-26,14:10,FR438,Reus (REU),REU,Ryanair,B738,EI-EVJ,C,FALSE,14:10,206
02-Apr-26,14:15,EI483,Lisbon (LIS),LIS,Aer Lingus,A320,EI-DEM,C,FALSE,14:17,410
02-Apr-26,14:15,EI493,Faro (FAO),FAO,Aer Lingus,A320,EI-DVI,C,FALSE,13:58,413
02-Apr-26,14:20,EA3193,Liverpool (LPL),LPL,Aer Lingus Regional,AT76,EI-HNA,B,FALSE,14:08,418
02-Apr-26,14:20,EI3267,Birmingham (BHX),BHX,Aer Lingus Regional,AT76,EI-GPN,B,FALSE,14:20,406
02-Apr-26,14:20,EW9394,Dusseldorf (DUS),DUS,Eurowings,A20N,D-AENG,C,FALSE,14:12,R101
02-Apr-26,14:20,FR338,London (LTN),LTN,Ryanair,B738,9H-QDR,C,FALSE,14:58,205
02-Apr-26,14:30,EI68,Los Angeles (LAX),LAX,Aer Lingus,A333,EI-EIM,E,TRUE,13:33,415
02-Apr-26,14:30,FR3994,Agadir (AGA),AGA,Ryanair,B738,SP-RNS,C,FALSE,16:03,206
02-Apr-26,14:35,BA830,London (LHR),LHR,British Airways,A21N,G-NEOS,C,FALSE,14:30,425
02-Apr-26,14:35,FR203,London (STN),STN,Ryanair,B738,SP-RSQ,C,FALSE,14:54,203
02-Apr-26,14:35,FR1112,London (LGW),LGW,Ryanair,B38M,EI-IHY,C,FALSE,14:14,205
02-Apr-26,14:40,EI505,Bordeaux (BOD),BOD,Aer Lingus,A320,EI-DEP,C,FALSE,14:52,410
02-Apr-26,14:40,EA3255,Edinburgh (EDI),EDI,Aer Lingus Regional,AT76,EI-GPP,B,FALSE,14:49,421
02-Apr-26,14:40,FR3007,Amsterdam (AMS),AMS,Ryanair,B738,9H-QBD,C,FALSE,15:08,204
02-Apr-26,14:40,FR7129,Fuerteventura (FUE),FUE,Ryanair,B38M,EI-ILJ,C,FALSE,14:38,206
02-Apr-26,14:45,EI581,Malaga (AGP),AGP,Aer Lingus,A21N,EI-LRD,C,FALSE,15:00,406
02-Apr-26,14:45,FR4519,Athens (ATH),ATH,Ryanair,B738,9H-QAD,C,FALSE,14:44,206
02-Apr-26,14:50,EI163,London (LHR),LHR,Aer Lingus,A20N,EI-NSB,C,FALSE,14:46,414
02-Apr-26,14:50,EI393,Hamburg (HAM),HAM,Aer Lingus,A320,EI-DEL,C,FALSE,14:51,411
02-Apr-26,14:50,EI3227,Glasgow (GLA),GLA,Aer Lingus Regional,AT76,EI-GZV,B,FALSE,16:28,411
02-Apr-26,14:53,VJT437,Nice (NCE),NCE,VistaJet,CL35,9H-VCN,C,FALSE,15:04,R101
02-Apr-26,14:55,FR6125,Milan (BGY),BGY,Ryanair,B738,SP-RKV,C,FALSE,14:56,R101
02-Apr-26,15:04,,Nice (NCE),NCE,NetJets,C68A,CS-LTQ,C,FALSE,15:10,R110
02-Apr-26,15:05,BA4464,London (LCY),LCY,British Airways,E190,G-LCYM,C,FALSE,15:23,425
02-Apr-26,15:25,AF1816,Paris (CDG),CDG,Air France,BCS3,F-HZUH,C,FALSE,16:19,115
02-Apr-26,15:25,EI477,Dubrovnik (DBV),DBV,Aer Lingus,A320,EI-EDP,C,FALSE,17:00,404
02-Apr-26,15:25,FR97,Prague (PRG),PRG,Ryanair,B738,SP-RSF,C,FALSE,15:05,208
02-Apr-26,15:25,FR553,Manchester (MAN),MAN,Ryanair,B38M,EI-HMZ,C,FALSE,15:26,207
02-Apr-26,15:30,EI209,Manchester (MAN),MAN,Aer Lingus,A320,EI-DEJ,C,FALSE,15:38,403
02-Apr-26,15:30,EI441,Athens (ATH),ATH,Aer Lingus,A320,EI-DVN,C,FALSE,15:20,413
02-Apr-26,15:35,FR5132,Basel (BSL),BSL,Ryanair,B738,SP-RKH,C,FALSE,15:46,208
02-Apr-26,15:40,FR95,Gran Canaria (LPA),LPA,Ryanair,B38M,EI-ILC,C,FALSE,15:57,203
02-Apr-26,15:45,EI165,London (LHR),LHR,Aer Lingus,A20N,EI-NSE,C,FALSE,15:33,407
02-Apr-26,16:00,TK1977,Istanbul (IST),IST,Turkish Airlines,B38M,TC-LCI,C,FALSE,15:41,113
02-Apr-26,16:05,BA4466,London (LCY),LCY,British Airways,E190,G-LCAC,C,FALSE,15:49,426
02-Apr-26,16:05,FR665,Birmingham (BHX),BHX,Ryanair,B738,EI-EBF,C,FALSE,15:55,205
02-Apr-26,16:10,FR157,Leeds (LBA),LBA,Ryanair,B38M,9H-VVL,C,FALSE,15:52,202
02-Apr-26,16:15,FR119,London (LGW),LGW,Ryanair,B738,9H-QCF,C,FALSE,17:32,202
02-Apr-26,16:15,FR815,Edinburgh (EDI),EDI,Ryanair,B738,SP-RNP,C,FALSE,16:36,106
02-Apr-26,16:20,FR633,Copenhagen (CPH),CPH,Ryanair,B738,EI-DPP,C,FALSE,16:13,206
02-Apr-26,16:20,FR5150,Glasgow (GLA),GLA,Ryanair,B738,9H-QAL,C,FALSE,17:32,208
02-Apr-26,16:25,FR830,Venice (VCE),VCE,Ryanair,B738,SP-RKD,C,FALSE,17:45,111
02-Apr-26,16:35,EI161,London (LHR),LHR,Aer Lingus,A20N,EI-NSD,C,FALSE,16:30,412
02-Apr-26,16:35,FR1861,Paris (BVA),BVA,Ryanair,B738,9H-QAR,C,FALSE,17:06,204
02-Apr-26,16:35,FR5556,Tenerife (TFS),TFS,Ryanair,B38M,EI-IJD,C,FALSE,16:50,209
02-Apr-26,16:35,FR7033,Faro (FAO),FAO,Ryanair,B38M,EI-IHM,C,FALSE,16:42,205
02-Apr-26,16:40,KL1141,Amsterdam (AMS),AMS,KLM,E190,PH-EZG,C,FALSE,17:17,118
02-Apr-26,16:45,EI3257,Edinburgh (EDI),EDI,Aer Lingus Regional,AT76,EI-GPO,B,FALSE,16:45,404
02-Apr-26,16:49,,London (BQH),BQH,NetJets,CL60,CS-CLA,C,FALSE,16:55,R110
02-Apr-26,16:50,EI777,Lanzarote (ACE),ACE,Aer Lingus,A320,EI-GAL,C,FALSE,16:38,R101
02-Apr-26,16:55,FR5911,Lanzarote (ACE),ACE,Ryanair,B38M,EI-IHC,C,FALSE,17:07,202
02-Apr-26,16:55,LH980,Frankfurt (FRA),FRA,Lufthansa,A321,D-AISB,C,FALSE,16:53,R101
02-Apr-26,16:55,VL2518,Munich (MUC),MUC,Lufthansa City,A20N,D-AIJR,C,FALSE,16:47,R101
02-Apr-26,17:10,EI545,Nice (NCE),NCE,Aer Lingus,A320,EI-DER,C,FALSE,16:56,403
02-Apr-26,17:10,FR339,London (LTN),LTN,Ryanair,B38M,EI-IGL,C,FALSE,17:55,209
02-Apr-26,17:15,AY1385,Helsinki (HEL),HEL,Finnair (Oneworld Livery),E190,OH-LKN,C,FALSE,17:02,R101
02-Apr-26,17:15,EI167,London (LHR),LHR,Aer Lingus,A20N,EI-NSH,C,FALSE,17:15,410
02-Apr-26,17:15,EA3225,Glasgow (GLA),GLA,Aer Lingus Regional,AT76,EI-FAT,B,FALSE,17:22,417
02-Apr-26,17:20,EI527,Paris (CDG),CDG,Aer Lingus,A320,EI-DEI,C,FALSE,17:04,406
02-Apr-26,17:20,EA3393,Leeds (LBA),LBA,Aer Lingus Regional,AT76,EI-HPK,B,FALSE,17:12,422
02-Apr-26,17:20,FR3976,Barcelona (BCN),BCN,Ryanair,B738,EI-ESV,C,FALSE,17:24,210
02-Apr-26,17:25,FR447,Liverpool (LPL),LPL,Ryanair,B738,9H-QAS,C,FALSE,17:19,203
02-Apr-26,17:25,BY1487,Lanzarote (ACE),ACE,TUI,B738,G-FDZZ,C,FALSE,18:14,R101
02-Apr-26,17:35,FR289,London (STN),STN,Ryanair,B738,9H-QFB,C,FALSE,18:00,208
02-Apr-26,17:40,EI609,Amsterdam (AMS),AMS,Aer Lingus,A320,EI-EDS,C,FALSE,17:31,407
02-Apr-26,17:45,EI405,Rome (FCO),FCO,Aer Lingus,A320,EI-DVG,C,FALSE,18:20,410
02-Apr-26,17:50,EA3273,Birmingham (BHX),BHX,Aer Lingus Regional,AT76,EI-HDK,B,FALSE,17:51,420
02-Apr-26,17:50,FR7055,Malaga (AGP),AGP,Ryanair,B38M,9H-VUZ,C,FALSE,18:17,209
02-Apr-26,17:50,FR7035,Faro (FAO),FAO,Ryanair,B738,SP-RKM,C,FALSE,17:53,209
02-Apr-26,17:50,LX404,Zurich (ZRH),ZRH,Swiss,BCS1,HB-JBE,C,FALSE,17:41,R101
02-Apr-26,17:55,DY1362,Oslo (OSL),OSL,Norwegian,B738,LN-NHA,C,FALSE,18:16,R101
02-Apr-26,17:55,FR7366,Vienna (VIE),VIE,Lauda Europe,A320,9H-LOA,C,FALSE,18:02,206
02-Apr-26,17:59,5X207,Louisville (SDF),SDF,UPS,B763,N345UP,D,FALSE,17:26,R101
02-Apr-26,18:00,BA832,London (LHR),LHR,British Airways,A20N,G-TTSG,C,FALSE,17:38,424
02-Apr-26,18:05,EI553,Lyon (LYS),LYS,Aer Lingus,A320,EI-DES,C,FALSE,17:47,406
02-Apr-26,18:05,TP1324,Lisbon (LIS),LIS,TAP Express,E195,CS-TAX,C,FALSE,18:47,113
02-Apr-26,18:05,,Isle of Man (IOM),IOM,Aer Lingus Regional,AT76,EI-GZV,B,FALSE,19:12,418
02-Apr-26,18:10,EI3217,Isle of Man (IOM),IOM,Aer Lingus,AT7,,B,FALSE,,410
02-Apr-26,18:10,FR555,Manchester (MAN),MAN,Ryanair,B38M,EI-IHY,C,FALSE,18:06,202
02-Apr-26,18:13,,St. Gallen (ACH),ACH,NetJets,C68A,CS-LUC,C,FALSE,18:12,R110
02-Apr-26,18:15,FR9320,Trieste (TRS),TRS,Ryanair,B38M,EI-HET,C,FALSE,18:42,204
02-Apr-26,18:20,EI169,London (LHR),LHR,Aer Lingus,A20N,EI-NSG,C,FALSE,17:57,403
02-Apr-26,18:20,SK2537,Copenhagen (CPH),CPH,SAS,A20N,EI-SCD,C,FALSE,18:29,R101
02-Apr-26,18:25,AF1116,Paris (CDG),CDG,Air France,E190,F-HBLY,C,FALSE,18:26,115
02-Apr-26,18:30,FR4284,Marseille (MRS),MRS,Ryanair,B738,EI-DPH,C,FALSE,19:51,210
02-Apr-26,18:35,EA3327,Manchester (MAN),MAN,Aer Lingus Regional,AT76,EI-GPP,B,FALSE,19:07,421
02-Apr-26,18:35,FR25,Paris (BVA),BVA,Ryanair,B38M,EI-IKW,C,FALSE,18:21,208
02-Apr-26,18:40,BA4472,London (LCY),LCY,British Airways,E190,G-LCYL,C,FALSE,18:57,426
02-Apr-26,18:40,FR5307,Kerry (KIR),KIR,Ryanair,B738,SP-RKH,C,FALSE,18:37,202
02-Apr-26,18:40,FR5419,Berlin (BER),BER,Ryanair,B738,EI-EBV,C,FALSE,18:24,207
02-Apr-26,18:45,FR1115,Reus (REU),REU,Ryanair,B38M,EI-HEN,C,FALSE,19:24,204
02-Apr-26,18:50,FR1043,Toulouse (TLS),TLS,Ryanair,B738,SP-RND,C,FALSE,20:05,203
02-Apr-26,18:55,EA3305,Southampton (SOU),SOU,Aer Lingus Regional,AT76,EI-HPJ,B,FALSE,18:49,420
02-Apr-26,18:55,FR121,London (LGW),LGW,Ryanair,B38M,EI-ILJ,C,FALSE,18:44,208
02-Apr-26,18:55,LG4883,Luxembourg (LUX),LUX,Luxair,E295,LX-LEA,C,FALSE,18:35,R101
02-Apr-26,19:05,EW2774,Stuttgart (STR),STR,Eurowings,A320,D-AEWR,C,FALSE,18:54,R101
02-Apr-26,19:05,FR667,Birmingham (BHX),BHX,Ryanair,B38M,EI-ILC,C,FALSE,19:32,201
02-Apr-26,19:05,FR3101,Amsterdam (AMS),AMS,Ryanair,B738,SP-RSQ,C,FALSE,19:40,207
02-Apr-26,19:05,SK2565,Stockholm (ARN),ARN,SAS,32N,,C,FALSE,,R101
02-Apr-26,19:15,EI749,Bilbao (BIO),BIO,Aer Lingus,A320,EI-DEK,C,FALSE,19:21,411
02-Apr-26,19:15,FR1457,Brussels (BRU),BRU,Ryanair,B738,9H-QBD,C,FALSE,20:01,208
02-Apr-26,19:15,FR2031,Krakow (KRK),KRK,Ryanair,B38M,SP-RZV,C,FALSE,18:53,207
02-Apr-26,19:15,TO7908,Paris (ORY),ORY,Transavia,B738,F-HUYB,C,FALSE,18:59,R101
02-Apr-26,19:20,FR205,London (STN),STN,Ryanair,B738,SP-RKV,C,FALSE,19:19,206
02-Apr-26,19:30,BA834,London (LHR),LHR,British Airways,A21N,G-TNED,C,FALSE,19:17,426
02-Apr-26,19:30,BA4468,London (LCY),LCY,British Airways,E190,G-LCYM,C,FALSE,19:10,423
02-Apr-26,19:30,FR99,Wroclaw (WRO),WRO,Ryanair,B38M,SP-RZN,C,FALSE,19:43,205
02-Apr-26,19:30,FR9612,Rome (FCO),FCO,Ryanair,B38M,EI-HMW,C,FALSE,19:14,110
02-Apr-26,19:35,EI173,London (LHR),LHR,Aer Lingus,A20N,EI-NSB,C,FALSE,19:03,416
02-Apr-26,19:35,FR7133,Faro (FAO),FAO,Ryanair,B738,EI-EBK,C,FALSE,20:21,208
02-Apr-26,19:45,FR1773,Valencia (VLC),VLC,Ryanair,B738,EI-EGD,C,FALSE,19:37,208
02-Apr-26,19:50,FR123,London (LGW),LGW,Ryanair,B738,9H-QDR,C,FALSE,19:29,102
02-Apr-26,20:05,EK163,Dubai (DXB),DXB,Emirates,B77W,A6-EPC,C,FALSE,21:31,R101
02-Apr-26,20:10,EI585,Malaga (AGP),AGP,Aer Lingus,A320,EI-FNJ,C,FALSE,20:25,410
02-Apr-26,20:10,FR9678,Seville (SVQ),SVQ,Ryanair,B738,9H-QCD,C,FALSE,20:44,208
02-Apr-26,20:15,FR7157,Madrid (MAD),MAD,Ryanair,B738,9H-QAV,C,FALSE,21:45,210
02-Apr-26,20:20,DN407,Bacau (BCM),BCM,Dan Air,A320,YR-JUL,C,FALSE,20:59,R101
02-Apr-26,20:25,FR127,London (LGW),LGW,Ryanair,B738,9H-QCF,C,FALSE,21:33,205
02-Apr-26,20:30,FR21,Newcastle (NCL),NCL,Ryanair,B38M,EI-IGF,C,FALSE,20:31,203
02-Apr-26,20:30,FR817,Edinburgh (EDI),EDI,Ryanair,B738,EI-EKS,C,FALSE,21:14,210
02-Apr-26,20:30,FR1557,Manchester (MAN),MAN,Ryanair,B738,EI-DLX,C,FALSE,20:18,202
02-Apr-26,20:33,5X249,Shannon (SNN),SNN,UPS,B763,N364UP,D,FALSE,20:13,R101
02-Apr-26,20:40,EI3331,Exeter (EXT),EXT,Aer Lingus Regional,AT76,EI-GPO,B,FALSE,20:16,405
02-Apr-26,20:40,FR7063,Alicante (ALC),ALC,Ryanair,B38M,EI-IJK,C,FALSE,21:21,201
02-Apr-26,20:45,FR449,Liverpool (LPL),LPL,Ryanair,B738,EI-DCL,C,FALSE,20:33,107
02-Apr-26,20:55,EI177,London (LHR),LHR,Aer Lingus,A20N,EI-NSD,C,FALSE,20:41,405
02-Apr-26,20:55,EA3557,Edinburgh (EDI),EDI,Aer Lingus Regional,AT76,EI-HPK,B,FALSE,20:39,422
02-Apr-26,21:00,EI413,Verona (VRN),VRN,Aer Lingus,A320,EI-DEH,C,FALSE,20:36,413
02-Apr-26,21:00,FR4845,Milan (BGY),BGY,Ryanair,B38M,EI-IKD,C,FALSE,21:47,203
02-Apr-26,21:00,FR7137,Lisbon (LIS),LIS,Ryanair,B738,EI-EVJ,C,FALSE,21:12,105
02-Apr-26,21:09,,Pisa (PSA),PSA,NetJets,GLEX,CS-GLJ,C,FALSE,21:19,R110
02-Apr-26,21:15,FR1909,Gdansk (GDN),GDN,Ryanair,B738,SP-RKB,C,FALSE,21:17,206
02-Apr-26,21:17,5O4394,Shannon (SNN),SNN,ASL Airlines,B738,F-HIQB,C,FALSE,21:04,R115
02-Apr-26,21:20,FR6394,Barcelona (BCN),BCN,Ryanair,B738,EI-GSI,C,FALSE,21:28,207
02-Apr-26,21:20,RK291,London (STN),STN,Ryanair,B38M,G-RYMA,C,FALSE,21:43,201
02-Apr-26,21:25,FR509,Bristol (BRS),BRS,Ryanair,B38M,EI-HGG,C,FALSE,22:30,211
02-Apr-26,21:30,EI179,London (LHR),LHR,Aer Lingus,A20N,EI-NSH,C,FALSE,21:26,406
02-Apr-26,21:30,EI277,Birmingham (BHX),BHX,Aer Lingus,A320,EI-DES,C,FALSE,21:09,406
02-Apr-26,21:30,EA3409,Donegal (CFN),CFN,Aer Lingus Regional,AT76,EI-GZV,B,FALSE,22:05,422
02-Apr-26,21:35,EA3309,Southampton (SOU),SOU,Aer Lingus Regional,AT76,EI-FAT,B,FALSE,21:37,419
02-Apr-26,21:40,FR3103,Amsterdam (AMS),AMS,Ryanair,B738,9H-QAL,C,FALSE,21:52,208
02-Apr-26,21:45,EA3259,Edinburgh (EDI),EDI,Aer Lingus Regional,AT76,EI-HDK,B,FALSE,21:23,417
02-Apr-26,21:45,EA3289,Bristol (BRS),BRS,Aer Lingus Regional,AT76,EI-GPN,B,FALSE,21:40,417
02-Apr-26,21:50,BA4470,London (LCY),LCY,British Airways,E190,G-LCAB,C,FALSE,21:38,424
02-Apr-26,22:00,FR143,London (LGW),LGW,Ryanair,B38M,EI-HET,C,FALSE,22:36,203
02-Apr-26,22:05,EI639,Brussels (BRU),BRU,Aer Lingus,A320,EI-DEI,C,FALSE,22:17,407
02-Apr-26,22:05,EA3329,Manchester (MAN),MAN,Aer Lingus Regional,AT76,EI-GPP,B,FALSE,22:27,420
02-Apr-26,22:10,EA3197,Liverpool (LPL),LPL,Aer Lingus Regional,AT76,EI-HPJ,B,FALSE,21:58,417
02-Apr-26,22:15,FR8131,Malaga (AGP),AGP,Ryanair,B738,9H-QAD,C,FALSE,22:29,203
02-Apr-26,22:15,LH982,Frankfurt (FRA),FRA,Lufthansa,A321,D-AIRN,C,FALSE,22:12,117
02-Apr-26,22:20,5F5711,Chisinau (RMO),RMO,FlyOne,A321,YR-FIB,C,FALSE,03:08,R101
02-Apr-26,22:20,EI611,Amsterdam (AMS),AMS,Aer Lingus,A320,EI-GAL,C,FALSE,22:09,403
02-Apr-26,22:25,KL1145,Amsterdam (AMS),AMS,KLM,B738,PH-BXV,C,FALSE,22:23,119
02-Apr-26,22:30,EI183,London (LHR),LHR,Aer Lingus,A20N,EI-NSG,C,FALSE,22:21,415
02-Apr-26,22:30,FR7236,Malta (MLA),MLA,Ryanair,B38M,EI-HGY,C,FALSE,22:38,208
02-Apr-26,22:35,FR535,Nottingham (EMA),EMA,Ryanair,B738,EI-DPN,C,FALSE,23:30,209
02-Apr-26,22:35,FR669,Birmingham (BHX),BHX,Ryanair,B38M,EI-HMW,C,FALSE,22:34,209
02-Apr-26,22:40,AF1016,Paris (CDG),CDG,Air France,BCS3,F-HZUM,C,FALSE,22:32,114
02-Apr-26,22:40,EI529,Paris (CDG),CDG,Aer Lingus,A320,EI-EDS,C,FALSE,22:25,405
02-Apr-26,22:40,EA3229,Glasgow (GLA),GLA,Aer Lingus Regional,AT76,EI-HNA,B,FALSE,22:18,420
02-Apr-26,22:40,FR5562,Glasgow (GLA),GLA,Ryanair,B738,9H-QDR,C,FALSE,22:14,204
02-Apr-26,22:50,EI737,Palma de Mallorca (PMI),PMI,Aer Lingus,A20N,EI-NSE,C,FALSE,22:47,410
02-Apr-26,22:50,H4251,Cluj-Napoca (CLJ),CLJ,HiSky,A320,YR-SUN,C,FALSE,22:41,R113
02-Apr-26,22:50,H4473,Chisinau (RMO),RMO,HiSky,A320,YR-SKY,C,FALSE,22:11,R112
02-Apr-26,22:55,EI709,Marrakesh (RAK),RAK,Aer Lingus (Retro livery),A320,EI-DVM,C,FALSE,23:14,R101
02-Apr-26,22:55,FR307,London (LGW),LGW,Ryanair,B38M,EI-HEN,C,FALSE,22:58,210
02-Apr-26,22:55,FR6245,Tirana (TIA),TIA,Ryanair,B738,EI-EBF,C,FALSE,00:18,210
02-Apr-26,22:55,FR6841,Naples (NAP),NAP,Ryanair,B38M,EI-HMZ,C,FALSE,23:23,208
02-Apr-26,23:00,EI465,Malta (MLA),MLA,Aer Lingus,A320,EI-DVH,C,FALSE,22:44,410
02-Apr-26,23:00,FR341,London (LTN),LTN,Ryanair,B738,9H-QFE,C,FALSE,23:32,203
02-Apr-26,23:05,EI497,Faro (FAO),FAO,Aer Lingus,A320,EI-DEJ,C,FALSE,23:09,408
02-Apr-26,23:05,FR1977,Riga (RIX),RIX,Ryanair,B738,SP-RNS,C,FALSE,23:25,204
02-Apr-26,23:05,FR8108,Reus (REU),REU,Ryanair,B738,SP-RKD,C,FALSE,23:58,202
02-Apr-26,23:05,TK1173,Istanbul (IST),IST,Turkish Airlines,B38M,TC-LCU,C,FALSE,23:04,113
02-Apr-26,23:10,EI337,Berlin (BER),BER,Aer Lingus,A320,EI-DER,C,FALSE,23:02,410
02-Apr-26,23:10,EI587,Malaga (AGP),AGP,Aer Lingus,A320,EI-DEM,C,FALSE,23:12,413
02-Apr-26,23:10,FR456,Leeds (LBA),LBA,Ryanair,B38M,EI-ILK,C,FALSE,23:47,207
02-Apr-26,23:20,FR210,London (STN),STN,Ryanair,B738,SP-RSQ,C,FALSE,23:06,109
02-Apr-26,23:25,FR1900,Manchester (MAN),MAN,Ryanair,B738,9H-QCJ,C,FALSE,23:18,205
02-Apr-26,23:25,FR5404,Murcia (RMU),RMU,Ryanair,B738,EI-DPP,C,FALSE,23:20,210
02-Apr-26,23:40,FR3087,Venice (VCE),VCE,Ryanair,B38M,EI-IHC,C,FALSE,23:39,208
02-Apr-26,23:40,FR8112,Faro (FAO),FAO,Ryanair,B738,SP-RNP,C,FALSE,23:53,204
02-Apr-26,23:45,FR4267,Verona (VRN),VRN,Ryanair,B38M,EI-IGL,C,FALSE,00:28,206
02-Apr-26,23:55,FR557,Manchester (MAN),MAN,Ryanair,B738,9H-QCS,C,FALSE,00:22,209
02-Apr-26,23:55,FR635,Cardiff (CWL),CWL,Ryanair,B738,EI-EVJ,C,FALSE,00:07,205
02-Apr-26,23:59,FR3567,Santiago de Compostela (SCQ),SCQ,Ryanair,B738,SP-RKH,C,FALSE,23:55,202
03-Apr-26,00:05,FR312,Stockholm (ARN),ARN,Ryanair,B738,EI-DLV,C,FALSE,23:45,203
03-Apr-26,00:05,TP1326,Lisbon (LIS),LIS,TAP Express,E190,CS-TPT,C,FALSE,00:20,112
03-Apr-26,00:10,EI449,Heraklion (HER),HER,Aer Lingus,A320,EI-DVE,C,FALSE,23:28,410
03-Apr-26,00:20,EI779,Lanzarote (ACE),ACE,Aer Lingus,A320,EI-DVI,C,FALSE,00:09,402
03-Apr-26,00:20,FR4410,Rhodes (RHO),RHO,Ryanair,B38M,EI-IFW,C,FALSE,23:50,202
03-Apr-26,00:25,FR2972,Kaunas (KUN),KUN,Ryanair,B738,9H-QAR,C,FALSE,00:12,108
03-Apr-26,00:25,FR7200,Lanzarote (ACE),ACE,Ryanair,B38M,EI-HGP,C,FALSE,00:34,202
03-Apr-26,00:30,EI575,Alicante (ALC),ALC,Aer Lingus,A320,EI-EDP,C,FALSE,00:30,416
03-Apr-26,00:35,FR1979,Lodz (LCJ),LCJ,Ryanair,B38M,EI-IHY,C,FALSE,00:42,202
03-Apr-26,00:45,EI765,Tenerife (TFS),TFS,Aer Lingus,A320,EI-DVN,C,FALSE,01:19,403
03-Apr-26,00:45,FR7073,Porto (OPO),OPO,Ryanair,B738,SP-RKV,C,FALSE,01:14,203
03-Apr-26,00:50,EI783,Gran Canaria (LPA),LPA,Aer Lingus,A320,EI-DVK,C,FALSE,00:32,405
03-Apr-26,00:50,LH8321,Birmingham (BHX),BHX,Lufthansa Cargo,A321,D-AEUA,C,FALSE,00:39,R101
03-Apr-26,00:55,EI565,Barcelona (BCN),BCN,Aer Lingus,A320,EI-DVG,C,FALSE,00:58,415
03-Apr-26,00:55,FR1959,Nice (NCE),NCE,Ryanair,B738,SP-RND,C,FALSE,02:16,209
03-Apr-26,00:55,FR6186,Palma de Mallorca (PMI),PMI,Ryanair,B38M,9H-VUZ,C,FALSE,01:33,201
03-Apr-26,00:55,FR7037,Girona (GRO),GRO,Ryanair,B38M,EI-ILC,C,FALSE,01:30,203
03-Apr-26,01:01,FR3333,Pafos (PFO),PFO,Ryanair,B38M,9H-VUQ,C,FALSE,01:02,207
03-Apr-26,01:06,OJ300,Karlsruhe / Baden-Baden (FKB),FKB,NyxAir,AT75,ES-NTC,B,FALSE,00:37,R101
03-Apr-26,01:10,FR5433,Ibiza (IBZ),IBZ,Ryanair,B738,SP-RKM,C,FALSE,00:56,201
03-Apr-26,01:10,FR6920,Barcelona (BCN),BCN,Ryanair,B38M,EI-ILJ,C,FALSE,02:09,202
03-Apr-26,01:10,FR9289,Brindisi (BDS),BDS,Ryanair,B38M,EI-IHM,C,FALSE,01:08,202
03-Apr-26,01:15,FR327,Bucharest (OTP),OTP,Ryanair,B38M,EI-IJD,C,FALSE,01:36,202
03-Apr-26,01:30,EI799,Izmir (ADB),ADB,Aer Lingus,A320,EI-DEP,C,FALSE,01:44,407
03-Apr-26,01:54,XM358,Birmingham (BHX),BHX,Zimex Aviation,AT72,HB-AFJ,B,FALSE,01:59,R101
03-Apr-26,03:59,,Nottingham (EMA),EMA,DHL,A306,D-AZMN,C,FALSE,03:58,R101
03-Apr-26,04:30,EI104,New York (JFK),JFK,Aer Lingus,A333,EI-DUZ,E,TRUE,03:20,405
03-Apr-26,04:35,EI132,Boston (BOS),BOS,Aer Lingus,A21N,EI-LRA,C,TRUE,03:33,416
03-Apr-26,04:42,QY2886,Brussels (BRU),BRU,DHL,B738,EC-IXO,C,FALSE,04:36,R101
03-Apr-26,04:45,FX5051,Indianapolis (IND),IND,FedEx,B763,N134FE,D,FALSE,03:49,R101
03-Apr-26,04:45,5O4294,Paris (CDG),CDG,ASL Airlines,B738,F-HIQB,C,FALSE,04:33,R115
03-Apr-26,05:00,5X248,Cologne (CGN),CGN,UPS,B763,N364UP,D,FALSE,04:47,R101
03-Apr-26,05:10,EI122,Chicago (ORD),ORD,Aer Lingus,A333,EI-EIL,E,TRUE,04:45,406
03-Apr-26,05:10,EI126,Toronto (YYZ),YYZ,Aer Lingus,A333,EI-EDY,E,TRUE,05:32,407
03-Apr-26,05:15,EI100,New York (EWR),EWR,Aer Lingus,A21N,EI-LRC,C,TRUE,04:27,408
03-Apr-26,05:15,EI116,Washington (IAD),IAD,Aer Lingus,A21N,EI-LRE,C,TRUE,04:07,409
03-Apr-26,05:15,EI130,Windsor Locks (BDL),BDL,Aer Lingus,A21N,EI-LRG,C,TRUE,04:30,410
03-Apr-26,05:24,QY2882,Leipzig (LEJ),LEJ,Titan Airways,A321,9H-ZTB,C,FALSE,05:21,R101
03-Apr-26,05:53,FX5202,Paris (CDG),CDG,FedEx,B763,N107FE,D,FALSE,05:36,R101
03-Apr-26,06:24,TK6513,Istanbul (IST),IST,Turkish Cargo,A332,TC-JDP,E,FALSE,06:25,R101
03-Apr-26,06:30,AA722,Philadelphia (PHL),PHL,American Airlines,B788,N880BJ,E,TRUE,05:26,416
03-Apr-26,07:00,FR441,Liverpool (LPL),LPL,Ryanair,B738,9H-QDW,C,FALSE,06:47,206
03-Apr-26,07:01,VJT418,Girona (GRO),GRO,VistaJet,CL35,9H-VCL,C,FALSE,07:03,R101
03-Apr-26,07:15,FR561,Manchester (MAN),MAN,Ryanair,B38M,EI-HEY,C,FALSE,07:05,213
03-Apr-26,07:15,FR633,Copenhagen (CPH),CPH,Ryanair,B38M,EI-IHX,C,FALSE,07:15,206
03-Apr-26,07:20,UA310,Washington (IAD),IAD,United Airlines,B752,N19117,D,TRUE,07:13,419
03-Apr-26,07:30,UA23,New York (EWR),EWR,United Airlines,B772,N799UA,E,TRUE,07:07,419
03-Apr-26,07:30,FR23,Paris (BVA),BVA,Ryanair,B38M,EI-IGO,C,FALSE,07:19,203
03-Apr-26,07:30,FR494,Madrid (MAD),MAD,Ryanair,B738,9H-QAW,C,FALSE,07:21,212
03-Apr-26,07:40,FR331,London (LTN),LTN,Ryanair,B738,9H-QDK,C,FALSE,07:24,204
03-Apr-26,07:45,BA824,London (LHR),LHR,British Airways,A21N,G-NEOR,C,FALSE,07:31,424
03-Apr-26,07:45,FR262,Alicante (ALC),ALC,Ryanair,B38M,EI-IKA,C,FALSE,07:33,210
03-Apr-26,07:45,FR312,Stockholm (ARN),ARN,Ryanair,B38M,EI-IKI,C,FALSE,07:46,203
03-Apr-26,07:45,FR7140,Vilnius (VNO),VNO,Ryanair,B738,SP-RNO,C,FALSE,07:26,210
03-Apr-26,07:50,FR7001,Girona (GRO),GRO,Ryanair,B738,EI-ENO,C,FALSE,07:38,202
03-Apr-26,07:50,FR7441,Gdansk (GDN),GDN,Ryanair,B738,SP-RSM,C,FALSE,07:56,204
03-Apr-26,07:55,DL258,Minneapolis (MSP),MSP,Delta Air Lines,A339,N405DX,E,TRUE,07:10,406
03-Apr-26,07:55,FR271,London (STN),STN,Ryanair,B738,EI-EMO,C,FALSE,07:36,205
03-Apr-26,07:55,LX402,Zurich (ZRH),ZRH,airBaltic,BCS3,YL-CSD,C,FALSE,08:29,R101
03-Apr-26,08:00,LH976,Frankfurt (FRA),FRA,Lufthansa,A320,D-AIZE,C,FALSE,08:05,116
03-Apr-26,08:10,FR3881,Dubrovnik (DBV),DBV,Ryanair,B38M,SP-RZX,C,FALSE,07:51,204
03-Apr-26,08:15,EI88,Minneapolis (MSP),MSP,Aer Lingus,A21N,EI-XLW,C,TRUE,08:25,402
03-Apr-26,08:15,AC800,Toronto (YYZ),YYZ,Air Canada,B789,C-FVLU,E,TRUE,08:02,413
03-Apr-26,08:15,EI114,Philadelphia (PHL),PHL,Aer Lingus,A21N,EI-XLU,C,TRUE,07:41,408
03-Apr-26,08:15,AF1616,Paris (CDG),CDG,Air France,BCS3,F-HZUC,C,FALSE,08:13,115
03-Apr-26,08:20,FR1024,Budapest (BUD),BUD,Buzz,B38M,SP-RZF,C,FALSE,08:15,R101
03-Apr-26,08:20,KL1135,Amsterdam (AMS),AMS,KLM,E190,PH-EZP,C,FALSE,08:27,118
03-Apr-26,08:20,TO7900,Paris (ORY),ORY,Transavia,B738,F-GZHA,C,FALSE,08:10,R101
03-Apr-26,08:25,EI136,Boston (BOS),BOS,Aer Lingus,A333,EI-FNG,E,TRUE,07:28,404
03-Apr-26,08:25,FR275,Glasgow (GLA),GLA,Ryanair,B738,SP-RKD,C,FALSE,,201
03-Apr-26,08:35,EI76,Nashville (BNA),BNA,Aer Lingus,A21N,EI-XLR,C,TRUE,08:16,410
03-Apr-26,08:35,FR535,Nottingham (EMA),EMA,Ryanair,B38M,EI-HGE,C,FALSE,08:19,209
03-Apr-26,08:40,EI118,Washington (IAD),IAD,Aer Lingus,A21N,EI-XLV,C,TRUE,07:43,415
03-Apr-26,08:40,FR809,Edinburgh (EDI),EDI,Ryanair,B738,SP-RND,C,FALSE,08:34,208
03-Apr-26,08:40,FR5165,Bristol (BRS),BRS,Ryanair,B738,EI-DWW,C,FALSE,,208
03-Apr-26,08:45,DL176,Atlanta (ATL),ATL,Delta Air Lines,B764,N827MH,D,TRUE,07:54,403
03-Apr-26,08:50,EI106,New York (JFK),JFK,Aer Lingus,A21N,EI-LRF,C,TRUE,07:58,403
03-Apr-26,08:50,EA3401,Donegal (CFN),CFN,Aer Lingus Regional,AT76,EI-HPJ,B,FALSE,08:44,421
03-Apr-26,08:55,AY1381,Helsinki (HEL),HEL,Finnair,A319,OH-LVH,C,FALSE,08:54,409
03-Apr-26,08:55,EY45,Abu Dhabi (AUH),AUH,Etihad Airways,B789,A6-BLX,E,FALSE,09:07,R101
03-Apr-26,09:00,EI151,London (LHR),LHR,Aer Lingus,A20N,EI-NSA,C,FALSE,08:41,403
03-Apr-26,09:00,FR7045,Malaga (AGP),AGP,Ryanair,B38M,9H-VVD,C,FALSE,08:59,204
03-Apr-26,09:05,FR153,Leeds (LBA),LBA,Ryanair,B738,EI-DPN,C,FALSE,08:42,210
03-Apr-26,09:05,IB1881,Madrid (MAD),MAD,Iberia Express,A320,EC-LUS,C,FALSE,08:54,110
03-Apr-26,09:15,DL44,New York (JFK),JFK,Delta Air Lines,B763,N189DN,D,TRUE,08:07,404
03-Apr-26,09:15,EI203,Manchester (MAN),MAN,Aer Lingus,A320,EI-DEJ,C,FALSE,09:23,408
03-Apr-26,09:15,VY8720,Barcelona (BCN),BCN,Vueling,A320,EC-MEA,C,FALSE,09:13,111
03-Apr-26,09:20,EI263,Birmingham (BHX),BHX,Aer Lingus,A320,EI-DEM,C,FALSE,09:03,416
03-Apr-26,09:35,AA724,Charlotte (CLT),CLT,American Airlines,B772,N785AN,E,TRUE,09:29,417
03-Apr-26,09:35,FR661,Birmingham (BHX),BHX,Ryanair,B38M,9H-VUS,C,FALSE,09:48,206
03-Apr-26,09:35,TK1975,Istanbul (IST),IST,Turkish Airlines,A21N,TC-LSE,C,FALSE,09:39,114
03-Apr-26,09:40,BA826,London (LHR),LHR,British Airways,A320,G-EUUH,C,FALSE,09:31,423
03-Apr-26,09:45,AA132,Dallas (DFW),DFW,American Airlines,B788,N808AN,E,TRUE,08:48,416
03-Apr-26,09:45,UA980,Chicago (ORD),ORD,United Airlines,B788,N26906,E,TRUE,10:49,418
03-Apr-26,09:50,EI401,Rome (FCO),FCO,Aer Lingus,A320,EI-DEL,C,FALSE,,406
03-Apr-26,09:50,EA3251,Edinburgh (EDI),EDI,Aer Lingus Regional,AT76,EI-FAT,B,FALSE,10:02,421
03-Apr-26,09:50,EA3391,Leeds (LBA),LBA,Aer Lingus Regional,AT76,EI-GPO,B,FALSE,09:56,419
03-Apr-26,09:50,FR31,London (STN),STN,Ryanair,B738,SP-RKH,C,FALSE,09:52,208
03-Apr-26,09:55,LH2516,Munich (MUC),MUC,Lufthansa,A321,D-AIDX,C,FALSE,09:56,119
03-Apr-26,10:00,EA3351,Newcastle (NCL),NCL,Aer Lingus Regional,AT76,EI-HPK,B,FALSE,10:06,419
03-Apr-26,10:00,TP1322,Lisbon (LIS),LIS,TAP Express,E190,CS-TPW,C,FALSE,09:43,112
03-Apr-26,10:15,EI153,London (LHR),LHR,Aer Lingus,A20N,EI-NSB,C,FALSE,10:04,416
03-Apr-26,10:15,FR1993,La Rochelle (LRH),LRH,Ryanair,B738,9H-QCJ,C,FALSE,11:16,210
03-Apr-26,10:20,EI603,Amsterdam (AMS),AMS,Aer Lingus,A320,EI-DEH,C,FALSE,10:14,405
03-Apr-26,10:20,EA3321,Manchester (MAN),MAN,Aer Lingus Regional,AT76,EI-GPP,B,FALSE,10:35,419
03-Apr-26,10:20,FR113,London (LGW),LGW,Ryanair,B38M,EI-HET,C,FALSE,10:37,209
03-Apr-26,10:20,FR9688,Kaunas (KUN),KUN,Ryanair,B38M,SP-RZU,C,FALSE,10:08,208
03-Apr-26,10:25,FR505,Bristol (BRS),BRS,Ryanair,B38M,EI-IFW,C,FALSE,09:59,207
03-Apr-26,10:25,KL1137,Amsterdam (AMS),AMS,KLM,B738,PH-BCE,C,FALSE,10:20,119
03-Apr-26,10:25,SK4603,Oslo (OSL),OSL,SAS,A20N,SE-RUA,C,FALSE,10:25,R101
03-Apr-26,10:35,EI124,Chicago (ORD),ORD,Aer Lingus,A333,EI-EIN,E,TRUE,11:55,404
03-Apr-26,10:35,FR47,Brussels (CRL),CRL,Ryanair,B738,SP-RKV,C,FALSE,10:17,208
03-Apr-26,10:40,UA228,Washington (IAD),IAD,United Airlines,B752,N29129,D,TRUE,10:10,418
03-Apr-26,10:45,DL154,Boston (BOS),BOS,Delta Air Lines,B763,N1603,D,TRUE,09:49,403
03-Apr-26,10:45,EI3243,Aberdeen (ABZ),ABZ,Aer Lingus Regional,AT76,EI-HNA,B,FALSE,,421
03-Apr-26,10:50,FR421,Amsterdam (AMS),AMS,Ryanair,B738,EI-DPP,C,FALSE,11:05,210
03-Apr-26,10:50,FR1985,Carcassonne (CCF),CCF,Ryanair,B38M,EI-IHY,C,FALSE,11:03,205
03-Apr-26,10:50,FR3670,Berlin (BER),BER,Ryanair,B38M,EI-HMX,C,FALSE,11:30,214
03-Apr-26,10:55,EA3551,Edinburgh (EDI),EDI,Aer Lingus Regional,AT76,EI-HDK,B,FALSE,10:40,418
03-Apr-26,10:55,SK535,Stockholm (ARN),ARN,SAS,A20N,EI-SIP,C,FALSE,10:42,R101
03-Apr-26,11:00,EA3301,Southampton (SOU),SOU,Aer Lingus Regional,AT76,EI-GZV,B,FALSE,10:47,419
03-Apr-26,11:04,,Aberdeen (ABZ),ABZ,Aer Lingus Regional,AT76,EI-HNA,B,FALSE,11:01,418
03-Apr-26,11:05,EI631,Brussels (BRU),BRU,Aer Lingus,A320,EI-DEP,C,FALSE,11:12,416
03-Apr-26,11:05,FI416,Reykjavik (KEF),KEF,Icelandair,B39M,TF-ICD,C,FALSE,11:23,R101
03-Apr-26,11:05,FR658,Brussels (BRU),BRU,Ryanair,B738,9H-QDR,C,FALSE,10:55,203
03-Apr-26,11:10,UA317,New York (EWR),EWR,United Airlines,B752,N17104,D,TRUE,10:32,419
03-Apr-26,11:15,EI521,Paris (CDG),CDG,Aer Lingus,A21N,EI-LRA,C,FALSE,11:21,410
03-Apr-26,11:15,FR115,London (LGW),LGW,Ryanair,B738,SP-RKM,C,FALSE,11:35,208
03-Apr-26,11:20,EI155,London (LHR),LHR,Aer Lingus,A20N,EI-NSG,C,FALSE,10:52,411
03-Apr-26,11:20,FR612,Kerry (KIR),KIR,Ryanair,B738,SP-RND,C,FALSE,11:33,204
03-Apr-26,11:25,EI693,Dusseldorf (DUS),DUS,Aer Lingus,A320,EI-DER,C,FALSE,11:18,411
03-Apr-26,11:25,FR438,Reus (REU),REU,Ryanair,B738,SP-RNP,C,FALSE,11:25,206
03-Apr-26,11:25,FR1557,Manchester (MAN),MAN,Ryanair,B738,9H-QBZ,C,FALSE,11:13,202
03-Apr-26,11:35,FR17,Newcastle (NCL),NCL,Ryanair,B738,EI-EVS,C,FALSE,11:28,201
03-Apr-26,11:40,EI108,New York (JFK),JFK,Aer Lingus,A21N,EI-LRD,C,TRUE,10:58,411
03-Apr-26,11:40,FR7153,Santander (SDR),SDR,Ryanair,B38M,9H-VUZ,C,FALSE,11:45,203
03-Apr-26,11:40,LH978,Frankfurt (FRA),FRA,Lufthansa,A321,D-AIRN,C,FALSE,11:40,119
03-Apr-26,11:45,EI60,San Francisco (SFO),SFO,Aer Lingus,A333,EI-GCF,E,TRUE,11:08,406
03-Apr-26,11:45,LM51,Aberdeen (ABZ),ABZ,Loganair,E145,G-SAJC,C,FALSE,11:54,R101
03-Apr-26,11:50,EI503,Bordeaux (BOD),BOD,Aer Lingus,A20N,EI-NSE,C,FALSE,11:38,415
03-Apr-26,11:50,SK537,Copenhagen (CPH),CPH,SAS,A20N,EI-SIJ,C,FALSE,11:43,R101
03-Apr-26,11:51,,Bari (BRI),BRI,Ryanair,B738,9H-QBS,C,FALSE,12:54,208
03-Apr-26,12:00,FR4037,Milan (BGY),BGY,Ryanair,B38M,EI-HMS,C,FALSE,12:04,201
03-Apr-26,12:05,BA828,London (LHR),LHR,British Airways,A320,G-EUUZ,C,FALSE,11:49,423
03-Apr-26,12:05,EI333,Berlin (BER),BER,Aer Lingus,A320,EI-DVH,C,FALSE,12:06,415
03-Apr-26,12:10,EI651,Frankfurt (FRA),FRA,Aer Lingus,A320,EI-DVG,C,FALSE,12:14,405
03-Apr-26,12:10,FR651,Lisbon (LIS),LIS,Ryanair,B38M,EI-IHM,C,FALSE,12:02,207
03-Apr-26,12:10,FR1902,Krakow (KRK),KRK,Ryanair,B738,9H-QCS,C,FALSE,11:59,208
03-Apr-26,12:10,LX400,Zurich (ZRH),ZRH,Swiss,A20N,HB-JDF,C,FALSE,12:19,R101
03-Apr-26,12:20,EI593,Madrid (MAD),MAD,Aer Lingus,A320,EI-DVN,C,FALSE,12:08,415
03-Apr-26,12:25,EA3555,Edinburgh (EDI),EDI,Aer Lingus Regional,AT76,EI-HPJ,B,FALSE,12:16,421
03-Apr-26,12:25,EK161,Dubai (DXB),DXB,Emirates,B77W,A6-ENX,C,FALSE,12:35,R101
03-Apr-26,12:30,FR942,Palma de Mallorca (PMI),PMI,Ryanair,B38M,EI-IJD,C,FALSE,13:22,207
03-Apr-26,12:40,KL1139,Amsterdam (AMS),AMS,KLM,B737,PH-BGG,C,FALSE,12:28,118
03-Apr-26,12:45,EI205,Manchester (MAN),MAN,Aer Lingus,A21N,EI-XLU,C,FALSE,12:35,415
03-Apr-26,12:45,FR2191,Zagreb (ZAG),ZAG,Ryanair,B738,9H-QAD,C,FALSE,12:54,203
03-Apr-26,12:50,EI343,Zurich (ZRH),ZRH,Aer Lingus,A320,EI-DVI,C,FALSE,12:27,408
03-Apr-26,12:50,EI563,Barcelona (BCN),BCN,Aer Lingus,A20N,EI-NSD,C,FALSE,12:58,411
03-Apr-26,12:50,FR287,London (STN),STN,Ryanair,B738,9H-QCA,C,FALSE,12:48,209
03-Apr-26,12:55,EI433,Milan (LIN),LIN,Aer Lingus,A320,EI-DEK,C,FALSE,13:01,411
03-Apr-26,13:00,PC1157,Istanbul (SAW),SAW,Pegasus,A21N,TC-RDB,C,FALSE,12:52,R101
03-Apr-26,13:05,EI353,Munich (MUC),MUC,Aer Lingus,A21N,EI-LRG,C,FALSE,12:54,413
03-Apr-26,13:05,FR6874,Barcelona (BCN),BCN,Ryanair,B38M,EI-HMW,C,FALSE,13:16,208
03-Apr-26,13:05,FR7055,Malaga (AGP),AGP,Ryanair,B38M,9H-VVH,C,FALSE,14:28,209
03-Apr-26,13:10,FR1112,London (LGW),LGW,Ryanair,B738,SP-RSM,C,FALSE,12:39,205
03-Apr-26,13:13,,Glasgow (GLA),GLA,Aer Lingus Regional,AT76,EI-GPO,B,FALSE,12:59,418
03-Apr-26,13:15,EI50,Las Vegas (LAS),LAS,Aer Lingus,A332,EI-DUO,E,TRUE,12:11,407
03-Apr-26,13:15,EI3223,Glasgow (GLA),GLA,Aer Lingus,AT7,,B,FALSE,,410
03-Apr-26,13:15,EI3323,Manchester (MAN),MAN,Aer Lingus Regional,AT76,EI-FAT,B,FALSE,,420
03-Apr-26,13:15,FR7031,Faro (FAO),FAO,Ryanair,B738,EI-EVJ,C,FALSE,13:24,201
03-Apr-26,13:20,FR447,Liverpool (LPL),LPL,Ryanair,B738,9H-QCT,C,FALSE,,203
03-Apr-26,13:20,FR813,Edinburgh (EDI),EDI,Ryanair,B738,EI-DPP,C,FALSE,,208
03-Apr-26,13:25,EI643,Prague (PRG),PRG,Aer Lingus,A320,EI-DEI,C,FALSE,13:09,410
03-Apr-26,13:30,EI159,London (LHR),LHR,Aer Lingus,A20N,EI-NSA,C,FALSE,13:01,406
03-Apr-26,13:30,FR1977,Riga (RIX),RIX,Ryanair,B738,EI-DLV,C,FALSE,13:16,204
03-Apr-26,13:30,FR5569,Rome (FCO),FCO,Ryanair,B738,SP-RSQ,C,FALSE,13:37,207
03-Apr-26,13:35,EI403,Rome (FCO),FCO,Aer Lingus,A320,EI-DVK,C,FALSE,13:39,405
03-Apr-26,13:35,EI3281,Bristol (BRS),BRS,Aer Lingus,AT7,,B,FALSE,,410
03-Apr-26,13:40,EI661,Vienna (VIE),VIE,Aer Lingus,A320,EI-DVE,C,FALSE,13:22,410
03-Apr-26,13:45,D83606,Copenhagen (CPH),CPH,Norwegian,B738,SE-RPI,C,FALSE,13:30,R101
03-Apr-26,13:45,EI3265,Birmingham (BHX),BHX,Aer Lingus Regional,AT76,EI-HPK,B,FALSE,,418
03-Apr-26,13:49,,Bristol (BRS),BRS,Aer Lingus Regional,AT76,EI-GPN,B,FALSE,,418
03-Apr-26,13:55,FR663,Birmingham (BHX),BHX,Ryanair,B738,9H-QCJ,C,FALSE,,206
03-Apr-26,14:00,EI605,Amsterdam (AMS),AMS,Aer Lingus,A21N,EI-XLW,C,FALSE,,412
03-Apr-26,14:00,EW9394,Dusseldorf (DUS),DUS,Eurowings,A321,D-AIDV,C,FALSE,,R101
03-Apr-26,14:00,FR9429,Milan (BGY),BGY,Ryanair,B38M,EI-IKI,C,FALSE,14:07,201
03-Apr-26,14:00,LG4883,Luxembourg (LUX),LUX,Luxair,B737,LX-LBR,C,FALSE,,R101
03-Apr-26,14:00,,Edinburgh (EDI),EDI,NetJets,C68A,CS-LTH,C,FALSE,,R110
03-Apr-26,14:05,EI451,Naples (NAP),NAP,Aer Lingus,A320,EI-EDS,C,FALSE,14:07,412
03-Apr-26,14:05,FR8131,Malaga (AGP),AGP,Ryanair,B738,EI-ENR,C,FALSE,,203
03-Apr-26,14:10,EI423,Venice (VCE),VCE,Aer Lingus,A320,EI-GAL,C,FALSE,13:58,409
03-Apr-26,14:10,EI525,Paris (CDG),CDG,Aer Lingus,A21N,EI-LRE,C,FALSE,,408
03-Apr-26,14:10,FR338,London (LTN),LTN,Ryanair,B738,SP-RKV,C,FALSE,,205
03-Apr-26,14:20,EI3193,Liverpool (LPL),LPL,Aer Lingus,AT7,,B,FALSE,,403
03-Apr-26,14:20,EI3267,Birmingham (BHX),BHX,Aer Lingus,AT7,,B,FALSE,,406
03-Apr-26,14:23,,Liverpool (LPL),LPL,Aer Lingus Regional,AT76,EI-HNA,B,FALSE,,418
03-Apr-26,14:30,EI68,Los Angeles (LAX),LAX,Aer Lingus,A333,EI-GAJ,E,TRUE,13:48,415
03-Apr-26,14:30,BA830,London (LHR),LHR,British Airways,A320,G-EUUE,C,FALSE,,425
03-Apr-26,14:30,FR203,London (STN),STN,Ryanair,B38M,EI-HMX,C,FALSE,,203
03-Apr-26,14:32,,Glasgow (GLA),GLA,Aer Lingus Regional,AT76,EI-GZV,B,FALSE,,418
03-Apr-26,14:35,EI3227,Glasgow (GLA),GLA,Aer Lingus,AT7,,B,FALSE,,411
03-Apr-26,14:39,,Birmingham (BHX),BHX,Aer Lingus Regional,AT76,EI-HDK,B,FALSE,,418
03-Apr-26,14:40,EI3255,Edinburgh (EDI),EDI,Aer Lingus,AT7,,B,FALSE,,404
03-Apr-26,14:40,FR97,Prague (PRG),PRG,Ryanair,B738,SP-RSF,C,FALSE,14:17,208
03-Apr-26,14:40,FR883,Fuerteventura (FUE),FUE,Ryanair,B38M,EI-IHC,C,FALSE,14:39,209
03-Apr-26,14:45,EI493,Faro (FAO),FAO,Aer Lingus,A21N,EI-LRC,C,FALSE,14:32,413
03-Apr-26,14:45,EI581,Malaga (AGP),AGP,Aer Lingus,A333,EI-DUZ,E,FALSE,14:49,406
03-Apr-26,14:45,FR117,London (LGW),LGW,Ryanair,B38M,EI-IHY,C,FALSE,,205
03-Apr-26,14:45,FR3007,Amsterdam (AMS),AMS,Ryanair,B738,9H-QDR,C,FALSE,,204
03-Apr-26,14:45,FR5911,Lanzarote (ACE),ACE,Ryanair,B38M,EI-HEN,C,FALSE,14:52,202
03-Apr-26,14:50,EI163,London (LHR),LHR,Aer Lingus,A20N,EI-NSB,C,FALSE,,414
03-Apr-26,14:50,EI393,Hamburg (HAM),HAM,Aer Lingus,A320,EI-DEM,C,FALSE,,411
03-Apr-26,14:50,EI673,Budapest (BUD),BUD,Aer Lingus,A320,EI-FNJ,C,FALSE,14:20,403
03-Apr-26,14:50,FR157,Leeds (LBA),LBA,Ryanair,B38M,9H-VVL,C,FALSE,,202
03-Apr-26,14:52,,Edinburgh (EDI),EDI,Aer Lingus Regional,AT76,EI-GPP,B,FALSE,,418
03-Apr-26,15:00,FR553,Manchester (MAN),MAN,Ryanair,B738,SP-RNP,C,FALSE,,207
03-Apr-26,15:05,FR25,Paris (BVA),BVA,Ryanair,B38M,EI-IJZ,C,FALSE,,208
03-Apr-26,15:05,FR5556,Tenerife (TFS),TFS,Ryanair,B38M,9H-VUQ,C,FALSE,15:04,209
03-Apr-26,15:10,EI533,Toulouse (TLS),TLS,Aer Lingus,A320,EI-DEJ,C,FALSE,,410
03-Apr-26,15:15,BA4464,London (LCY),LCY,British Airways,E190,G-LCYN,C,FALSE,,425
03-Apr-26,15:20,FR163,Rabat (RBA),RBA,Ryanair,B738,EI-EKS,C,FALSE,15:04,205
03-Apr-26,15:20,FR7033,Faro (FAO),FAO,Ryanair,B738,SP-RKD,C,FALSE,,205
03-Apr-26,15:25,AF1816,Paris (CDG),CDG,Air France,BCS3,F-HPNY,C,FALSE,,115
03-Apr-26,15:25,QR17,Doha (DOH),DOH,Qatar Airways,B789,A7-BHB,E,FALSE,14:37,R101
03-Apr-26,15:30,EI209,Manchester (MAN),MAN,Aer Lingus,A320,EI-DER,C,FALSE,,403
03-Apr-26,15:30,FR5078,Tarbes (LDE),LDE,Ryanair,B738,SP-RKH,C,FALSE,,203
03-Apr-26,15:35,FR507,Bristol (BRS),BRS,Ryanair,B38M,EI-IHM,C,FALSE,,206
03-Apr-26,15:45,EI165,London (LHR),LHR,Aer Lingus,A20N,EI-NSG,C,FALSE,,407
03-Apr-26,15:50,FR4621,Dalaman (DLM),DLM,Ryanair,B38M,EI-HGP,C,FALSE,15:28,205
03-Apr-26,15:55,FR7021,Santorini (JTR),JTR,Ryanair,B38M,EI-ILC,C,FALSE,15:28,204
03-Apr-26,16:00,FR2219,Manchester (MAN),MAN,Ryanair,B738,9H-QAD,C,FALSE,,202
03-Apr-26,16:00,FR5020,Pisa (PSA),PSA,Ryanair,B38M,9H-VUS,C,FALSE,,202
03-Apr-26,16:00,TK1977,Istanbul (IST),IST,Turkish Airlines,A21N,TC-LPD,C,FALSE,15:47,113
03-Apr-26,16:05,BA4466,London (LCY),LCY,British Airways,E190,G-LCYK,C,FALSE,,426
03-Apr-26,16:15,FR665,Birmingham (BHX),BHX,Ryanair,B738,9H-QBS,C,FALSE,,205
03-Apr-26,16:20,FR119,London (LGW),LGW,Ryanair,B38M,EI-HMS,C,FALSE,,202
03-Apr-26,16:20,FR5150,Glasgow (GLA),GLA,Ryanair,B738,EI-DLV,C,FALSE,,208
03-Apr-26,16:25,FR99,Wroclaw (WRO),WRO,Ryanair,B38M,EI-HET,C,FALSE,,205
03-Apr-26,16:30,FR4785,Newquay (NQY),NQY,Ryanair,B738,SP-RSQ,C,FALSE,,208
03-Apr-26,16:35,EI161,London (LHR),LHR,Aer Lingus,A20N,EI-NSH,C,FALSE,,412
03-Apr-26,16:35,FR815,Edinburgh (EDI),EDI,Ryanair,B738,EI-EVJ,C,FALSE,,106
03-Apr-26,16:35,FR1455,Milan (MXP),MXP,Ryanair,B738,EI-EVE,C,FALSE,,203
03-Apr-26,16:40,FR449,Liverpool (LPL),LPL,Ryanair,B738,9H-QDW,C,FALSE,,107
03-Apr-26,16:40,KL1141,Amsterdam (AMS),AMS,KLM,E190,PH-EZF,C,FALSE,,118
03-Apr-26,16:45,EI3257,Edinburgh (EDI),EDI,Aer Lingus,AT7,,B,FALSE,,404
03-Apr-26,16:50,EI777,Lanzarote (ACE),ACE,Aer Lingus (Retro livery),A320,EI-DVM,C,FALSE,,R101
03-Apr-26,16:50,FR830,Venice (VCE),VCE,Ryanair,B738,9H-QDB,C,FALSE,,111
03-Apr-26,16:50,FR3976,Barcelona (BCN),BCN,Ryanair,B738,9H-QCU,C,FALSE,,210
03-Apr-26,16:55,FR8112,Faro (FAO),FAO,Ryanair,B738,9H-QBP,C,FALSE,,204
03-Apr-26,16:55,LH980,Frankfurt (FRA),FRA,Lufthansa (600th Airbus Aircraft Livery),A21N,D-AIEQ,C,FALSE,,R101
03-Apr-26,16:55,VL2518,Munich (MUC),MUC,Lufthansa City,A20N,D-AIJH,C,FALSE,,R101
03-Apr-26,16:57,,Edinburgh (EDI),EDI,Aer Lingus Regional,AT76,EI-HPJ,B,FALSE,,418
03-Apr-26,17:05,EI763,Tenerife (TFS),TFS,Aer Lingus,A320,EI-EDP,C,FALSE,,405
03-Apr-26,17:07,,Glasgow (GLA),GLA,Aer Lingus Regional,AT76,EI-GPO,B,FALSE,,418
03-Apr-26,17:10,EI545,Nice (NCE),NCE,Aer Lingus,A320,EI-DEH,C,FALSE,,403
03-Apr-26,17:10,EI781,Gran Canaria (LPA),LPA,Aer Lingus,A320,EI-GAM,C,FALSE,,415
03-Apr-26,17:10,FR9176,Ibiza (IBZ),IBZ,Ryanair,B38M,EI-IFW,C,FALSE,,201
03-Apr-26,17:15,EI167,London (LHR),LHR,Aer Lingus,A20N,EI-NSD,C,FALSE,,410
03-Apr-26,17:15,EI3225,Glasgow (GLA),GLA,Aer Lingus,AT7,,B,FALSE,,415
03-Apr-26,17:20,EI527,Paris (CDG),CDG,Aer Lingus,A320,EI-DVN,C,FALSE,,406
03-Apr-26,17:20,EI3331,Exeter (EXT),EXT,Aer Lingus,AT7,,B,FALSE,,405
03-Apr-26,17:20,EI3393,Leeds (LBA),LBA,Aer Lingus,AT7,,B,FALSE,,413
03-Apr-26,17:20,FR555,Manchester (MAN),MAN,Ryanair,B738,EI-DPP,C,FALSE,,202
03-Apr-26,17:23,,Exeter (EXT),EXT,Aer Lingus Regional,AT76,EI-FAT,B,FALSE,,418
03-Apr-26,17:32,,Leeds (LBA),LBA,Aer Lingus Regional,AT76,EI-GPN,B,FALSE,,418
03-Apr-26,17:40,EI609,Amsterdam (AMS),AMS,Aer Lingus,A320,EI-DVI,C,FALSE,,407
03-Apr-26,17:40,FR6125,Milan (BGY),BGY,Buzz,B38M,SP-RZE,C,FALSE,,R101
03-Apr-26,17:45,EI405,Rome (FCO),FCO,Aer Lingus,A320,EI-DEL,C,FALSE,,410
03-Apr-26,17:45,FR435,Liverpool (LPL),LPL,Ryanair,B738,SP-RKV,C,FALSE,,203
03-Apr-26,17:50,FR289,London (STN),STN,Ryanair,B738,9H-QDZ,C,FALSE,,208
03-Apr-26,17:50,FR1739,Valencia (VLC),VLC,Ryanair,B738,SP-RKM,C,FALSE,,209
03-Apr-26,17:50,FR7007,Vienna (VIE),VIE,Lauda Europe,A320,9H-LOI,C,FALSE,,207
03-Apr-26,17:50,LX404,Zurich (ZRH),ZRH,Swiss,BCS3,HB-JCD,C,FALSE,,R101
03-Apr-26,17:54,5X227,Louisville (SDF),SDF,UPS,B763,N343UP,D,FALSE,17:17,R101
03-Apr-26,17:55,BA832,London (LHR),LHR,British Airways,A20N,G-TTNZ,C,FALSE,,424
03-Apr-26,17:55,FR537,Nottingham (EMA),EMA,Ryanair,B38M,EI-HGF,C,FALSE,,204
03-Apr-26,18:00,FR7355,Chania (CHQ),CHQ,Ryanair,B738,9H-QAR,C,FALSE,,206
03-Apr-26,18:00,RK851,Edinburgh (EDI),EDI,Ryanair,B738,G-RUKB,C,FALSE,,207
03-Apr-26,18:05,EI553,Lyon (LYS),LYS,Aer Lingus,A320,EI-DVH,C,FALSE,,406
03-Apr-26,18:05,TP1324,Lisbon (LIS),LIS,TAP Express,E190,CS-TPZ,C,FALSE,,113
03-Apr-26,18:05,,Isle of Man (IOM),IOM,Aer Lingus Regional,AT76,EI-GPP,B,FALSE,,418
03-Apr-26,18:07,,Verona (VRN),VRN,Aer Lingus,A320,EI-DEP,C,FALSE,,415
03-Apr-26,18:10,EI3217,Isle of Man (IOM),IOM,Aer Lingus,AT7,,B,FALSE,,410
03-Apr-26,18:15,EI685,Geneva (GVA),GVA,Aer Lingus,A320,EI-DVG,C,FALSE,,416
03-Apr-26,18:20,EI169,London (LHR),LHR,Aer Lingus,A20N,EI-NSA,C,FALSE,,403
03-Apr-26,18:20,FR11,Madrid (MAD),MAD,Ryanair,B738,9H-QCA,C,FALSE,,203
03-Apr-26,18:20,FR363,Funchal (FNC),FNC,Ryanair,7M8,,C,FALSE,,210
03-Apr-26,18:20,SK2537,Copenhagen (CPH),CPH,SAS,A20N,EI-SID,C,FALSE,,R101
03-Apr-26,18:25,FR5126,Hamburg (HAM),HAM,Ryanair,B38M,EI-IJD,C,FALSE,,206
03-Apr-26,18:30,FR339,London (LTN),LTN,Ryanair,B38M,EI-IHC,C,FALSE,,209
03-Apr-26,18:30,BY1557,Tenerife (TFS),TFS,TUI,B738,G-FDZZ,C,FALSE,,R101
03-Apr-26,18:35,EI3327,Manchester (MAN),MAN,Aer Lingus,AT7,,B,FALSE,,411
03-Apr-26,18:40,BA4472,London (LCY),LCY,British Airways,E190,G-LCYV,C,FALSE,,426
03-Apr-26,18:40,EI743,Santiago de Compostela (SCQ),SCQ,Aer Lingus,A320,EI-DEK,C,FALSE,,414
03-Apr-26,18:45,FR7047,Malaga (AGP),AGP,Ryanair,B738,9H-QED,C,FALSE,,207
03-Apr-26,18:48,,Manchester (MAN),MAN,Aer Lingus Regional,AT76,EI-GZV,B,FALSE,,418
03-Apr-26,18:50,FR1861,Paris (BVA),BVA,Ryanair,B38M,EI-IKW,C,FALSE,,204
03-Apr-26,18:55,EI3305,Southampton (SOU),SOU,Aer Lingus,AT7,,B,FALSE,,406
03-Apr-26,18:55,FR5307,Kerry (KIR),KIR,Ryanair,B38M,EI-HGP,C,FALSE,,202
03-Apr-26,18:55,FR9457,Bologna (BLQ),BLQ,Ryanair,B738,EI-DHN,C,FALSE,,210
03-Apr-26,19:04,,Southampton (SOU),SOU,Aer Lingus Regional,AT76,EI-HDK,B,FALSE,,418
03-Apr-26,19:05,EW2774,Stuttgart (STR),STR,Volaris,A320,9H-SWI,C,FALSE,,R101
03-Apr-26,19:05,FR121,London (LGW),LGW,Ryanair,B38M,9H-VUQ,C,FALSE,,208
03-Apr-26,19:05,SK2565,Stockholm (ARN),ARN,SAS,A20N,SE-ROI,C,FALSE,,R101
03-Apr-26,19:10,FR3101,Amsterdam (AMS),AMS,Ryanair,B738,EI-ENR,C,FALSE,,207
03-Apr-26,19:15,EI749,Bilbao (BIO),BIO,Aer Lingus,A320,EI-DEI,C,FALSE,,411
03-Apr-26,19:15,,Malaga (AGP),AGP,Luminair,C56X,D-CRIE,C,FALSE,,R101
03-Apr-26,19:20,BA834,London (LHR),LHR,British Airways,A21N,G-NEOR,C,FALSE,,426
03-Apr-26,19:20,FR205,London (STN),STN,Ryanair,B738,9H-QBS,C,FALSE,,206
03-Apr-26,19:20,FR1715,Corfu (CFU),CFU,Ryanair,B738,EI-DPN,C,FALSE,,210
03-Apr-26,19:20,FR5419,Berlin (BER),BER,Ryanair,B738,EI-ENH,C,FALSE,,207
03-Apr-26,19:25,FR667,Birmingham (BHX),BHX,Ryanair,B738,SP-RKD,C,FALSE,,201
03-Apr-26,19:30,BA4468,London (LCY),LCY,British Airways,E190,G-LCAB,C,FALSE,,423
03-Apr-26,19:30,FR1975,Poznan (POZ),POZ,Ryanair,B738,SP-RKQ,C,FALSE,,203
03-Apr-26,19:30,FR9588,Cluj-Napoca (CLJ),CLJ,Ryanair,B738,SP-RND,C,FALSE,,210
03-Apr-26,19:35,EI173,London (LHR),LHR,Aer Lingus,A20N,EI-NSB,C,FALSE,,416
03-Apr-26,19:45,FR21,Newcastle (NCL),NCL,Ryanair,B38M,EI-HAW,C,FALSE,,203
03-Apr-26,19:45,FR4544,Warsaw (WMI),WMI,Ryanair,B738,SP-RSP,C,FALSE,,208
03-Apr-26,20:05,FR7413,Palma de Mallorca (PMI),PMI,Ryanair,B738,EI-DHE,C,FALSE,,205
03-Apr-26,20:10,EK163,Dubai (DXB),DXB,Emirates,B77W,A6-EQN,C,FALSE,20:58,R101
03-Apr-26,20:10,FR7157,Madrid (MAD),MAD,Ryanair,B738,9H-QAS,C,FALSE,,210
03-Apr-26,20:15,EI3931,Newquay (NQY),NQY,Aer Lingus,AT7,,B,FALSE,,404
03-Apr-26,20:18,,Newquay (NQY),NQY,Aer Lingus Regional,AT76,EI-HPJ,B,FALSE,,418
03-Apr-26,20:20,FR1457,Brussels (BRU),BRU,Ryanair,B738,9H-QDR,C,FALSE,,208
03-Apr-26,20:20,FR1443,Liverpool (LPL),LPL,Ryanair,B38M,EI-IFT,C,FALSE,,209
03-Apr-26,20:23,VJT480,London (LTN),LTN,VistaJet,CL35,9H-VCG,C,FALSE,,R101
03-Apr-26,20:30,FR1917,Manchester (MAN),MAN,Ryanair,B738,9H-QBZ,C,FALSE,,201
03-Apr-26,20:30,FR5404,Murcia (RMU),RMU,Ryanair,B38M,EI-HMW,C,FALSE,,210
03-Apr-26,20:40,FR7035,Faro (FAO),FAO,Ryanair,B738,SP-RSM,C,FALSE,,209
03-Apr-26,20:45,FR9329,Leeds (LBA),LBA,Ryanair,B738,EI-ESS,C,FALSE,,202
03-Apr-26,20:55,EI177,London (LHR),LHR,Aer Lingus,A20N,EI-NSH,C,FALSE,,405
03-Apr-26,20:55,EI3557,Edinburgh (EDI),EDI,Aer Lingus,AT7,,B,FALSE,,405
03-Apr-26,20:55,FR1987,Nantes (NTE),NTE,Ryanair,B738,EI-DLV,C,FALSE,,205
03-Apr-26,20:55,FR7063,Alicante (ALC),ALC,Ryanair,B38M,EI-IGJ,C,FALSE,,201
03-Apr-26,21:00,BA4470,London (LCY),LCY,British Airways,E190,G-LCYL,C,FALSE,,424
03-Apr-26,21:06,,Edinburgh (EDI),EDI,Aer Lingus Regional,AT76,EI-GPO,B,FALSE,,418
03-Apr-26,21:10,FR557,Manchester (MAN),MAN,Ryanair,B738,EI-EBF,C,FALSE,,209
03-Apr-26,21:15,EI585,Malaga (AGP),AGP,Aer Lingus,A320,EI-DVK,C,FALSE,,410
03-Apr-26,21:20,FR291,London (STN),STN,Ryanair,B738,EI-EVN,C,FALSE,,103
03-Apr-26,21:20,FR6394,Barcelona (BCN),BCN,Ryanair,B738,9H-QBY,C,FALSE,,207
03-Apr-26,21:23,,Donegal (CFN),CFN,Aer Lingus Regional,AT76,EI-GPP,B,FALSE,,418
03-Apr-26,21:25,FR509,Bristol (BRS),BRS,Ryanair,B38M,EI-HGG,C,FALSE,,211
03-Apr-26,21:25,VY8722,Barcelona (BCN),BCN,Vueling,A320,EC-MKO,C,FALSE,,110
03-Apr-26,21:30,EI179,London (LHR),LHR,Aer Lingus,A20N,EI-NSD,C,FALSE,,406
03-Apr-26,21:30,EI277,Birmingham (BHX),BHX,Aer Lingus,A320,EI-DVH,C,FALSE,,406
03-Apr-26,21:30,EI3409,Donegal (CFN),CFN,Aer Lingus,AT7,,B,FALSE,,417
03-Apr-26,21:35,EI3309,Southampton (SOU),SOU,Aer Lingus,AT7,,B,FALSE,,418
03-Apr-26,21:42,,Southampton (SOU),SOU,Aer Lingus Regional,AT76,EI-GPN,B,FALSE,,418
03-Apr-26,21:45,EI657,Frankfurt (FRA),FRA,Aer Lingus,A320,EI-DER,C,FALSE,,414
03-Apr-26,21:45,EI3259,Edinburgh (EDI),EDI,Aer Lingus,AT7,,B,FALSE,,419
03-Apr-26,21:45,EI3289,Bristol (BRS),BRS,Aer Lingus,AT7,,B,FALSE,,420
03-Apr-26,21:45,FR341,London (LTN),LTN,Ryanair,B38M,EI-IKS,C,FALSE,,203
03-Apr-26,21:47,,Bristol (BRS),BRS,Aer Lingus Regional,AT76,EI-HPK,B,FALSE,,418
03-Apr-26,21:50,FR3103,Amsterdam (AMS),AMS,Ryanair,B738,9H-QAD,C,FALSE,,208
03-Apr-26,21:55,,Edinburgh (EDI),EDI,Aer Lingus Regional,AT76,EI-FAT,B,FALSE,,418
03-Apr-26,22:00,EI699,Dusseldorf (DUS),DUS,Aer Lingus (Retro livery),A320,EI-DVM,C,FALSE,,409
03-Apr-26,22:05,EI357,Munich (MUC),MUC,Aer Lingus,A20N,EI-NSG,C,FALSE,,411
03-Apr-26,22:05,EI639,Brussels (BRU),BRU,Aer Lingus,A320,EI-GAM,C,FALSE,,407
03-Apr-26,22:05,EI757,Seville (SVQ),SVQ,Aer Lingus,A320,EI-EDS,C,FALSE,,416
03-Apr-26,22:05,EI3329,Manchester (MAN),MAN,Aer Lingus,AT7,,B,FALSE,,422
03-Apr-26,22:10,EI3197,Liverpool (LPL),LPL,Aer Lingus,AT7,,B,FALSE,,414
03-Apr-26,22:15,LH982,Frankfurt (FRA),FRA,Lufthansa,A321,D-AISR,C,FALSE,,117
03-Apr-26,22:15,,Manchester (MAN),MAN,Aer Lingus Regional,AT76,EI-GZV,B,FALSE,,418
03-Apr-26,22:16,,Liverpool (LPL),LPL,Aer Lingus Regional,AT76,EI-HDK,B,FALSE,,418
03-Apr-26,22:20,5F5711,Chisinau (RMO),RMO,FlyOne,A321,YR-FIB,C,FALSE,,R101
03-Apr-26,22:20,FR6526,Olbia (OLB),OLB,Ryanair,B738,9H-QCJ,C,FALSE,,204
03-Apr-26,22:25,EI611,Amsterdam (AMS),AMS,Aer Lingus,A320,EI-DEL,C,FALSE,,403
03-Apr-26,22:25,FR5562,Glasgow (GLA),GLA,Ryanair,B738,EI-DPN,C,FALSE,,204
03-Apr-26,22:25,KL1145,Amsterdam (AMS),AMS,KLM,B738,PH-BXD,C,FALSE,,119
03-Apr-26,22:30,EI183,London (LHR),LHR,Aer Lingus,A20N,EI-NSA,C,FALSE,,415
03-Apr-26,22:30,FR1983,Biarritz (BIQ),BIQ,Ryanair,B738,EI-DPP,C,FALSE,,208
03-Apr-26,22:30,H4473,Chisinau (RMO),RMO,HiSky,A320,YR-SKY,C,FALSE,,R112
03-Apr-26,22:35,FR669,Birmingham (BHX),BHX,Ryanair,B738,SP-RKQ,C,FALSE,,209
03-Apr-26,22:35,FR9612,Rome (FCO),FCO,Ryanair,B38M,EI-HMX,C,FALSE,,110
03-Apr-26,22:37,,Glasgow (GLA),GLA,Aer Lingus Regional,AT76,EI-HNA,B,FALSE,,418
03-Apr-26,22:40,AF1016,Paris (CDG),CDG,Air France,223,,C,FALSE,,114
03-Apr-26,22:40,EI529,Paris (CDG),CDG,Aer Lingus,A320,EI-DVI,C,FALSE,,405
03-Apr-26,22:40,EI3229,Glasgow (GLA),GLA,Aer Lingus,AT7,,B,FALSE,,411
03-Apr-26,22:48,,Cork (ORK),ORK,Aer Lingus,A320,EI-DVL,C,FALSE,,415
03-Apr-26,22:50,EI349,Zurich (ZRH),ZRH,Aer Lingus,A320,EI-EDP,C,FALSE,,412
03-Apr-26,22:50,FR123,London (LGW),LGW,Ryanair,B738,9H-QED,C,FALSE,,102
03-Apr-26,22:55,FR3955,Nice (NCE),NCE,Ryanair,B738,EI-EVJ,C,FALSE,,201
03-Apr-26,22:55,FR7763,Alicante (ALC),ALC,Ryanair,B38M,EI-HAX,C,FALSE,,208
03-Apr-26,23:00,FR817,Edinburgh (EDI),EDI,Ryanair,73H,,C,FALSE,,210
03-Apr-26,23:05,A3630,Athens (ATH),ATH,Aegean Airlines,A320,SX-DGE,C,FALSE,,R101
03-Apr-26,23:05,EI497,Faro (FAO),FAO,Aer Lingus,A320,EI-DEJ,C,FALSE,,408
03-Apr-26,23:05,H4257,Bucharest (OTP),OTP,HiSky,A320,YR-BEE,C,FALSE,,R112
03-Apr-26,23:10,EI337,Berlin (BER),BER,Aer Lingus,A320,EI-DEH,C,FALSE,,410
03-Apr-26,23:10,EI587,Malaga (AGP),AGP,Aer Lingus,A320,EI-FNJ,C,FALSE,,413
03-Apr-26,23:20,FR210,London (STN),STN,Ryanair,B738,9H-QBS,C,FALSE,,109
03-Apr-26,23:25,FR127,London (LGW),LGW,Ryanair,B38M,9H-VUQ,C,FALSE,,205
03-Apr-26,23:25,FR2702,Seville (SVQ),SVQ,Ryanair,B38M,9H-VUS,C,FALSE,,203
03-Apr-26,23:35,FR5694,Tallinn (TLL),TLL,Ryanair,B738,SP-RKH,C,FALSE,,205
03-Apr-26,23:40,FR7379,Marrakesh (RAK),RAK,Ryanair,B738,SP-RNP,C,FALSE,,203
03-Apr-26,23:45,FR635,Cardiff (CWL),CWL,Ryanair,B738,EI-DLV,C,FALSE,,205
03-Apr-26,23:50,EI437,Milan (MXP),MXP,Aer Lingus,A320,EI-DVN,C,FALSE,,404
03-Apr-26,23:50,FR4500,Cologne (CGN),CGN,Ryanair,73H,,C,FALSE,,201
03-Apr-26,23:50,FR8563,Malaga (AGP),AGP,Ryanair,B38M,EI-ILC,C,FALSE,,210
03-Apr-26,23:59,FR559,Manchester (MAN),MAN,Ryanair,B38M,EI-IJJ,C,FALSE,,104
04-Apr-26,00:05,LH8321,Birmingham (BHX),BHX,Lufthansa Cargo,A321,D-AEUI,C,FALSE,,R101
04-Apr-26,00:05,TP1326,Lisbon (LIS),LIS,TAP Express,E195,CS-TTX,C,FALSE,,112
04-Apr-26,00:10,FR256,London (STN),STN,Ryanair,B38M,EI-HES,C,FALSE,,114
04-Apr-26,00:10,FR5195,Bucharest (OTP),OTP,Ryanair,B38M,EI-IHY,C,FALSE,,210
04-Apr-26,00:10,FR7073,Porto (OPO),OPO,Ryanair,B38M,EI-IJD,C,FALSE,,203
04-Apr-26,00:15,FR672,Birmingham (BHX),BHX,Ryanair,B738,9H-QAS,C,FALSE,,202
04-Apr-26,00:20,EI779,Lanzarote (ACE),ACE,Aer Lingus,A320,EI-GAL,C,FALSE,,402
04-Apr-26,00:25,FR1115,Reus (REU),REU,Ryanair,B38M,EI-IHC,C,FALSE,,204
04-Apr-26,00:25,FR1381,Split (SPU),SPU,Ryanair,B38M,EI-HMS,C,FALSE,,201
04-Apr-26,00:25,FR2024,Krakow (KRK),KRK,Ryanair,B738,SP-RKV,C,FALSE,,207
04-Apr-26,00:25,FR6131,Naples (NAP),NAP,Ryanair,B738,9H-QBS,C,FALSE,,113
04-Apr-26,00:30,FR7125,Lanzarote (ACE),ACE,Ryanair,B38M,EI-HEN,C,FALSE,,201
04-Apr-26,00:35,FR863,Rzeszow (RZE),RZE,Ryanair,B38M,EI-IFW,C,FALSE,,202
04-Apr-26,00:45,EI765,Tenerife (TFS),TFS,Aer Lingus,A320,EI-DVE,C,FALSE,,403
04-Apr-26,00:45,FR7236,Malta (MLA),MLA,Ryanair,B38M,9H-VVM,C,FALSE,,208
04-Apr-26,00:55,EI565,Barcelona (BCN),BCN,Aer Lingus,A320,EI-DVG,C,FALSE,,415
04-Apr-26,00:55,FR7133,Faro (FAO),FAO,Ryanair,B738,SP-RSQ,C,FALSE,,208
04-Apr-26,00:59,EI487,Lisbon (LIS),LIS,Aer Lingus,A320,EI-DEP,C,FALSE,,413
04-Apr-26,01:01,FR819,Edinburgh (EDI),EDI,Ryanair,B738,9H-QAD,C,FALSE,,207
04-Apr-26,01:15,FR4223,Bratislava (BTS),BTS,Ryanair,B738,SP-RKM,C,FALSE,,204
04-Apr-26,01:15,FR4267,Verona (VRN),VRN,Ryanair,B38M,EI-HGP,C,FALSE,,206
04-Apr-26,01:15,FR7137,Lisbon (LIS),LIS,Ryanair,B38M,EI-HET,C,FALSE,,105
04-Apr-26,04:30,EI104,New York (JFK),JFK,Aer Lingus,A333,,E,TRUE,,405
04-Apr-26,05:10,EI122,Chicago (ORD),ORD,Aer Lingus,A333,,E,TRUE,,406
04-Apr-26,05:10,EI126,Toronto (YYZ),YYZ,Aer Lingus,A333,,E,TRUE,,407
04-Apr-26,05:15,EI100,New York (EWR),EWR,Aer Lingus,A21N,,C,TRUE,,408
04-Apr-26,05:15,EI116,Washington (IAD),IAD,Aer Lingus,A21N,,C,TRUE,,409
04-Apr-26,05:15,EI130,Windsor Locks (BDL),BDL,Aer Lingus,A21N,,C,TRUE,,410
04-Apr-26,06:25,FR23,Paris (BVA),BVA,Ryanair,73H,,C,FALSE,,203
04-Apr-26,06:30,AA722,Philadelphia (PHL),PHL,American Airlines,B788,N810AN,E,TRUE,,416
04-Apr-26,07:00,HU751,Beijing (PEK),PEK,Hainan Airlines,333,,C,FALSE,,R101
04-Apr-26,07:20,UA310,Washington (IAD),IAD,United Airlines,B752,N19117,D,TRUE,,419
04-Apr-26,07:30,FR3976,Barcelona (BCN),BCN,Ryanair,73H,,C,FALSE,,210
04-Apr-26,07:30,UA23,New York (EWR),EWR,United Airlines,B772,N787UA,E,TRUE,,419
04-Apr-26,07:35,FR5204,Sofia (SOF),SOF,Ryanair,73H,,C,FALSE,,201
04-Apr-26,07:35,TO7900,Paris (ORY),ORY,Transavia France,32N,,C,FALSE,,R101
04-Apr-26,07:40,BA824,London (LHR),LHR,British Airways,A20N,G-TTNU,C,FALSE,,424
04-Apr-26,07:45,FR4227,Bratislava (BTS),BTS,Ryanair,73H,,C,FALSE,,208
04-Apr-26,07:45,QR19,Doha (DOH),DOH,Qatar Airways,789,,C,FALSE,,R101
04-Apr-26,07:50,FR1557,Manchester (MAN),MAN,Ryanair,73H,,C,FALSE,,202
04-Apr-26,07:55,DL258,Minneapolis (MSP),MSP,Delta Air Lines,A333,N826NW,E,TRUE,,406
04-Apr-26,07:55,FR271,London (STN),STN,Ryanair,73H,,C,FALSE,,205
04-Apr-26,07:55,LX402,Zurich (ZRH),ZRH,Swiss,223,,C,FALSE,,R101
04-Apr-26,08:00,FR262,Alicante (ALC),ALC,Ryanair,73H,,C,FALSE,,210
04-Apr-26,08:05,LH976,Frankfurt (FRA),FRA,Lufthansa,A320,D-AIUJ,C,FALSE,,116
04-Apr-26,08:15,EI88,Minneapolis (MSP),MSP,Aer Lingus,A21N,,C,TRUE,,402
